league,season,team,players_used,90s,Gls,Sh,SoT,SoT%,Sh/90,SoT/90,G/Sh,G/SoT,PK,PKatt,url
ENG-Premier League,1415,Arsenal,29,38,69,,226,,,5.95,,0.31,6,7,/en/squads/18bb7c10/2014-2015/Arsenal-Stats
ENG-Premier League,1415,Aston Villa,27,38,31,,127,,,3.34,,0.24,1,1,/en/squads/8602292d/2014-2015/Aston-Villa-Stats
ENG-Premier League,1415,Burnley,24,38,27,,124,,,3.26,,0.22,1,2,/en/squads/943e8050/2014-2015/Burnley-Stats
ENG-Premier League,1415,Chelsea,25,38,72,,209,,,5.5,,0.34,4,5,/en/squads/cff3d9bb/2014-2015/Chelsea-Stats
ENG-Premier League,1415,Crystal Palace,30,38,46,,139,,,3.66,,0.33,5,7,/en/squads/47c64c55/2014-2015/Crystal-Palace-Stats
ENG-Premier League,1415,Everton,28,38,47,,167,,,4.39,,0.28,4,7,/en/squads/d3fd31cc/2014-2015/Everton-Stats
ENG-Premier League,1415,Hull City,29,38,32,,131,,,3.45,,0.24,1,1,/en/squads/bd8769d1/2014-2015/Hull-City-Stats
ENG-Premier League,1415,Leicester City,28,38,45,,137,,,3.61,,0.33,3,3,/en/squads/a2d435b3/2014-2015/Leicester-City-Stats
ENG-Premier League,1415,Liverpool,25,38,48,,193,,,5.08,,0.25,5,6,/en/squads/822bd0ba/2014-2015/Liverpool-Stats
ENG-Premier League,1415,Manchester City,24,38,82,,228,,,6.0,,0.36,7,8,/en/squads/b8fd03ef/2014-2015/Manchester-City-Stats
ENG-Premier League,1415,Manchester Utd,33,38,60,,177,,,4.66,,0.34,3,5,/en/squads/19538871/2014-2015/Manchester-United-Stats
ENG-Premier League,1415,Newcastle,27,38,40,,140,,,3.68,,0.29,1,1,/en/squads/b2b47a98/2014-2015/Newcastle-United-Stats
ENG-Premier League,1415,QPR,32,38,39,,149,,,3.92,,0.26,3,5,/en/squads/a757999c/2014-2015/Queens-Park-Rangers-Stats
ENG-Premier League,1415,Southampton,29,38,49,,167,,,4.39,,0.29,2,3,/en/squads/33c895d4/2014-2015/Southampton-Stats
ENG-Premier League,1415,Stoke City,25,38,47,,136,,,3.58,,0.35,3,3,/en/squads/17892952/2014-2015/Stoke-City-Stats
ENG-Premier League,1415,Sunderland,25,38,30,,129,,,3.39,,0.23,4,4,/en/squads/8ef52968/2014-2015/Sunderland-Stats
ENG-Premier League,1415,Swansea City,28,38,43,,146,,,3.84,,0.29,2,2,/en/squads/fb10988f/2014-2015/Swansea-City-Stats
ENG-Premier League,1415,Tottenham,27,38,56,,171,,,4.5,,0.33,3,5,/en/squads/361ca564/2014-2015/Tottenham-Hotspur-Stats
ENG-Premier League,1415,West Brom,26,38,37,,132,,,3.47,,0.28,4,5,/en/squads/60c6b05f/2014-2015/West-Bromwich-Albion-Stats
ENG-Premier League,1415,West Ham,28,38,43,,153,,,4.03,,0.28,1,2,/en/squads/7c21e445/2014-2015/West-Ham-United-Stats
ENG-Premier League,1516,Arsenal,25,38,62,,210,,,5.53,,0.3,1,2,/en/squads/18bb7c10/2015-2016/Arsenal-Stats
ENG-Premier League,1516,Aston Villa,29,38,24,,110,,,2.89,,0.22,2,2,/en/squads/8602292d/2015-2016/Aston-Villa-Stats
ENG-Premier League,1516,Bournemouth,28,38,43,,143,,,3.76,,0.3,3,4,/en/squads/4ba7cbea/2015-2016/Bournemouth-Stats
ENG-Premier League,1516,Chelsea,28,38,55,,172,,,4.53,,0.32,4,5,/en/squads/cff3d9bb/2015-2016/Chelsea-Stats
ENG-Premier League,1516,Crystal Palace,30,38,38,,153,,,4.03,,0.25,4,5,/en/squads/47c64c55/2015-2016/Crystal-Palace-Stats
ENG-Premier League,1516,Everton,31,38,56,,174,,,4.58,,0.32,4,5,/en/squads/d3fd31cc/2015-2016/Everton-Stats
ENG-Premier League,1516,Leicester City,23,38,68,,179,,,4.71,,0.38,10,13,/en/squads/a2d435b3/2015-2016/Leicester-City-Stats
ENG-Premier League,1516,Liverpool,34,38,62,,199,,,5.24,,0.31,2,2,/en/squads/822bd0ba/2015-2016/Liverpool-Stats
ENG-Premier League,1516,Manchester City,25,38,71,,210,,,5.53,,0.34,5,8,/en/squads/b8fd03ef/2015-2016/Manchester-City-Stats
ENG-Premier League,1516,Manchester Utd,33,38,46,,144,,,3.79,,0.32,3,3,/en/squads/19538871/2015-2016/Manchester-United-Stats
ENG-Premier League,1516,Newcastle,31,38,43,,150,,,3.95,,0.29,3,3,/en/squads/b2b47a98/2015-2016/Newcastle-United-Stats
ENG-Premier League,1516,Norwich City,28,38,38,,130,,,3.42,,0.29,1,1,/en/squads/1c781004/2015-2016/Norwich-City-Stats
ENG-Premier League,1516,Southampton,26,38,58,,165,,,4.34,,0.35,3,4,/en/squads/33c895d4/2015-2016/Southampton-Stats
ENG-Premier League,1516,Stoke City,27,38,40,,127,,,3.34,,0.31,5,5,/en/squads/17892952/2015-2016/Stoke-City-Stats
ENG-Premier League,1516,Sunderland,31,38,44,,173,,,4.55,,0.25,3,3,/en/squads/8ef52968/2015-2016/Sunderland-Stats
ENG-Premier League,1516,Swansea City,27,38,41,,135,,,3.55,,0.3,5,5,/en/squads/fb10988f/2015-2016/Swansea-City-Stats
ENG-Premier League,1516,Tottenham,24,38,68,,250,,,6.58,,0.27,5,5,/en/squads/361ca564/2015-2016/Tottenham-Hotspur-Stats
ENG-Premier League,1516,Watford,25,38,38,,139,,,3.66,,0.27,6,7,/en/squads/2abfe087/2015-2016/Watford-Stats
ENG-Premier League,1516,West Brom,28,38,32,,108,,,2.84,,0.3,1,5,/en/squads/60c6b05f/2015-2016/West-Bromwich-Albion-Stats
ENG-Premier League,1516,West Ham,28,38,64,,186,,,4.89,,0.34,4,4,/en/squads/7c21e445/2015-2016/West-Ham-United-Stats
ENG-Premier League,1617,Arsenal,29,38,73,568,201,35.4,14.95,5.29,0.13,0.36,4,6,/en/squads/18bb7c10/2016-2017/Arsenal-Stats
ENG-Premier League,1617,Bournemouth,27,38,53,452,160,35.4,11.89,4.21,0.12,0.33,7,10,/en/squads/4ba7cbea/2016-2017/Bournemouth-Stats
ENG-Premier League,1617,Burnley,27,38,39,388,121,31.2,10.21,3.18,0.1,0.32,6,6,/en/squads/943e8050/2016-2017/Burnley-Stats
ENG-Premier League,1617,Chelsea,24,38,83,582,205,35.2,15.32,5.39,0.14,0.4,2,4,/en/squads/cff3d9bb/2016-2017/Chelsea-Stats
ENG-Premier League,1617,Crystal Palace,31,38,48,441,137,31.1,11.61,3.61,0.11,0.35,4,7,/en/squads/47c64c55/2016-2017/Crystal-Palace-Stats
ENG-Premier League,1617,Everton,27,38,58,500,192,38.4,13.16,5.05,0.12,0.3,3,4,/en/squads/d3fd31cc/2016-2017/Everton-Stats
ENG-Premier League,1617,Hull City,28,38,36,396,126,31.8,10.42,3.32,0.09,0.29,3,3,/en/squads/bd8769d1/2016-2017/Hull-City-Stats
ENG-Premier League,1617,Leicester City,25,38,46,435,145,33.3,11.45,3.82,0.11,0.32,4,6,/en/squads/a2d435b3/2016-2017/Leicester-City-Stats
ENG-Premier League,1617,Liverpool,23,38,77,639,236,36.9,16.82,6.21,0.12,0.33,7,8,/en/squads/822bd0ba/2016-2017/Liverpool-Stats
ENG-Premier League,1617,Manchester City,25,38,75,633,215,34.0,16.66,5.66,0.12,0.35,7,9,/en/squads/b8fd03ef/2016-2017/Manchester-City-Stats
ENG-Premier League,1617,Manchester Utd,31,38,54,589,207,35.1,15.5,5.45,0.09,0.26,3,4,/en/squads/19538871/2016-2017/Manchester-United-Stats
ENG-Premier League,1617,Middlesbrough,27,38,26,349,98,28.1,9.18,2.58,0.07,0.27,2,2,/en/squads/7f59c601/2016-2017/Middlesbrough-Stats
ENG-Premier League,1617,Southampton,26,38,39,549,179,32.6,14.45,4.71,0.07,0.22,3,6,/en/squads/33c895d4/2016-2017/Southampton-Stats
ENG-Premier League,1617,Stoke City,26,38,37,426,135,31.7,11.21,3.55,0.09,0.27,4,6,/en/squads/17892952/2016-2017/Stoke-City-Stats
ENG-Premier League,1617,Sunderland,31,38,28,388,122,31.4,10.21,3.21,0.07,0.23,5,5,/en/squads/8ef52968/2016-2017/Sunderland-Stats
ENG-Premier League,1617,Swansea City,27,38,45,403,145,36.0,10.61,3.82,0.11,0.31,3,3,/en/squads/fb10988f/2016-2017/Swansea-City-Stats
ENG-Premier League,1617,Tottenham,24,38,84,670,257,38.4,17.63,6.76,0.13,0.33,7,9,/en/squads/361ca564/2016-2017/Tottenham-Hotspur-Stats
ENG-Premier League,1617,Watford,33,38,39,424,143,33.7,11.16,3.76,0.09,0.27,3,3,/en/squads/2abfe087/2016-2017/Watford-Stats
ENG-Premier League,1617,West Brom,23,38,43,399,124,31.1,10.5,3.26,0.11,0.35,1,1,/en/squads/60c6b05f/2016-2017/West-Bromwich-Albion-Stats
ENG-Premier League,1617,West Ham,29,38,46,498,136,27.3,13.11,3.58,0.09,0.34,3,4,/en/squads/7c21e445/2016-2017/West-Ham-United-Stats
ENG-Premier League,1718,Arsenal,30,38,73,589,223,37.9,15.5,5.87,0.12,0.33,4,5,/en/squads/18bb7c10/2017-2018/Arsenal-Stats
ENG-Premier League,1718,Bournemouth,22,38,45,462,153,33.1,12.16,4.03,0.1,0.29,3,3,/en/squads/4ba7cbea/2017-2018/Bournemouth-Stats
ENG-Premier League,1718,Brighton,24,38,33,377,110,29.2,9.92,2.89,0.09,0.3,5,7,/en/squads/d07537b9/2017-2018/Brighton-and-Hove-Albion-Stats
ENG-Premier League,1718,Burnley,24,38,35,378,126,33.3,9.95,3.32,0.09,0.28,0,0,/en/squads/943e8050/2017-2018/Burnley-Stats
ENG-Premier League,1718,Chelsea,26,38,60,603,210,34.8,15.87,5.53,0.1,0.29,3,3,/en/squads/cff3d9bb/2017-2018/Chelsea-Stats
ENG-Premier League,1718,Crystal Palace,28,38,44,466,134,28.8,12.26,3.53,0.09,0.33,8,10,/en/squads/47c64c55/2017-2018/Crystal-Palace-Stats
ENG-Premier League,1718,Everton,30,38,42,351,110,31.3,9.24,2.89,0.12,0.38,5,8,/en/squads/d3fd31cc/2017-2018/Everton-Stats
ENG-Premier League,1718,Huddersfield,25,38,25,360,106,29.4,9.47,2.79,0.07,0.24,2,2,/en/squads/f5922ca5/2017-2018/Huddersfield-Town-Stats
ENG-Premier League,1718,Leicester City,27,38,53,417,137,32.9,10.97,3.61,0.13,0.39,5,6,/en/squads/a2d435b3/2017-2018/Leicester-City-Stats
ENG-Premier League,1718,Liverpool,27,38,82,635,226,35.6,16.71,5.95,0.13,0.36,2,3,/en/squads/822bd0ba/2017-2018/Liverpool-Stats
ENG-Premier League,1718,Manchester City,25,38,103,656,254,38.7,17.26,6.68,0.16,0.41,6,8,/en/squads/b8fd03ef/2017-2018/Manchester-City-Stats
ENG-Premier League,1718,Manchester Utd,27,38,67,509,170,33.4,13.39,4.47,0.13,0.39,1,3,/en/squads/19538871/2017-2018/Manchester-United-Stats
ENG-Premier League,1718,Newcastle,27,38,38,450,146,32.4,11.84,3.84,0.08,0.26,0,1,/en/squads/b2b47a98/2017-2018/Newcastle-United-Stats
ENG-Premier League,1718,Southampton,26,38,36,447,136,30.4,11.76,3.58,0.08,0.26,3,3,/en/squads/33c895d4/2017-2018/Southampton-Stats
ENG-Premier League,1718,Stoke City,30,38,34,380,122,32.1,10.0,3.21,0.09,0.28,0,3,/en/squads/17892952/2017-2018/Stoke-City-Stats
ENG-Premier League,1718,Swansea City,26,38,27,338,95,28.1,8.89,2.5,0.08,0.28,1,1,/en/squads/fb10988f/2017-2018/Swansea-City-Stats
ENG-Premier League,1718,Tottenham,25,38,70,620,209,33.7,16.32,5.5,0.11,0.33,2,3,/en/squads/361ca564/2017-2018/Tottenham-Hotspur-Stats
ENG-Premier League,1718,Watford,29,38,42,434,126,29.0,11.42,3.32,0.1,0.33,3,6,/en/squads/2abfe087/2017-2018/Watford-Stats
ENG-Premier League,1718,West Brom,24,38,31,377,111,29.4,9.92,2.92,0.08,0.28,1,1,/en/squads/60c6b05f/2017-2018/West-Bromwich-Albion-Stats
ENG-Premier League,1718,West Ham,27,38,48,368,127,34.5,9.68,3.34,0.13,0.38,2,4,/en/squads/7c21e445/2017-2018/West-Ham-United-Stats
ENG-Premier League,1819,Arsenal,28,38,69,462,159,34.4,12.16,4.18,0.15,0.43,4,5,/en/squads/18bb7c10/2018-2019/Arsenal-Stats
ENG-Premier League,1819,Bournemouth,28,38,55,437,153,35.0,11.5,4.03,0.13,0.36,7,9,/en/squads/4ba7cbea/2018-2019/Bournemouth-Stats
ENG-Premier League,1819,Brighton,21,38,35,364,99,27.2,9.58,2.61,0.1,0.35,5,6,/en/squads/d07537b9/2018-2019/Brighton-and-Hove-Albion-Stats
ENG-Premier League,1819,Burnley,23,38,43,358,112,31.3,9.42,2.95,0.12,0.38,2,2,/en/squads/943e8050/2018-2019/Burnley-Stats
ENG-Premier League,1819,Cardiff City,25,38,33,413,113,27.4,10.87,2.97,0.08,0.29,3,4,/en/squads/75fae011/2018-2019/Cardiff-City-Stats
ENG-Premier League,1819,Chelsea,24,38,61,602,192,31.9,15.84,5.05,0.1,0.32,5,5,/en/squads/cff3d9bb/2018-2019/Chelsea-Stats
ENG-Premier League,1819,Crystal Palace,26,38,48,482,135,28.0,12.68,3.55,0.1,0.36,10,11,/en/squads/47c64c55/2018-2019/Crystal-Palace-Stats
ENG-Premier League,1819,Everton,23,38,53,493,163,33.1,12.97,4.29,0.11,0.33,2,5,/en/squads/d3fd31cc/2018-2019/Everton-Stats
ENG-Premier League,1819,Fulham,28,38,33,451,140,31.0,11.87,3.68,0.07,0.24,2,3,/en/squads/fd962109/2018-2019/Fulham-Stats
ENG-Premier League,1819,Huddersfield,31,38,21,400,116,29.0,10.53,3.05,0.05,0.18,1,1,/en/squads/f5922ca5/2018-2019/Huddersfield-Town-Stats
ENG-Premier League,1819,Leicester City,25,38,48,508,173,34.1,13.37,4.55,0.09,0.28,5,7,/en/squads/a2d435b3/2018-2019/Leicester-City-Stats
ENG-Premier League,1819,Liverpool,23,38,86,568,211,37.1,14.95,5.55,0.15,0.41,7,7,/en/squads/822bd0ba/2018-2019/Liverpool-Stats
ENG-Premier League,1819,Manchester City,21,38,91,679,252,37.1,17.87,6.63,0.13,0.36,3,4,/en/squads/b8fd03ef/2018-2019/Manchester-City-Stats
ENG-Premier League,1819,Manchester Utd,28,38,65,514,210,40.9,13.53,5.53,0.13,0.31,9,12,/en/squads/19538871/2018-2019/Manchester-United-Stats
ENG-Premier League,1819,Newcastle,24,38,41,443,136,30.7,11.66,3.58,0.09,0.3,1,3,/en/squads/b2b47a98/2018-2019/Newcastle-United-Stats
ENG-Premier League,1819,Southampton,30,38,44,479,155,32.4,12.61,4.08,0.09,0.28,4,5,/en/squads/33c895d4/2018-2019/Southampton-Stats
ENG-Premier League,1819,Tottenham,28,38,66,533,182,34.1,14.03,4.79,0.12,0.36,4,4,/en/squads/361ca564/2018-2019/Tottenham-Hotspur-Stats
ENG-Premier League,1819,Watford,25,38,51,436,148,33.9,11.47,3.89,0.12,0.34,1,1,/en/squads/2abfe087/2018-2019/Watford-Stats
ENG-Premier League,1819,West Ham,26,38,51,436,149,34.2,11.47,3.92,0.12,0.34,5,5,/en/squads/7c21e445/2018-2019/West-Ham-United-Stats
ENG-Premier League,1819,Wolves,21,38,46,473,144,30.4,12.45,3.79,0.1,0.32,4,4,/en/squads/8cec06e1/2018-2019/Wolverhampton-Wanderers-Stats
ENG-Premier League,1920,Arsenal,29,38,56,403,146,36.2,10.61,3.84,0.14,0.38,3,3,/en/squads/18bb7c10/2019-2020/Arsenal-Stats
ENG-Premier League,1920,Aston Villa,28,38,40,453,147,32.5,11.92,3.87,0.09,0.27,1,3,/en/squads/8602292d/2019-2020/Aston-Villa-Stats
ENG-Premier League,1920,Bournemouth,27,38,38,385,117,30.4,10.13,3.08,0.1,0.32,4,4,/en/squads/4ba7cbea/2019-2020/Bournemouth-Stats
ENG-Premier League,1920,Brighton,25,38,35,460,139,30.2,12.11,3.66,0.08,0.25,1,2,/en/squads/d07537b9/2019-2020/Brighton-and-Hove-Albion-Stats
ENG-Premier League,1920,Burnley,22,38,41,384,124,32.3,10.11,3.26,0.11,0.33,3,3,/en/squads/943e8050/2019-2020/Burnley-Stats
ENG-Premier League,1920,Chelsea,27,38,69,618,210,34.0,16.26,5.53,0.11,0.33,7,7,/en/squads/cff3d9bb/2019-2020/Chelsea-Stats
ENG-Premier League,1920,Crystal Palace,25,38,29,373,115,30.8,9.82,3.03,0.08,0.25,3,3,/en/squads/47c64c55/2019-2020/Crystal-Palace-Stats
ENG-Premier League,1920,Everton,24,38,42,468,159,34.0,12.32,4.18,0.09,0.26,1,1,/en/squads/d3fd31cc/2019-2020/Everton-Stats
ENG-Premier League,1920,Leicester City,24,38,65,533,183,34.3,14.03,4.82,0.12,0.36,5,7,/en/squads/a2d435b3/2019-2020/Leicester-City-Stats
ENG-Premier League,1920,Liverpool,24,38,83,586,224,38.2,15.42,5.89,0.14,0.37,5,5,/en/squads/822bd0ba/2019-2020/Liverpool-Stats
ENG-Premier League,1920,Manchester City,24,38,100,735,250,34.0,19.34,6.58,0.14,0.4,6,11,/en/squads/b8fd03ef/2019-2020/Manchester-City-Stats
ENG-Premier League,1920,Manchester Utd,29,38,65,530,201,37.9,13.95,5.29,0.12,0.32,10,14,/en/squads/19538871/2019-2020/Manchester-United-Stats
ENG-Premier League,1920,Newcastle,28,38,38,398,132,33.2,10.47,3.47,0.1,0.29,0,1,/en/squads/b2b47a98/2019-2020/Newcastle-United-Stats
ENG-Premier League,1920,Norwich City,30,38,25,407,126,31.0,10.71,3.32,0.06,0.2,2,2,/en/squads/1c781004/2019-2020/Norwich-City-Stats
ENG-Premier League,1920,Sheffield United,26,38,36,352,109,31.0,9.26,2.87,0.1,0.33,1,1,/en/squads/1df6b87e/2019-2020/Sheffield-United-Stats
ENG-Premier League,1920,Southampton,25,38,51,494,171,34.6,13.0,4.5,0.1,0.3,2,5,/en/squads/33c895d4/2019-2020/Southampton-Stats
ENG-Premier League,1920,Tottenham,29,38,56,440,154,35.0,11.58,4.05,0.13,0.36,3,4,/en/squads/361ca564/2019-2020/Tottenham-Hotspur-Stats
ENG-Premier League,1920,Watford,26,38,35,416,112,26.9,10.95,2.95,0.08,0.31,7,8,/en/squads/2abfe087/2019-2020/Watford-Stats
ENG-Premier League,1920,West Ham,29,38,49,413,156,37.8,10.87,4.11,0.12,0.31,4,4,/en/squads/7c21e445/2019-2020/West-Ham-United-Stats
ENG-Premier League,1920,Wolves,21,38,49,457,142,31.1,12.03,3.74,0.11,0.35,4,4,/en/squads/8cec06e1/2019-2020/Wolverhampton-Wanderers-Stats
ENG-Premier League,2021,Arsenal,29,38,53,453,140,30.9,11.92,3.68,0.12,0.38,6,6,/en/squads/18bb7c10/2020-2021/Arsenal-Stats
ENG-Premier League,2021,Aston Villa,24,38,52,514,178,34.6,13.53,4.68,0.1,0.29,5,6,/en/squads/8602292d/2020-2021/Aston-Villa-Stats
ENG-Premier League,2021,Brighton,27,38,39,478,134,28.0,12.58,3.53,0.08,0.29,6,9,/en/squads/d07537b9/2020-2021/Brighton-and-Hove-Albion-Stats
ENG-Premier League,2021,Burnley,25,38,32,381,124,32.5,10.03,3.26,0.08,0.26,3,3,/en/squads/943e8050/2020-2021/Burnley-Stats
ENG-Premier League,2021,Chelsea,27,38,56,546,193,35.3,14.37,5.08,0.1,0.29,8,10,/en/squads/cff3d9bb/2020-2021/Chelsea-Stats
ENG-Premier League,2021,Crystal Palace,24,38,39,345,127,36.8,9.08,3.34,0.11,0.31,3,4,/en/squads/47c64c55/2020-2021/Crystal-Palace-Stats
ENG-Premier League,2021,Everton,29,38,45,395,143,36.2,10.39,3.76,0.11,0.31,4,5,/en/squads/d3fd31cc/2020-2021/Everton-Stats
ENG-Premier League,2021,Fulham,28,38,26,436,125,28.7,11.47,3.29,0.06,0.21,3,6,/en/squads/fd962109/2020-2021/Fulham-Stats
ENG-Premier League,2021,Leeds United,23,38,60,518,193,37.3,13.63,5.08,0.12,0.31,4,4,/en/squads/5bfb9659/2020-2021/Leeds-United-Stats
ENG-Premier League,2021,Leicester City,27,38,64,473,170,35.9,12.45,4.47,0.14,0.38,10,12,/en/squads/a2d435b3/2020-2021/Leicester-City-Stats
ENG-Premier League,2021,Liverpool,28,38,65,602,204,33.9,15.84,5.37,0.11,0.32,6,6,/en/squads/822bd0ba/2020-2021/Liverpool-Stats
ENG-Premier League,2021,Manchester City,24,38,82,590,211,35.8,15.53,5.55,0.14,0.39,5,9,/en/squads/b8fd03ef/2020-2021/Manchester-City-Stats
ENG-Premier League,2021,Manchester Utd,29,38,70,515,196,38.1,13.55,5.16,0.14,0.36,10,11,/en/squads/19538871/2020-2021/Manchester-United-Stats
ENG-Premier League,2021,Newcastle,27,38,44,390,130,33.3,10.26,3.42,0.11,0.34,6,7,/en/squads/b2b47a98/2020-2021/Newcastle-United-Stats
ENG-Premier League,2021,Sheffield United,27,38,19,319,92,28.8,8.39,2.42,0.06,0.21,3,4,/en/squads/1df6b87e/2020-2021/Sheffield-United-Stats
ENG-Premier League,2021,Southampton,29,38,47,418,157,37.6,11.0,4.13,0.11,0.3,5,6,/en/squads/33c895d4/2020-2021/Southampton-Stats
ENG-Premier League,2021,Tottenham,24,38,66,438,167,38.1,11.53,4.39,0.15,0.4,5,5,/en/squads/361ca564/2020-2021/Tottenham-Hotspur-Stats
ENG-Premier League,2021,West Brom,30,38,33,335,106,31.6,8.82,2.79,0.1,0.31,4,4,/en/squads/60c6b05f/2020-2021/West-Bromwich-Albion-Stats
ENG-Premier League,2021,West Ham,24,38,60,464,158,34.1,12.21,4.16,0.13,0.38,2,4,/en/squads/7c21e445/2020-2021/West-Ham-United-Stats
ENG-Premier League,2021,Wolves,27,38,34,459,149,32.5,12.08,3.92,0.07,0.23,4,4,/en/squads/8cec06e1/2020-2021/Wolverhampton-Wanderers-Stats
ENG-Premier League,2122,Arsenal,27,38,60,581,186,32.0,15.29,4.89,0.1,0.32,5,8,/en/squads/18bb7c10/2021-2022/Arsenal-Stats
ENG-Premier League,2122,Aston Villa,31,38,50,461,159,34.5,12.13,4.18,0.11,0.31,3,3,/en/squads/8602292d/2021-2022/Aston-Villa-Stats
ENG-Premier League,2122,Brentford,29,38,46,436,141,32.3,11.47,3.71,0.11,0.33,6,6,/en/squads/cd051869/2021-2022/Brentford-Stats
ENG-Premier League,2122,Brighton,26,38,40,482,141,29.3,12.68,3.71,0.08,0.28,4,7,/en/squads/d07537b9/2021-2022/Brighton-and-Hove-Albion-Stats
ENG-Premier League,2122,Burnley,23,38,32,405,119,29.4,10.66,3.13,0.08,0.27,1,2,/en/squads/943e8050/2021-2022/Burnley-Stats
ENG-Premier League,2122,Chelsea,26,38,75,583,200,34.3,15.34,5.26,0.13,0.38,8,9,/en/squads/cff3d9bb/2021-2022/Chelsea-Stats
ENG-Premier League,2122,Crystal Palace,24,38,50,404,140,34.7,10.63,3.68,0.12,0.36,6,8,/en/squads/47c64c55/2021-2022/Crystal-Palace-Stats
ENG-Premier League,2122,Everton,33,38,42,430,130,30.2,11.32,3.42,0.1,0.32,6,7,/en/squads/d3fd31cc/2021-2022/Everton-Stats
ENG-Premier League,2122,Leeds United,29,38,42,480,142,29.6,12.63,3.74,0.09,0.3,5,5,/en/squads/5bfb9659/2021-2022/Leeds-United-Stats
ENG-Premier League,2122,Leicester City,28,38,62,433,164,37.9,11.39,4.32,0.14,0.38,2,2,/en/squads/a2d435b3/2021-2022/Leicester-City-Stats
ENG-Premier League,2122,Liverpool,27,38,94,721,237,32.9,18.97,6.24,0.13,0.4,7,8,/en/squads/822bd0ba/2021-2022/Liverpool-Stats
ENG-Premier League,2122,Manchester City,26,38,96,704,237,33.7,18.53,6.24,0.14,0.41,7,9,/en/squads/b8fd03ef/2021-2022/Manchester-City-Stats
ENG-Premier League,2122,Manchester Utd,29,38,56,503,179,35.6,13.24,4.71,0.11,0.31,3,5,/en/squads/19538871/2021-2022/Manchester-United-Stats
ENG-Premier League,2122,Newcastle,29,38,41,446,142,31.8,11.74,3.74,0.09,0.29,3,3,/en/squads/b2b47a98/2021-2022/Newcastle-United-Stats
ENG-Premier League,2122,Norwich City,28,38,21,370,104,28.1,9.74,2.74,0.06,0.2,3,3,/en/squads/1c781004/2021-2022/Norwich-City-Stats
ENG-Premier League,2122,Southampton,25,38,41,478,161,33.7,12.58,4.24,0.09,0.25,4,4,/en/squads/33c895d4/2021-2022/Southampton-Stats
ENG-Premier League,2122,Tottenham,25,38,63,486,185,38.1,12.79,4.87,0.13,0.34,5,5,/en/squads/361ca564/2021-2022/Tottenham-Hotspur-Stats
ENG-Premier League,2122,Watford,30,38,33,397,123,31.0,10.45,3.24,0.08,0.27,1,2,/en/squads/2abfe087/2021-2022/Watford-Stats
ENG-Premier League,2122,West Ham,25,38,58,443,142,32.1,11.66,3.74,0.13,0.41,4,6,/en/squads/7c21e445/2021-2022/West-Ham-United-Stats
ENG-Premier League,2122,Wolves,26,38,35,401,133,33.2,10.55,3.5,0.09,0.26,1,1,/en/squads/8cec06e1/2021-2022/Wolverhampton-Wanderers-Stats
ENG-Premier League,2223,Arsenal,26,38,84,589,194,32.9,15.5,5.11,0.14,0.43,3,4,/en/squads/18bb7c10/2022-2023/Arsenal-Stats
ENG-Premier League,2223,Aston Villa,26,38,49,427,145,34.0,11.24,3.82,0.11,0.34,3,4,/en/squads/8602292d/2022-2023/Aston-Villa-Stats
ENG-Premier League,2223,Bournemouth,31,38,37,358,126,35.2,9.42,3.32,0.1,0.29,0,0,/en/squads/4ba7cbea/2022-2023/Bournemouth-Stats
ENG-Premier League,2223,Brentford,25,38,56,400,147,36.8,10.53,3.87,0.14,0.38,7,8,/en/squads/cd051869/2022-2023/Brentford-Stats
ENG-Premier League,2223,Brighton,29,38,68,607,219,36.1,15.97,5.76,0.11,0.31,6,6,/en/squads/d07537b9/2022-2023/Brighton-and-Hove-Albion-Stats
ENG-Premier League,2223,Chelsea,32,38,37,481,151,31.4,12.66,3.97,0.08,0.25,3,3,/en/squads/cff3d9bb/2022-2023/Chelsea-Stats
ENG-Premier League,2223,Crystal Palace,26,38,38,423,133,31.4,11.13,3.5,0.09,0.29,1,3,/en/squads/47c64c55/2022-2023/Crystal-Palace-Stats
ENG-Premier League,2223,Everton,28,38,32,426,143,33.6,11.21,3.76,0.08,0.22,3,3,/en/squads/d3fd31cc/2022-2023/Everton-Stats
ENG-Premier League,2223,Fulham,29,38,52,420,137,32.6,11.05,3.61,0.12,0.38,5,9,/en/squads/fd962109/2022-2023/Fulham-Stats
ENG-Premier League,2223,Leeds United,29,38,45,459,141,30.7,12.08,3.71,0.1,0.32,1,3,/en/squads/5bfb9659/2022-2023/Leeds-United-Stats
ENG-Premier League,2223,Leicester City,28,38,49,412,142,34.5,10.84,3.74,0.12,0.35,3,6,/en/squads/a2d435b3/2022-2023/Leicester-City-Stats
ENG-Premier League,2223,Liverpool,28,38,71,601,203,33.8,15.82,5.34,0.12,0.35,2,4,/en/squads/822bd0ba/2022-2023/Liverpool-Stats
ENG-Premier League,2223,Manchester City,24,38,92,590,205,34.7,15.53,5.39,0.16,0.45,9,10,/en/squads/b8fd03ef/2022-2023/Manchester-City-Stats
ENG-Premier League,2223,Manchester Utd,26,38,56,590,206,34.9,15.53,5.42,0.09,0.27,3,3,/en/squads/19538871/2022-2023/Manchester-United-Stats
ENG-Premier League,2223,Newcastle,27,38,64,565,184,32.6,14.87,4.84,0.11,0.35,6,6,/en/squads/b2b47a98/2022-2023/Newcastle-United-Stats
ENG-Premier League,2223,Nottingham,33,38,36,362,111,30.7,9.53,2.92,0.1,0.32,3,6,/en/squads/e4a775cb/2022-2023/Nottingham-Forest-Stats
ENG-Premier League,2223,Southampton,36,38,36,413,132,32.0,10.87,3.47,0.09,0.27,2,4,/en/squads/33c895d4/2022-2023/Southampton-Stats
ENG-Premier League,2223,Tottenham,29,38,68,512,186,36.3,13.47,4.89,0.13,0.37,5,6,/en/squads/361ca564/2022-2023/Tottenham-Hotspur-Stats
ENG-Premier League,2223,West Ham,25,38,41,466,133,28.5,12.26,3.5,0.09,0.31,6,8,/en/squads/7c21e445/2022-2023/West-Ham-United-Stats
ENG-Premier League,2223,Wolves,32,38,28,409,119,29.1,10.76,3.13,0.07,0.24,3,3,/en/squads/8cec06e1/2022-2023/Wolverhampton-Wanderers-Stats
ENG-Premier League,2324,Arsenal,25,38,86,647,209,32.3,17.03,5.5,0.13,0.41,10,10,/en/squads/18bb7c10/2023-2024/Arsenal-Stats
ENG-Premier League,2324,Aston Villa,31,38,72,511,182,35.6,13.45,4.79,0.14,0.4,4,4,/en/squads/8602292d/2023-2024/Aston-Villa-Stats
ENG-Premier League,2324,Bournemouth,30,38,52,539,175,32.5,14.18,4.61,0.1,0.3,2,3,/en/squads/4ba7cbea/2023-2024/Bournemouth-Stats
ENG-Premier League,2324,Brentford,28,38,54,470,159,33.8,12.37,4.18,0.11,0.34,3,3,/en/squads/cd051869/2023-2024/Brentford-Stats
ENG-Premier League,2324,Brighton,30,38,50,555,198,35.7,14.61,5.21,0.09,0.25,5,6,/en/squads/d07537b9/2023-2024/Brighton-and-Hove-Albion-Stats
ENG-Premier League,2324,Burnley,31,38,40,430,137,31.9,11.32,3.61,0.09,0.29,3,3,/en/squads/943e8050/2023-2024/Burnley-Stats
ENG-Premier League,2324,Chelsea,32,38,76,537,194,36.1,14.13,5.11,0.14,0.39,11,12,/en/squads/cff3d9bb/2023-2024/Chelsea-Stats
ENG-Premier League,2324,Crystal Palace,26,38,56,452,162,35.8,11.89,4.26,0.12,0.35,4,4,/en/squads/47c64c55/2023-2024/Crystal-Palace-Stats
ENG-Premier League,2324,Everton,26,38,40,504,152,30.2,13.26,4.0,0.08,0.26,2,3,/en/squads/d3fd31cc/2023-2024/Everton-Stats
ENG-Premier League,2324,Fulham,25,38,54,499,175,35.1,13.13,4.61,0.11,0.31,2,2,/en/squads/fd962109/2023-2024/Fulham-Stats
ENG-Premier League,2324,Liverpool,30,38,80,781,263,33.7,20.55,6.92,0.1,0.3,6,9,/en/squads/822bd0ba/2023-2024/Liverpool-Stats
ENG-Premier League,2324,Luton Town,28,38,49,427,134,31.4,11.24,3.53,0.11,0.37,5,5,/en/squads/e297cd13/2023-2024/Luton-Town-Stats
ENG-Premier League,2324,Manchester City,25,38,94,683,264,38.7,17.97,6.95,0.14,0.36,9,10,/en/squads/b8fd03ef/2023-2024/Manchester-City-Stats
ENG-Premier League,2324,Manchester Utd,31,38,57,543,182,33.5,14.29,4.79,0.1,0.31,6,7,/en/squads/19538871/2023-2024/Manchester-United-Stats
ENG-Premier League,2324,Newcastle,32,38,83,542,196,36.2,14.26,5.16,0.15,0.42,8,9,/en/squads/b2b47a98/2023-2024/Newcastle-United-Stats
ENG-Premier League,2324,Nottingham,33,38,49,450,143,31.8,11.84,3.76,0.11,0.34,1,1,/en/squads/e4a775cb/2023-2024/Nottingham-Forest-Stats
ENG-Premier League,2324,Sheffield United,35,38,31,360,117,32.5,9.47,3.08,0.09,0.26,5,5,/en/squads/1df6b87e/2023-2024/Sheffield-United-Stats
ENG-Premier League,2324,Tottenham,29,38,69,582,207,35.6,15.32,5.45,0.12,0.33,2,2,/en/squads/361ca564/2023-2024/Tottenham-Hotspur-Stats
ENG-Premier League,2324,West Ham,26,38,58,445,146,32.8,11.71,3.84,0.13,0.4,4,5,/en/squads/7c21e445/2023-2024/West-Ham-United-Stats
ENG-Premier League,2324,Wolves,27,38,47,425,153,36.0,11.18,4.03,0.11,0.31,4,4,/en/squads/8cec06e1/2023-2024/Wolverhampton-Wanderers-Stats
ENG-Premier League,2425,Arsenal,25,38,67,544,178,32.7,14.32,4.68,0.12,0.38,2,2,/en/squads/18bb7c10/2024-2025/Arsenal-Stats
ENG-Premier League,2425,Aston Villa,28,38,56,478,159,33.3,12.58,4.18,0.12,0.35,3,6,/en/squads/8602292d/2024-2025/Aston-Villa-Stats
ENG-Premier League,2425,Bournemouth,29,38,57,574,192,33.4,15.11,5.05,0.1,0.3,6,7,/en/squads/4ba7cbea/2024-2025/Bournemouth-Stats
ENG-Premier League,2425,Brentford,28,38,65,434,173,39.9,11.42,4.55,0.15,0.38,5,6,/en/squads/cd051869/2024-2025/Brentford-Stats
ENG-Premier League,2425,Brighton,32,38,64,526,183,34.8,13.84,4.82,0.12,0.35,7,7,/en/squads/d07537b9/2024-2025/Brighton-and-Hove-Albion-Stats
ENG-Premier League,2425,Chelsea,29,38,61,590,203,34.4,15.53,5.34,0.1,0.3,4,5,/en/squads/cff3d9bb/2024-2025/Chelsea-Stats
ENG-Premier League,2425,Crystal Palace,29,38,49,512,175,34.2,13.47,4.61,0.1,0.28,3,4,/en/squads/47c64c55/2024-2025/Crystal-Palace-Stats
ENG-Premier League,2425,Everton,26,38,39,404,139,34.4,10.63,3.66,0.1,0.28,2,2,/en/squads/d3fd31cc/2024-2025/Everton-Stats
ENG-Premier League,2425,Fulham,26,38,53,516,167,32.4,13.58,4.39,0.1,0.32,3,4,/en/squads/fd962109/2024-2025/Fulham-Stats
ENG-Premier League,2425,Ipswich Town,32,38,35,374,120,32.1,9.84,3.16,0.09,0.29,2,2,/en/squads/b74092de/2024-2025/Ipswich-Town-Stats
ENG-Premier League,2425,Leicester City,32,38,33,332,105,31.6,8.74,2.76,0.1,0.31,2,3,/en/squads/a2d435b3/2024-2025/Leicester-City-Stats
ENG-Premier League,2425,Liverpool,24,38,85,639,215,33.6,16.82,5.66,0.13,0.4,9,9,/en/squads/822bd0ba/2024-2025/Liverpool-Stats
ENG-Premier League,2425,Manchester City,30,38,71,603,208,34.5,15.87,5.47,0.12,0.34,3,4,/en/squads/b8fd03ef/2024-2025/Manchester-City-Stats
ENG-Premier League,2425,Manchester Utd,31,38,42,524,168,32.1,13.79,4.42,0.08,0.25,4,4,/en/squads/19538871/2024-2025/Manchester-United-Stats
ENG-Premier League,2425,Newcastle,24,38,66,519,163,31.4,13.66,4.29,0.13,0.4,5,6,/en/squads/b2b47a98/2024-2025/Newcastle-United-Stats
ENG-Premier League,2425,Nottingham,23,38,57,460,162,35.2,12.11,4.26,0.12,0.35,3,3,/en/squads/e4a775cb/2024-2025/Nottingham-Forest-Stats
ENG-Premier League,2425,Southampton,36,38,25,341,106,31.1,8.97,2.79,0.07,0.24,0,2,/en/squads/33c895d4/2024-2025/Southampton-Stats
ENG-Premier League,2425,Tottenham,31,38,61,493,177,35.9,12.97,4.66,0.12,0.34,3,4,/en/squads/361ca564/2024-2025/Tottenham-Hotspur-Stats
ENG-Premier League,2425,West Ham,27,38,43,473,137,29.0,12.45,3.61,0.09,0.31,3,3,/en/squads/7c21e445/2024-2025/West-Ham-United-Stats
ENG-Premier League,2425,Wolves,32,38,53,431,155,36.0,11.34,4.08,0.12,0.34,0,0,/en/squads/8cec06e1/2024-2025/Wolverhampton-Wanderers-Stats
ENG-Premier League,2526,Arsenal,25,38,67,552,186,33.7,14.53,4.89,0.12,0.36,4,4,/en/squads/18bb7c10/2025-2026/Arsenal-Stats
ENG-Premier League,2526,Aston Villa,30,38,53,483,170,35.2,12.71,4.47,0.11,0.31,0,0,/en/squads/8602292d/2025-2026/Aston-Villa-Stats
ENG-Premier League,2526,Bournemouth,26,38,57,526,178,33.8,13.84,4.68,0.11,0.32,5,6,/en/squads/4ba7cbea/2025-2026/Bournemouth-Stats
ENG-Premier League,2526,Brentford,26,38,53,405,147,36.3,10.66,3.87,0.13,0.36,8,10,/en/squads/cd051869/2025-2026/Brentford-Stats
ENG-Premier League,2526,Brighton,28,38,51,494,176,35.6,13.0,4.63,0.1,0.29,3,5,/en/squads/d07537b9/2025-2026/Brighton-and-Hove-Albion-Stats
ENG-Premier League,2526,Burnley,28,38,35,355,118,33.2,9.34,3.11,0.1,0.3,2,2,/en/squads/943e8050/2025-2026/Burnley-Stats
ENG-Premier League,2526,Chelsea,30,38,57,509,166,32.6,13.39,4.37,0.11,0.34,7,8,/en/squads/cff3d9bb/2025-2026/Chelsea-Stats
ENG-Premier League,2526,Crystal Palace,30,38,40,442,141,31.9,11.63,3.71,0.09,0.28,8,8,/en/squads/47c64c55/2025-2026/Crystal-Palace-Stats
ENG-Premier League,2526,Everton,22,38,45,422,142,33.6,11.11,3.74,0.11,0.32,2,2,/en/squads/d3fd31cc/2025-2026/Everton-Stats
ENG-Premier League,2526,Fulham,24,38,43,481,138,28.7,12.66,3.63,0.09,0.31,5,5,/en/squads/fd962109/2025-2026/Fulham-Stats
ENG-Premier League,2526,Leeds United,24,38,48,477,151,31.7,12.55,3.97,0.1,0.32,6,8,/en/squads/5bfb9659/2025-2026/Leeds-United-Stats
ENG-Premier League,2526,Liverpool,24,38,61,588,175,29.8,15.47,4.61,0.1,0.35,1,2,/en/squads/822bd0ba/2025-2026/Liverpool-Stats
ENG-Premier League,2526,Manchester City,27,38,74,595,205,34.5,15.66,5.39,0.12,0.36,3,4,/en/squads/b8fd03ef/2025-2026/Manchester-City-Stats
ENG-Premier League,2526,Manchester Utd,27,38,66,595,215,36.1,15.66,5.66,0.11,0.31,4,6,/en/squads/19538871/2025-2026/Manchester-United-Stats
ENG-Premier League,2526,Newcastle,26,38,53,492,176,35.8,12.95,4.63,0.11,0.3,6,6,/en/squads/b2b47a98/2025-2026/Newcastle-United-Stats
ENG-Premier League,2526,Nottingham,31,38,47,476,156,32.8,12.53,4.11,0.1,0.3,3,3,/en/squads/e4a775cb/2025-2026/Nottingham-Forest-Stats
ENG-Premier League,2526,Sunderland,29,38,38,396,130,32.8,10.42,3.42,0.1,0.29,4,5,/en/squads/8ef52968/2025-2026/Sunderland-Stats
ENG-Premier League,2526,Tottenham,31,38,47,435,146,33.6,11.45,3.84,0.11,0.32,0,0,/en/squads/361ca564/2025-2026/Tottenham-Hotspur-Stats
ENG-Premier League,2526,West Ham,32,38,44,404,142,35.1,10.63,3.74,0.11,0.31,3,3,/en/squads/7c21e445/2025-2026/West-Ham-United-Stats
ENG-Premier League,2526,Wolves,31,38,26,369,123,33.3,9.71,3.24,0.07,0.21,3,5,/en/squads/8cec06e1/2025-2026/Wolverhampton-Wanderers-Stats
ESP-La Liga,1415,Almería,27,38,33,,131,,,3.45,,0.25,5,6,/en/squads/78ecf4bb/2014-2015/Almeria-Stats
ESP-La Liga,1415,Athletic Club,26,38,41,,153,,,4.03,,0.27,5,5,/en/squads/2b390eca/2014-2015/Athletic-Club-Stats
ESP-La Liga,1415,Atlético Madrid,25,38,65,,197,,,5.18,,0.33,5,6,/en/squads/db3b9613/2014-2015/Atletico-Madrid-Stats
ESP-La Liga,1415,Barcelona,24,38,107,,291,,,7.66,,0.37,6,7,/en/squads/206d90db/2014-2015/Barcelona-Stats
ESP-La Liga,1415,Celta Vigo,23,38,47,,177,,,4.66,,0.27,4,6,/en/squads/f25da7fb/2014-2015/Celta-Vigo-Stats
ESP-La Liga,1415,Córdoba,33,38,21,,127,,,3.34,,0.17,2,3,/en/squads/6009ff35/2014-2015/Cordoba-Stats
ESP-La Liga,1415,Dep. La Coruña,27,38,33,,140,,,3.68,,0.24,4,7,/en/squads/2a60ed82/2014-2015/Deportivo-La-Coruna-Stats
ESP-La Liga,1415,Eibar,23,38,33,,124,,,3.26,,0.27,2,2,/en/squads/bea5c710/2014-2015/Eibar-Stats
ESP-La Liga,1415,Elche,24,38,35,,137,,,3.61,,0.26,4,7,/en/squads/6c8b07df/2014-2015/Elche-Stats
ESP-La Liga,1415,Espanyol,27,38,47,,153,,,4.03,,0.31,4,4,/en/squads/a8661628/2014-2015/Espanyol-Stats
ESP-La Liga,1415,Getafe,27,38,32,,153,,,4.03,,0.21,1,2,/en/squads/7848bd64/2014-2015/Getafe-Stats
ESP-La Liga,1415,Granada,34,38,29,,137,,,3.61,,0.21,6,6,/en/squads/a0435291/2014-2015/Granada-Stats
ESP-La Liga,1415,Levante,29,38,34,,114,,,3.0,,0.3,3,4,/en/squads/9800b6a1/2014-2015/Levante-Stats
ESP-La Liga,1415,Málaga,23,38,40,,177,,,4.66,,0.23,4,7,/en/squads/1c896955/2014-2015/Malaga-Stats
ESP-La Liga,1415,Rayo Vallecano,28,38,46,,176,,,4.63,,0.26,2,3,/en/squads/98e8af82/2014-2015/Rayo-Vallecano-Stats
ESP-La Liga,1415,Real Madrid,24,38,116,,306,,,8.05,,0.38,11,13,/en/squads/53a2f082/2014-2015/Real-Madrid-Stats
ESP-La Liga,1415,Real Sociedad,25,38,41,,147,,,3.87,,0.28,3,3,/en/squads/e31d1cd9/2014-2015/Real-Sociedad-Stats
ESP-La Liga,1415,Sevilla,26,38,68,,200,,,5.26,,0.34,8,10,/en/squads/ad2be733/2014-2015/Sevilla-Stats
ESP-La Liga,1415,Valencia,24,38,66,,171,,,4.5,,0.39,5,7,/en/squads/dcc91a7b/2014-2015/Valencia-Stats
ESP-La Liga,1415,Villarreal,28,38,48,,190,,,5.0,,0.25,2,2,/en/squads/2a8183b3/2014-2015/Villarreal-Stats
ESP-La Liga,1516,Athletic Club,25,38,57,456,163,35.7,12.0,4.29,0.13,0.35,3,5,/en/squads/2b390eca/2015-2016/Athletic-Club-Stats
ESP-La Liga,1516,Atlético Madrid,25,38,62,478,166,34.7,12.58,4.37,0.13,0.37,1,2,/en/squads/db3b9613/2015-2016/Atletico-Madrid-Stats
ESP-La Liga,1516,Barcelona,25,38,109,605,266,44.0,15.92,7.0,0.18,0.41,11,19,/en/squads/206d90db/2015-2016/Barcelona-Stats
ESP-La Liga,1516,Celta Vigo,27,38,50,443,155,35.0,11.66,4.08,0.11,0.32,4,5,/en/squads/f25da7fb/2015-2016/Celta-Vigo-Stats
ESP-La Liga,1516,Dep. La Coruña,25,38,41,455,157,34.5,11.97,4.13,0.09,0.26,1,1,/en/squads/2a60ed82/2015-2016/Deportivo-La-Coruna-Stats
ESP-La Liga,1516,Eibar,28,38,47,420,155,36.9,11.05,4.08,0.11,0.3,6,8,/en/squads/bea5c710/2015-2016/Eibar-Stats
ESP-La Liga,1516,Espanyol,26,38,38,392,148,37.8,10.32,3.89,0.1,0.26,1,3,/en/squads/a8661628/2015-2016/Espanyol-Stats
ESP-La Liga,1516,Getafe,27,38,36,441,149,33.8,11.61,3.92,0.08,0.24,1,2,/en/squads/7848bd64/2015-2016/Getafe-Stats
ESP-La Liga,1516,Granada,28,38,45,431,131,30.4,11.34,3.45,0.1,0.34,7,7,/en/squads/a0435291/2015-2016/Granada-Stats
ESP-La Liga,1516,Las Palmas,27,38,42,420,163,38.8,11.05,4.29,0.1,0.26,4,5,/en/squads/0049d422/2015-2016/Las-Palmas-Stats
ESP-La Liga,1516,Levante,27,38,36,432,142,32.9,11.37,3.74,0.08,0.25,2,2,/en/squads/9800b6a1/2015-2016/Levante-Stats
ESP-La Liga,1516,Málaga,30,38,37,452,167,36.9,11.89,4.39,0.08,0.22,2,4,/en/squads/1c896955/2015-2016/Malaga-Stats
ESP-La Liga,1516,Rayo Vallecano,29,38,52,504,179,35.5,13.26,4.71,0.1,0.29,2,3,/en/squads/98e8af82/2015-2016/Rayo-Vallecano-Stats
ESP-La Liga,1516,Real Betis,29,38,34,397,126,31.7,10.45,3.32,0.09,0.27,3,4,/en/squads/fc536746/2015-2016/Real-Betis-Stats
ESP-La Liga,1516,Real Madrid,24,38,108,712,289,40.6,18.74,7.61,0.15,0.37,6,9,/en/squads/53a2f082/2015-2016/Real-Madrid-Stats
ESP-La Liga,1516,Real Sociedad,27,38,44,455,157,34.5,11.97,4.13,0.1,0.28,1,1,/en/squads/e31d1cd9/2015-2016/Real-Sociedad-Stats
ESP-La Liga,1516,Sevilla,33,38,50,460,182,39.6,12.11,4.79,0.11,0.27,6,7,/en/squads/ad2be733/2015-2016/Sevilla-Stats
ESP-La Liga,1516,Sporting Gijón,28,38,39,374,122,32.6,9.84,3.21,0.1,0.32,1,2,/en/squads/bb9efd50/2015-2016/Sporting-Gijon-Stats
ESP-La Liga,1516,Valencia,30,38,42,405,140,34.6,10.66,3.68,0.1,0.3,4,5,/en/squads/dcc91a7b/2015-2016/Valencia-Stats
ESP-La Liga,1516,Villarreal,26,38,42,340,133,39.1,8.95,3.5,0.12,0.32,3,3,/en/squads/2a8183b3/2015-2016/Villarreal-Stats
ESP-La Liga,1617,Alavés,25,38,41,394,136,34.5,10.37,3.58,0.1,0.3,4,4,/en/squads/8d6fd021/2016-2017/Alaves-Stats
ESP-La Liga,1617,Athletic Club,25,38,53,488,187,38.3,12.84,4.92,0.11,0.28,8,8,/en/squads/2b390eca/2016-2017/Athletic-Club-Stats
ESP-La Liga,1617,Atlético Madrid,22,38,70,503,199,39.6,13.24,5.24,0.14,0.35,2,7,/en/squads/db3b9613/2016-2017/Atletico-Madrid-Stats
ESP-La Liga,1617,Barcelona,25,38,113,649,268,41.3,17.08,7.05,0.17,0.42,8,9,/en/squads/206d90db/2016-2017/Barcelona-Stats
ESP-La Liga,1617,Celta Vigo,27,38,52,404,148,36.6,10.63,3.89,0.13,0.35,7,7,/en/squads/f25da7fb/2016-2017/Celta-Vigo-Stats
ESP-La Liga,1617,Dep. La Coruña,28,38,42,462,146,31.6,12.16,3.84,0.09,0.29,3,7,/en/squads/2a60ed82/2016-2017/Deportivo-La-Coruna-Stats
ESP-La Liga,1617,Eibar,24,38,53,451,182,40.4,11.87,4.79,0.12,0.29,6,8,/en/squads/bea5c710/2016-2017/Eibar-Stats
ESP-La Liga,1617,Espanyol,27,38,48,345,131,38.0,9.08,3.45,0.14,0.37,2,4,/en/squads/a8661628/2016-2017/Espanyol-Stats
ESP-La Liga,1617,Granada,35,38,30,385,125,32.5,10.13,3.29,0.08,0.24,0,1,/en/squads/a0435291/2016-2017/Granada-Stats
ESP-La Liga,1617,Las Palmas,29,38,52,437,182,41.6,11.5,4.79,0.12,0.29,6,6,/en/squads/0049d422/2016-2017/Las-Palmas-Stats
ESP-La Liga,1617,Leganés,31,38,36,411,135,32.8,10.82,3.55,0.09,0.27,3,4,/en/squads/7c6f2c78/2016-2017/Leganes-Stats
ESP-La Liga,1617,Málaga,29,38,48,492,168,34.1,12.95,4.42,0.1,0.29,3,5,/en/squads/1c896955/2016-2017/Malaga-Stats
ESP-La Liga,1617,Osasuna,35,38,37,395,147,37.2,10.39,3.87,0.09,0.25,4,6,/en/squads/03c57e2b/2016-2017/Osasuna-Stats
ESP-La Liga,1617,Real Betis,27,38,41,440,153,34.8,11.58,4.03,0.09,0.27,2,2,/en/squads/fc536746/2016-2017/Real-Betis-Stats
ESP-La Liga,1617,Real Madrid,24,38,106,662,265,40.0,17.42,6.97,0.16,0.4,6,8,/en/squads/53a2f082/2016-2017/Real-Madrid-Stats
ESP-La Liga,1617,Real Sociedad,27,38,56,493,167,33.9,12.97,4.39,0.11,0.34,7,8,/en/squads/e31d1cd9/2016-2017/Real-Sociedad-Stats
ESP-La Liga,1617,Sevilla,28,38,67,487,200,41.1,12.82,5.26,0.14,0.34,3,5,/en/squads/ad2be733/2016-2017/Sevilla-Stats
ESP-La Liga,1617,Sporting Gijón,29,38,42,377,135,35.8,9.92,3.55,0.11,0.31,4,7,/en/squads/bb9efd50/2016-2017/Sporting-Gijon-Stats
ESP-La Liga,1617,Valencia,31,38,53,454,176,38.8,11.95,4.63,0.12,0.3,4,6,/en/squads/dcc91a7b/2016-2017/Valencia-Stats
ESP-La Liga,1617,Villarreal,27,38,55,430,170,39.5,11.32,4.47,0.13,0.32,6,8,/en/squads/2a8183b3/2016-2017/Villarreal-Stats
ESP-La Liga,1718,Alavés,30,38,40,389,134,34.4,10.24,3.53,0.1,0.3,1,3,/en/squads/8d6fd021/2017-2018/Alaves-Stats
ESP-La Liga,1718,Athletic Club,26,38,39,421,142,33.7,11.08,3.74,0.09,0.27,6,8,/en/squads/2b390eca/2017-2018/Athletic-Club-Stats
ESP-La Liga,1718,Atlético Madrid,26,38,57,401,147,36.7,10.55,3.87,0.14,0.39,4,5,/en/squads/db3b9613/2017-2018/Atletico-Madrid-Stats
ESP-La Liga,1718,Barcelona,25,38,96,575,264,45.9,15.13,6.95,0.17,0.36,3,5,/en/squads/206d90db/2017-2018/Barcelona-Stats
ESP-La Liga,1718,Celta Vigo,23,38,57,444,157,35.4,11.68,4.13,0.13,0.36,2,3,/en/squads/f25da7fb/2017-2018/Celta-Vigo-Stats
ESP-La Liga,1718,Dep. La Coruña,32,38,38,462,133,28.8,12.16,3.5,0.08,0.29,3,5,/en/squads/2a60ed82/2017-2018/Deportivo-La-Coruna-Stats
ESP-La Liga,1718,Eibar,27,38,43,467,131,28.1,12.29,3.45,0.09,0.33,2,3,/en/squads/bea5c710/2017-2018/Eibar-Stats
ESP-La Liga,1718,Espanyol,25,38,33,410,128,31.2,10.79,3.37,0.08,0.26,2,3,/en/squads/a8661628/2017-2018/Espanyol-Stats
ESP-La Liga,1718,Getafe,32,38,41,361,122,33.8,9.5,3.21,0.11,0.34,5,12,/en/squads/7848bd64/2017-2018/Getafe-Stats
ESP-La Liga,1718,Girona,25,38,50,447,149,33.3,11.76,3.92,0.11,0.34,6,8,/en/squads/9024a00a/2017-2018/Girona-Stats
ESP-La Liga,1718,Las Palmas,36,38,24,405,119,29.4,10.66,3.13,0.06,0.2,6,8,/en/squads/0049d422/2017-2018/Las-Palmas-Stats
ESP-La Liga,1718,Leganés,28,38,32,393,125,31.8,10.34,3.29,0.08,0.26,2,3,/en/squads/7c6f2c78/2017-2018/Leganes-Stats
ESP-La Liga,1718,Levante,33,38,43,405,119,29.4,10.66,3.13,0.11,0.36,5,5,/en/squads/9800b6a1/2017-2018/Levante-Stats
ESP-La Liga,1718,Málaga,37,38,23,397,108,27.2,10.45,2.84,0.06,0.21,4,6,/en/squads/1c896955/2017-2018/Malaga-Stats
ESP-La Liga,1718,Real Betis,29,38,56,415,160,38.6,10.92,4.21,0.13,0.35,2,3,/en/squads/fc536746/2017-2018/Real-Betis-Stats
ESP-La Liga,1718,Real Madrid,24,38,91,689,267,38.8,18.13,7.03,0.13,0.34,8,10,/en/squads/53a2f082/2017-2018/Real-Madrid-Stats
ESP-La Liga,1718,Real Sociedad,27,38,64,516,165,32.0,13.58,4.34,0.12,0.39,4,5,/en/squads/e31d1cd9/2017-2018/Real-Sociedad-Stats
ESP-La Liga,1718,Sevilla,31,38,48,511,174,34.1,13.45,4.58,0.09,0.28,4,5,/en/squads/ad2be733/2017-2018/Sevilla-Stats
ESP-La Liga,1718,Valencia,25,38,63,473,175,37.0,12.45,4.61,0.13,0.36,8,8,/en/squads/dcc91a7b/2017-2018/Valencia-Stats
ESP-La Liga,1718,Villarreal,32,38,56,470,162,34.5,12.37,4.26,0.12,0.35,4,5,/en/squads/2a8183b3/2017-2018/Villarreal-Stats
ESP-La Liga,1819,Alavés,26,38,39,426,116,27.2,11.21,3.05,0.09,0.34,2,3,/en/squads/8d6fd021/2018-2019/Alaves-Stats
ESP-La Liga,1819,Athletic Club,27,38,39,380,132,34.7,10.0,3.47,0.1,0.3,5,7,/en/squads/2b390eca/2018-2019/Athletic-Club-Stats
ESP-La Liga,1819,Atlético Madrid,29,38,53,440,155,35.2,11.58,4.08,0.12,0.34,3,4,/en/squads/db3b9613/2018-2019/Atletico-Madrid-Stats
ESP-La Liga,1819,Barcelona,30,38,88,551,242,43.9,14.5,6.37,0.16,0.36,8,9,/en/squads/206d90db/2018-2019/Barcelona-Stats
ESP-La Liga,1819,Celta Vigo,28,38,52,445,152,34.2,11.71,4.0,0.12,0.34,7,7,/en/squads/f25da7fb/2018-2019/Celta-Vigo-Stats
ESP-La Liga,1819,Eibar,25,38,46,524,147,28.1,13.79,3.87,0.09,0.31,7,8,/en/squads/bea5c710/2018-2019/Eibar-Stats
ESP-La Liga,1819,Espanyol,25,38,43,470,154,32.8,12.37,4.05,0.09,0.28,4,4,/en/squads/a8661628/2018-2019/Espanyol-Stats
ESP-La Liga,1819,Getafe,26,38,47,395,122,30.9,10.39,3.21,0.12,0.39,6,6,/en/squads/7848bd64/2018-2019/Getafe-Stats
ESP-La Liga,1819,Girona,26,38,37,392,137,34.9,10.32,3.61,0.09,0.27,6,6,/en/squads/9024a00a/2018-2019/Girona-Stats
ESP-La Liga,1819,Huesca,30,38,43,463,139,30.0,12.18,3.66,0.09,0.31,6,7,/en/squads/c6c493e6/2018-2019/Huesca-Stats
ESP-La Liga,1819,Leganés,29,38,36,414,128,30.9,10.89,3.37,0.09,0.28,3,5,/en/squads/7c6f2c78/2018-2019/Leganes-Stats
ESP-La Liga,1819,Levante,26,38,56,435,154,35.4,11.45,4.05,0.13,0.36,5,7,/en/squads/9800b6a1/2018-2019/Levante-Stats
ESP-La Liga,1819,Rayo Vallecano,29,38,40,453,144,31.8,11.92,3.79,0.09,0.28,5,5,/en/squads/98e8af82/2018-2019/Rayo-Vallecano-Stats
ESP-La Liga,1819,Real Betis,25,38,43,436,156,35.8,11.47,4.11,0.1,0.28,5,7,/en/squads/fc536746/2018-2019/Real-Betis-Stats
ESP-La Liga,1819,Real Madrid,27,38,61,585,203,34.7,15.39,5.34,0.1,0.3,9,9,/en/squads/53a2f082/2018-2019/Real-Madrid-Stats
ESP-La Liga,1819,Real Sociedad,30,38,44,418,133,31.8,11.0,3.5,0.11,0.33,8,10,/en/squads/e31d1cd9/2018-2019/Real-Sociedad-Stats
ESP-La Liga,1819,Sevilla,27,38,60,524,167,31.9,13.79,4.39,0.11,0.36,5,6,/en/squads/ad2be733/2018-2019/Sevilla-Stats
ESP-La Liga,1819,Valencia,25,38,50,470,157,33.4,12.37,4.13,0.11,0.32,5,7,/en/squads/dcc91a7b/2018-2019/Valencia-Stats
ESP-La Liga,1819,Valladolid,28,38,31,406,125,30.8,10.68,3.29,0.08,0.25,4,7,/en/squads/17859612/2018-2019/Valladolid-Stats
ESP-La Liga,1819,Villarreal,26,38,47,488,169,34.6,12.84,4.45,0.1,0.28,3,6,/en/squads/2a8183b3/2018-2019/Villarreal-Stats
ESP-La Liga,1920,Alavés,32,38,34,307,98,31.9,8.08,2.58,0.11,0.35,6,6,/en/squads/8d6fd021/2019-2020/Alaves-Stats
ESP-La Liga,1920,Athletic Club,26,38,40,401,126,31.4,10.55,3.32,0.1,0.32,8,10,/en/squads/2b390eca/2019-2020/Athletic-Club-Stats
ESP-La Liga,1920,Atlético Madrid,30,38,50,440,136,30.9,11.58,3.58,0.11,0.37,6,8,/en/squads/db3b9613/2019-2020/Atletico-Madrid-Stats
ESP-La Liga,1920,Barcelona,28,38,84,488,213,43.6,12.84,5.61,0.17,0.39,6,6,/en/squads/206d90db/2019-2020/Barcelona-Stats
ESP-La Liga,1920,Celta Vigo,30,38,37,359,131,36.5,9.45,3.45,0.1,0.28,6,9,/en/squads/f25da7fb/2019-2020/Celta-Vigo-Stats
ESP-La Liga,1920,Eibar,26,38,38,419,132,31.5,11.03,3.47,0.09,0.29,7,10,/en/squads/bea5c710/2019-2020/Eibar-Stats
ESP-La Liga,1920,Espanyol,31,38,25,407,120,29.5,10.71,3.16,0.06,0.21,4,4,/en/squads/a8661628/2019-2020/Espanyol-Stats
ESP-La Liga,1920,Getafe,30,38,42,408,121,29.7,10.74,3.18,0.1,0.35,6,7,/en/squads/7848bd64/2019-2020/Getafe-Stats
ESP-La Liga,1920,Granada,27,38,50,389,118,30.3,10.24,3.11,0.13,0.42,5,5,/en/squads/a0435291/2019-2020/Granada-Stats
ESP-La Liga,1920,Leganés,29,38,30,427,143,33.5,11.24,3.76,0.07,0.21,3,5,/en/squads/7c6f2c78/2019-2020/Leganes-Stats
ESP-La Liga,1920,Levante,29,38,45,422,133,31.5,11.11,3.5,0.11,0.34,5,5,/en/squads/9800b6a1/2019-2020/Levante-Stats
ESP-La Liga,1920,Mallorca,32,38,39,410,118,28.8,10.79,3.11,0.1,0.33,8,10,/en/squads/2aa12281/2019-2020/Mallorca-Stats
ESP-La Liga,1920,Osasuna,31,38,46,455,142,31.2,11.97,3.74,0.1,0.32,8,8,/en/squads/03c57e2b/2019-2020/Osasuna-Stats
ESP-La Liga,1920,Real Betis,27,38,48,471,152,32.3,12.39,4.0,0.1,0.32,6,8,/en/squads/fc536746/2019-2020/Real-Betis-Stats
ESP-La Liga,1920,Real Madrid,26,38,69,552,222,40.2,14.53,5.84,0.13,0.31,11,11,/en/squads/53a2f082/2019-2020/Real-Madrid-Stats
ESP-La Liga,1920,Real Sociedad,27,38,54,424,139,32.8,11.16,3.66,0.13,0.39,4,5,/en/squads/e31d1cd9/2019-2020/Real-Sociedad-Stats
ESP-La Liga,1920,Sevilla,26,38,53,484,164,33.9,12.74,4.32,0.11,0.32,7,7,/en/squads/ad2be733/2019-2020/Sevilla-Stats
ESP-La Liga,1920,Valencia,28,38,45,331,111,33.5,8.71,2.92,0.14,0.41,5,8,/en/squads/dcc91a7b/2019-2020/Valencia-Stats
ESP-La Liga,1920,Valladolid,30,38,31,369,116,31.4,9.71,3.05,0.08,0.27,3,6,/en/squads/17859612/2019-2020/Valladolid-Stats
ESP-La Liga,1920,Villarreal,25,38,62,483,160,33.1,12.71,4.21,0.13,0.39,10,11,/en/squads/2a8183b3/2019-2020/Villarreal-Stats
ESP-La Liga,2021,Alavés,30,38,35,339,95,28.0,8.92,2.5,0.1,0.37,5,8,/en/squads/8d6fd021/2020-2021/Alaves-Stats
ESP-La Liga,2021,Athletic Club,27,38,43,399,128,32.1,10.5,3.37,0.11,0.34,4,5,/en/squads/2b390eca/2020-2021/Athletic-Club-Stats
ESP-La Liga,2021,Atlético Madrid,25,38,65,452,178,39.4,11.89,4.68,0.14,0.37,5,7,/en/squads/db3b9613/2020-2021/Atletico-Madrid-Stats
ESP-La Liga,2021,Barcelona,25,38,80,575,231,40.2,15.13,6.08,0.14,0.35,4,8,/en/squads/206d90db/2020-2021/Barcelona-Stats
ESP-La Liga,2021,Celta Vigo,30,38,55,350,133,38.0,9.21,3.5,0.16,0.41,7,7,/en/squads/f25da7fb/2020-2021/Celta-Vigo-Stats
ESP-La Liga,2021,Cádiz,34,38,33,299,97,32.4,7.87,2.55,0.11,0.34,4,4,/en/squads/ee7c297c/2020-2021/Cadiz-Stats
ESP-La Liga,2021,Eibar,30,38,29,443,127,28.7,11.66,3.34,0.07,0.23,4,9,/en/squads/bea5c710/2020-2021/Eibar-Stats
ESP-La Liga,2021,Elche,30,38,33,265,86,32.5,6.97,2.26,0.12,0.38,2,3,/en/squads/6c8b07df/2020-2021/Elche-Stats
ESP-La Liga,2021,Getafe,31,38,27,355,97,27.3,9.34,2.55,0.08,0.28,3,5,/en/squads/7848bd64/2020-2021/Getafe-Stats
ESP-La Liga,2021,Granada,34,38,47,354,121,34.2,9.32,3.18,0.13,0.39,3,5,/en/squads/a0435291/2020-2021/Granada-Stats
ESP-La Liga,2021,Huesca,27,38,32,404,130,32.2,10.63,3.42,0.08,0.25,3,4,/en/squads/c6c493e6/2020-2021/Huesca-Stats
ESP-La Liga,2021,Levante,29,38,45,376,125,33.2,9.89,3.29,0.12,0.36,3,6,/en/squads/9800b6a1/2020-2021/Levante-Stats
ESP-La Liga,2021,Osasuna,28,38,36,368,114,31.0,9.68,3.0,0.1,0.32,5,6,/en/squads/03c57e2b/2020-2021/Osasuna-Stats
ESP-La Liga,2021,Real Betis,25,38,50,433,145,33.5,11.39,3.82,0.12,0.34,8,11,/en/squads/fc536746/2020-2021/Real-Betis-Stats
ESP-La Liga,2021,Real Madrid,30,38,64,544,167,30.7,14.32,4.39,0.12,0.38,3,3,/en/squads/53a2f082/2020-2021/Real-Madrid-Stats
ESP-La Liga,2021,Real Sociedad,30,38,58,417,139,33.3,10.97,3.66,0.14,0.42,9,12,/en/squads/e31d1cd9/2020-2021/Real-Sociedad-Stats
ESP-La Liga,2021,Sevilla,26,38,52,454,135,29.7,11.95,3.55,0.11,0.39,6,7,/en/squads/ad2be733/2020-2021/Sevilla-Stats
ESP-La Liga,2021,Valencia,30,38,48,383,129,33.7,10.08,3.39,0.13,0.37,8,10,/en/squads/dcc91a7b/2020-2021/Valencia-Stats
ESP-La Liga,2021,Valladolid,32,38,34,359,110,30.6,9.45,2.89,0.09,0.31,7,8,/en/squads/17859612/2020-2021/Valladolid-Stats
ESP-La Liga,2021,Villarreal,29,38,57,392,146,37.2,10.32,3.84,0.15,0.39,12,13,/en/squads/2a8183b3/2020-2021/Villarreal-Stats
ESP-La Liga,2122,Alavés,33,38,29,373,111,29.8,9.82,2.92,0.08,0.26,6,7,/en/squads/8d6fd021/2021-2022/Alaves-Stats
ESP-La Liga,2122,Athletic Club,26,38,40,460,150,32.6,12.11,3.95,0.09,0.27,3,7,/en/squads/2b390eca/2021-2022/Athletic-Club-Stats
ESP-La Liga,2122,Atlético Madrid,26,38,63,458,152,33.2,12.05,4.0,0.14,0.41,4,5,/en/squads/db3b9613/2021-2022/Atletico-Madrid-Stats
ESP-La Liga,2122,Barcelona,38,38,68,511,177,34.6,13.45,4.66,0.13,0.38,6,7,/en/squads/206d90db/2021-2022/Barcelona-Stats
ESP-La Liga,2122,Celta Vigo,25,38,43,405,135,33.3,10.66,3.55,0.11,0.32,3,6,/en/squads/f25da7fb/2021-2022/Celta-Vigo-Stats
ESP-La Liga,2122,Cádiz,33,38,35,405,118,29.1,10.66,3.11,0.09,0.3,3,6,/en/squads/ee7c297c/2021-2022/Cadiz-Stats
ESP-La Liga,2122,Elche,28,38,39,334,106,31.7,8.79,2.79,0.12,0.37,1,1,/en/squads/6c8b07df/2021-2022/Elche-Stats
ESP-La Liga,2122,Espanyol,34,38,39,403,128,31.8,10.61,3.37,0.1,0.3,5,5,/en/squads/a8661628/2021-2022/Espanyol-Stats
ESP-La Liga,2122,Getafe,31,38,31,404,111,27.5,10.63,2.92,0.08,0.28,3,5,/en/squads/7848bd64/2021-2022/Getafe-Stats
ESP-La Liga,2122,Granada,32,38,43,421,131,31.1,11.08,3.45,0.1,0.33,3,5,/en/squads/a0435291/2021-2022/Granada-Stats
ESP-La Liga,2122,Levante,31,38,51,430,146,34.0,11.32,3.84,0.12,0.35,8,13,/en/squads/9800b6a1/2021-2022/Levante-Stats
ESP-La Liga,2122,Mallorca,33,38,33,440,131,29.8,11.58,3.45,0.08,0.25,6,7,/en/squads/2aa12281/2021-2022/Mallorca-Stats
ESP-La Liga,2122,Osasuna,29,38,37,425,114,26.8,11.18,3.0,0.09,0.32,6,8,/en/squads/03c57e2b/2021-2022/Osasuna-Stats
ESP-La Liga,2122,Rayo Vallecano,28,38,38,500,133,26.6,13.16,3.5,0.08,0.29,4,4,/en/squads/98e8af82/2021-2022/Rayo-Vallecano-Stats
ESP-La Liga,2122,Real Betis,31,38,60,509,182,35.8,13.39,4.79,0.12,0.33,6,6,/en/squads/fc536746/2021-2022/Real-Betis-Stats
ESP-La Liga,2122,Real Madrid,31,38,80,645,243,37.7,16.97,6.39,0.12,0.33,8,12,/en/squads/53a2f082/2021-2022/Real-Madrid-Stats
ESP-La Liga,2122,Real Sociedad,32,38,40,430,143,33.3,11.32,3.76,0.09,0.28,9,10,/en/squads/e31d1cd9/2021-2022/Real-Sociedad-Stats
ESP-La Liga,2122,Sevilla,33,38,51,430,139,32.3,11.32,3.66,0.12,0.37,2,3,/en/squads/ad2be733/2021-2022/Sevilla-Stats
ESP-La Liga,2122,Valencia,34,38,45,394,129,32.7,10.37,3.39,0.11,0.35,8,9,/en/squads/dcc91a7b/2021-2022/Valencia-Stats
ESP-La Liga,2122,Villarreal,29,38,62,449,164,36.5,11.82,4.32,0.14,0.38,5,6,/en/squads/2a8183b3/2021-2022/Villarreal-Stats
ESP-La Liga,2223,Almería,29,38,49,439,155,35.3,11.55,4.08,0.11,0.32,2,3,/en/squads/78ecf4bb/2022-2023/Almeria-Stats
ESP-La Liga,2223,Athletic Club,26,38,46,541,157,29.0,14.24,4.13,0.09,0.29,5,7,/en/squads/2b390eca/2022-2023/Athletic-Club-Stats
ESP-La Liga,2223,Atlético Madrid,27,38,68,538,195,36.2,14.16,5.13,0.13,0.35,1,1,/en/squads/db3b9613/2022-2023/Atletico-Madrid-Stats
ESP-La Liga,2223,Barcelona,29,38,69,570,187,32.8,15.0,4.92,0.12,0.37,0,2,/en/squads/206d90db/2022-2023/Barcelona-Stats
ESP-La Liga,2223,Celta Vigo,26,38,41,470,160,34.0,12.37,4.21,0.09,0.26,2,3,/en/squads/f25da7fb/2022-2023/Celta-Vigo-Stats
ESP-La Liga,2223,Cádiz,38,38,29,390,108,27.7,10.26,2.84,0.07,0.27,4,5,/en/squads/ee7c297c/2022-2023/Cadiz-Stats
ESP-La Liga,2223,Elche,32,38,30,400,124,31.0,10.53,3.26,0.08,0.24,4,5,/en/squads/6c8b07df/2022-2023/Elche-Stats
ESP-La Liga,2223,Espanyol,33,38,51,417,151,36.2,10.97,3.97,0.12,0.34,5,5,/en/squads/a8661628/2022-2023/Espanyol-Stats
ESP-La Liga,2223,Getafe,25,38,34,365,116,31.8,9.61,3.05,0.09,0.29,5,8,/en/squads/7848bd64/2022-2023/Getafe-Stats
ESP-La Liga,2223,Girona,29,38,55,446,160,35.9,11.74,4.21,0.12,0.34,8,9,/en/squads/9024a00a/2022-2023/Girona-Stats
ESP-La Liga,2223,Mallorca,31,38,36,324,107,33.0,8.53,2.82,0.11,0.34,4,5,/en/squads/2aa12281/2022-2023/Mallorca-Stats
ESP-La Liga,2223,Osasuna,26,38,36,441,133,30.2,11.61,3.5,0.08,0.27,4,5,/en/squads/03c57e2b/2022-2023/Osasuna-Stats
ESP-La Liga,2223,Rayo Vallecano,28,38,41,510,146,28.6,13.42,3.84,0.08,0.28,4,8,/en/squads/98e8af82/2022-2023/Rayo-Vallecano-Stats
ESP-La Liga,2223,Real Betis,30,38,43,411,138,33.6,10.82,3.63,0.1,0.31,8,9,/en/squads/fc536746/2022-2023/Real-Betis-Stats
ESP-La Liga,2223,Real Madrid,26,38,73,634,206,32.5,16.68,5.42,0.12,0.35,9,12,/en/squads/53a2f082/2022-2023/Real-Madrid-Stats
ESP-La Liga,2223,Real Sociedad,30,38,47,465,173,37.2,12.24,4.55,0.1,0.27,2,4,/en/squads/e31d1cd9/2022-2023/Real-Sociedad-Stats
ESP-La Liga,2223,Sevilla,35,38,47,463,141,30.5,12.18,3.71,0.1,0.33,4,5,/en/squads/ad2be733/2022-2023/Sevilla-Stats
ESP-La Liga,2223,Valencia,28,38,40,480,140,29.2,12.63,3.68,0.08,0.29,5,8,/en/squads/dcc91a7b/2022-2023/Valencia-Stats
ESP-La Liga,2223,Valladolid,36,38,32,443,137,30.9,11.66,3.61,0.07,0.23,3,4,/en/squads/17859612/2022-2023/Valladolid-Stats
ESP-La Liga,2223,Villarreal,32,38,57,499,188,37.7,13.13,4.95,0.11,0.3,4,7,/en/squads/2a8183b3/2022-2023/Villarreal-Stats
ESP-La Liga,2324,Alavés,30,38,33,458,136,29.7,12.05,3.58,0.07,0.24,3,7,/en/squads/8d6fd021/2023-2024/Alaves-Stats
ESP-La Liga,2324,Almería,35,38,42,478,163,34.1,12.58,4.29,0.09,0.26,2,2,/en/squads/78ecf4bb/2023-2024/Almeria-Stats
ESP-La Liga,2324,Athletic Club,27,38,59,458,163,35.6,12.05,4.29,0.13,0.36,3,5,/en/squads/2b390eca/2023-2024/Athletic-Club-Stats
ESP-La Liga,2324,Atlético Madrid,27,38,68,475,197,41.5,12.5,5.18,0.14,0.35,5,6,/en/squads/db3b9613/2023-2024/Atletico-Madrid-Stats
ESP-La Liga,2324,Barcelona,29,38,76,588,219,37.2,15.47,5.76,0.13,0.35,6,7,/en/squads/206d90db/2023-2024/Barcelona-Stats
ESP-La Liga,2324,Celta Vigo,31,38,45,467,151,32.3,12.29,3.97,0.1,0.3,3,5,/en/squads/f25da7fb/2023-2024/Celta-Vigo-Stats
ESP-La Liga,2324,Cádiz,34,38,25,395,120,30.4,10.39,3.16,0.06,0.21,3,3,/en/squads/ee7c297c/2023-2024/Cadiz-Stats
ESP-La Liga,2324,Getafe,33,38,42,446,150,33.6,11.74,3.95,0.09,0.28,6,7,/en/squads/7848bd64/2023-2024/Getafe-Stats
ESP-La Liga,2324,Girona,25,38,84,476,178,37.4,12.53,4.68,0.18,0.47,7,8,/en/squads/9024a00a/2023-2024/Girona-Stats
ESP-La Liga,2324,Granada,40,38,35,394,123,31.2,10.37,3.24,0.09,0.28,5,8,/en/squads/a0435291/2023-2024/Granada-Stats
ESP-La Liga,2324,Las Palmas,29,38,33,386,120,31.1,10.16,3.16,0.09,0.28,3,5,/en/squads/0049d422/2023-2024/Las-Palmas-Stats
ESP-La Liga,2324,Mallorca,25,38,33,415,131,31.6,10.92,3.45,0.08,0.25,1,3,/en/squads/2aa12281/2023-2024/Mallorca-Stats
ESP-La Liga,2324,Osasuna,29,38,45,421,124,29.5,11.08,3.26,0.11,0.36,4,5,/en/squads/03c57e2b/2023-2024/Osasuna-Stats
ESP-La Liga,2324,Rayo Vallecano,26,38,29,487,160,32.9,12.82,4.21,0.06,0.18,6,6,/en/squads/98e8af82/2023-2024/Rayo-Vallecano-Stats
ESP-La Liga,2324,Real Betis,35,38,46,489,150,30.7,12.87,3.95,0.09,0.31,2,3,/en/squads/fc536746/2023-2024/Real-Betis-Stats
ESP-La Liga,2324,Real Madrid,27,38,85,593,242,40.8,15.61,6.37,0.14,0.35,2,5,/en/squads/53a2f082/2023-2024/Real-Madrid-Stats
ESP-La Liga,2324,Real Sociedad,31,38,48,457,147,32.2,12.03,3.87,0.11,0.33,4,4,/en/squads/e31d1cd9/2023-2024/Real-Sociedad-Stats
ESP-La Liga,2324,Sevilla,35,38,46,487,160,32.9,12.82,4.21,0.09,0.29,2,2,/en/squads/ad2be733/2023-2024/Sevilla-Stats
ESP-La Liga,2324,Valencia,29,38,39,368,123,33.4,9.68,3.24,0.11,0.32,8,9,/en/squads/dcc91a7b/2023-2024/Valencia-Stats
ESP-La Liga,2324,Villarreal,32,38,64,462,163,35.3,12.16,4.29,0.14,0.39,5,7,/en/squads/2a8183b3/2023-2024/Villarreal-Stats
ESP-La Liga,2425,Alavés,29,38,38,393,123,31.3,10.34,3.24,0.1,0.31,9,11,/en/squads/8d6fd021/2024-2025/Alaves-Stats
ESP-La Liga,2425,Athletic Club,31,38,53,462,148,32.0,12.16,3.89,0.11,0.36,3,6,/en/squads/2b390eca/2024-2025/Athletic-Club-Stats
ESP-La Liga,2425,Atlético Madrid,24,38,68,463,174,37.6,12.18,4.58,0.15,0.39,6,7,/en/squads/db3b9613/2024-2025/Atletico-Madrid-Stats
ESP-La Liga,2425,Barcelona,28,38,99,670,240,35.8,17.63,6.32,0.15,0.41,7,8,/en/squads/206d90db/2024-2025/Barcelona-Stats
ESP-La Liga,2425,Celta Vigo,30,38,58,442,167,37.8,11.63,4.39,0.13,0.35,8,9,/en/squads/f25da7fb/2024-2025/Celta-Vigo-Stats
ESP-La Liga,2425,Espanyol,27,38,38,351,98,27.9,9.24,2.58,0.11,0.39,5,5,/en/squads/a8661628/2024-2025/Espanyol-Stats
ESP-La Liga,2425,Getafe,30,38,34,430,122,28.4,11.32,3.21,0.08,0.28,5,5,/en/squads/7848bd64/2024-2025/Getafe-Stats
ESP-La Liga,2425,Girona,30,38,43,397,134,33.8,10.45,3.53,0.11,0.32,4,5,/en/squads/9024a00a/2024-2025/Girona-Stats
ESP-La Liga,2425,Las Palmas,34,38,38,409,134,32.8,10.76,3.53,0.09,0.28,3,4,/en/squads/0049d422/2024-2025/Las-Palmas-Stats
ESP-La Liga,2425,Leganés,26,38,38,345,110,31.9,9.08,2.89,0.11,0.35,5,7,/en/squads/7c6f2c78/2024-2025/Leganes-Stats
ESP-La Liga,2425,Mallorca,28,38,34,382,107,28.0,10.05,2.82,0.09,0.32,4,5,/en/squads/2aa12281/2024-2025/Mallorca-Stats
ESP-La Liga,2425,Osasuna,25,38,46,409,123,30.1,10.76,3.24,0.11,0.37,9,9,/en/squads/03c57e2b/2024-2025/Osasuna-Stats
ESP-La Liga,2425,Rayo Vallecano,26,38,38,514,162,31.5,13.53,4.26,0.07,0.23,0,1,/en/squads/98e8af82/2024-2025/Rayo-Vallecano-Stats
ESP-La Liga,2425,Real Betis,36,38,55,518,176,34.0,13.63,4.63,0.11,0.31,7,10,/en/squads/fc536746/2024-2025/Real-Betis-Stats
ESP-La Liga,2425,Real Madrid,30,38,78,621,229,36.9,16.34,6.03,0.13,0.34,10,14,/en/squads/53a2f082/2024-2025/Real-Madrid-Stats
ESP-La Liga,2425,Real Sociedad,31,38,34,387,123,31.8,10.18,3.24,0.09,0.28,4,4,/en/squads/e31d1cd9/2024-2025/Real-Sociedad-Stats
ESP-La Liga,2425,Sevilla,35,38,39,472,148,31.4,12.42,3.89,0.08,0.26,2,3,/en/squads/ad2be733/2024-2025/Sevilla-Stats
ESP-La Liga,2425,Valencia,32,38,43,383,116,30.3,10.08,3.05,0.11,0.37,5,5,/en/squads/dcc91a7b/2024-2025/Valencia-Stats
ESP-La Liga,2425,Valladolid,38,38,26,331,97,29.3,8.71,2.55,0.08,0.27,5,5,/en/squads/17859612/2024-2025/Valladolid-Stats
ESP-La Liga,2425,Villarreal,31,38,69,530,171,32.3,13.95,4.5,0.13,0.4,5,7,/en/squads/2a8183b3/2024-2025/Villarreal-Stats
ESP-La Liga,2526,Alavés,28,38,41,462,154,33.3,12.16,4.05,0.09,0.27,7,7,/en/squads/8d6fd021/2025-2026/Alaves-Stats
ESP-La Liga,2526,Athletic Club,29,38,42,522,172,33.0,13.74,4.53,0.08,0.24,5,6,/en/squads/2b390eca/2025-2026/Athletic-Club-Stats
ESP-La Liga,2526,Atlético Madrid,36,38,58,498,194,39.0,13.11,5.11,0.12,0.3,3,4,/en/squads/db3b9613/2025-2026/Atletico-Madrid-Stats
ESP-La Liga,2526,Barcelona,29,38,94,692,257,37.1,18.21,6.76,0.14,0.37,7,10,/en/squads/206d90db/2025-2026/Barcelona-Stats
ESP-La Liga,2526,Celta Vigo,31,38,52,382,153,40.1,10.05,4.03,0.14,0.34,8,8,/en/squads/f25da7fb/2025-2026/Celta-Vigo-Stats
ESP-La Liga,2526,Elche,32,38,47,410,145,35.4,10.79,3.82,0.11,0.32,4,5,/en/squads/6c8b07df/2025-2026/Elche-Stats
ESP-La Liga,2526,Espanyol,25,38,42,480,158,32.9,12.63,4.16,0.09,0.27,3,5,/en/squads/a8661628/2025-2026/Espanyol-Stats
ESP-La Liga,2526,Getafe,33,38,31,350,105,30.0,9.21,2.76,0.09,0.3,2,4,/en/squads/7848bd64/2025-2026/Getafe-Stats
ESP-La Liga,2526,Girona,32,38,38,426,157,36.9,11.21,4.13,0.09,0.24,7,8,/en/squads/9024a00a/2025-2026/Girona-Stats
ESP-La Liga,2526,Levante,30,38,47,476,147,30.9,12.53,3.87,0.1,0.32,2,6,/en/squads/9800b6a1/2025-2026/Levante-Stats
ESP-La Liga,2526,Mallorca,30,38,47,412,158,38.3,10.84,4.16,0.11,0.3,5,7,/en/squads/2aa12281/2025-2026/Mallorca-Stats
ESP-La Liga,2526,Osasuna,24,38,42,450,152,33.8,11.84,4.0,0.09,0.28,6,8,/en/squads/03c57e2b/2025-2026/Osasuna-Stats
ESP-La Liga,2526,Oviedo,31,38,26,377,119,31.6,9.92,3.13,0.07,0.22,2,3,/en/squads/ab358912/2025-2026/Oviedo-Stats
ESP-La Liga,2526,Rayo Vallecano,28,38,41,530,183,34.5,13.95,4.82,0.08,0.22,3,5,/en/squads/98e8af82/2025-2026/Rayo-Vallecano-Stats
ESP-La Liga,2526,Real Betis,29,38,58,540,183,33.9,14.21,4.82,0.11,0.32,3,3,/en/squads/fc536746/2025-2026/Real-Betis-Stats
ESP-La Liga,2526,Real Madrid,35,38,77,664,253,38.1,17.47,6.66,0.12,0.3,12,14,/en/squads/53a2f082/2025-2026/Real-Madrid-Stats
ESP-La Liga,2526,Real Sociedad,36,38,57,470,175,37.2,12.37,4.61,0.12,0.33,8,9,/en/squads/e31d1cd9/2025-2026/Real-Sociedad-Stats
ESP-La Liga,2526,Sevilla,33,38,44,438,137,31.3,11.53,3.61,0.1,0.32,5,6,/en/squads/ad2be733/2025-2026/Sevilla-Stats
ESP-La Liga,2526,Valencia,27,38,46,449,123,27.4,11.82,3.24,0.1,0.37,5,9,/en/squads/dcc91a7b/2025-2026/Valencia-Stats
ESP-La Liga,2526,Villarreal,33,38,71,455,172,37.8,11.97,4.53,0.16,0.41,7,7,/en/squads/2a8183b3/2025-2026/Villarreal-Stats
FRA-Ligue 1,1415,Bastia,31,38,35,,119,,,3.13,,0.29,5,5,/en/squads/6283be2c/2014-2015/Bastia-Stats
FRA-Ligue 1,1415,Bordeaux,30,38,46,,160,,,4.21,,0.29,8,8,/en/squads/123f3efe/2014-2015/Bordeaux-Stats
FRA-Ligue 1,1415,Caen,23,38,51,,156,,,4.11,,0.33,6,6,/en/squads/74229020/2014-2015/Caen-Stats
FRA-Ligue 1,1415,Evian,29,38,37,,105,,,2.76,,0.35,1,2,/en/squads/633fbb6e/2014-2015/Evian-Stats
FRA-Ligue 1,1415,Guingamp,28,38,40,,139,,,3.66,,0.29,7,7,/en/squads/d41b5f53/2014-2015/Guingamp-Stats
FRA-Ligue 1,1415,Lens,27,38,32,,128,,,3.37,,0.25,5,8,/en/squads/fd4e0f7d/2014-2015/Lens-Stats
FRA-Ligue 1,1415,Lille,27,38,42,,150,,,3.95,,0.28,5,8,/en/squads/cb188c0c/2014-2015/Lille-Stats
FRA-Ligue 1,1415,Lorient,32,38,41,,174,,,4.58,,0.24,5,5,/en/squads/d2c87802/2014-2015/Lorient-Stats
FRA-Ligue 1,1415,Lyon,26,38,69,,215,,,5.66,,0.32,9,12,/en/squads/d53c0b06/2014-2015/Lyon-Stats
FRA-Ligue 1,1415,Marseille,25,38,72,,203,,,5.34,,0.35,2,4,/en/squads/5725cc7b/2014-2015/Marseille-Stats
FRA-Ligue 1,1415,Metz,31,38,31,,153,,,4.03,,0.2,8,10,/en/squads/f83960ae/2014-2015/Metz-Stats
FRA-Ligue 1,1415,Monaco,27,38,50,,165,,,4.34,,0.3,5,7,/en/squads/fd6114db/2014-2015/Monaco-Stats
FRA-Ligue 1,1415,Montpellier,26,38,45,,137,,,3.61,,0.33,3,6,/en/squads/281b0e73/2014-2015/Montpellier-Stats
FRA-Ligue 1,1415,Nantes,27,38,26,,136,,,3.58,,0.19,4,6,/en/squads/d7a486cd/2014-2015/Nantes-Stats
FRA-Ligue 1,1415,Nice,30,38,44,,146,,,3.84,,0.3,4,4,/en/squads/132ebc33/2014-2015/Nice-Stats
FRA-Ligue 1,1415,PSG,23,38,80,,223,,,5.87,,0.36,13,14,/en/squads/e2d8892c/2014-2015/Paris-Saint-Germain-Stats
FRA-Ligue 1,1415,Reims,30,38,45,,138,,,3.63,,0.33,3,3,/en/squads/7fdd64e0/2014-2015/Reims-Stats
FRA-Ligue 1,1415,Rennes,22,38,34,,128,,,3.37,,0.27,1,3,/en/squads/b3072e00/2014-2015/Rennes-Stats
FRA-Ligue 1,1415,Saint-Étienne,24,38,50,,151,,,3.97,,0.33,5,7,/en/squads/d298ef2c/2014-2015/Saint-Etienne-Stats
FRA-Ligue 1,1415,Toulouse,27,38,42,,129,,,3.39,,0.33,3,3,/en/squads/3f8c4b5f/2014-2015/Toulouse-Stats
FRA-Ligue 1,1516,Angers,29,38,40,,155,,,4.08,,0.26,4,5,/en/squads/69236f98/2015-2016/Angers-Stats
FRA-Ligue 1,1516,Bastia,26,38,34,,108,,,2.84,,0.31,2,2,/en/squads/6283be2c/2015-2016/Bastia-Stats
FRA-Ligue 1,1516,Bordeaux,35,38,48,,143,,,3.76,,0.34,1,2,/en/squads/123f3efe/2015-2016/Bordeaux-Stats
FRA-Ligue 1,1516,Caen,24,38,38,,182,,,4.79,,0.21,5,6,/en/squads/74229020/2015-2016/Caen-Stats
FRA-Ligue 1,1516,Gazélec Ajaccio,23,38,36,,125,,,3.29,,0.29,3,3,/en/squads/73905dde/2015-2016/Gazelec-Ajaccio-Stats
FRA-Ligue 1,1516,Guingamp,28,38,46,,136,,,3.58,,0.34,2,3,/en/squads/d41b5f53/2015-2016/Guingamp-Stats
FRA-Ligue 1,1516,Lille,32,38,38,,178,,,4.68,,0.21,3,3,/en/squads/cb188c0c/2015-2016/Lille-Stats
FRA-Ligue 1,1516,Lorient,31,38,46,,192,,,5.05,,0.24,7,7,/en/squads/d2c87802/2015-2016/Lorient-Stats
FRA-Ligue 1,1516,Lyon,30,38,66,,208,,,5.47,,0.32,3,3,/en/squads/d53c0b06/2015-2016/Lyon-Stats
FRA-Ligue 1,1516,Marseille,28,38,48,,184,,,4.84,,0.26,2,4,/en/squads/5725cc7b/2015-2016/Marseille-Stats
FRA-Ligue 1,1516,Monaco,31,38,54,,167,,,4.39,,0.32,6,8,/en/squads/fd6114db/2015-2016/Monaco-Stats
FRA-Ligue 1,1516,Montpellier,30,38,46,,143,,,3.76,,0.32,2,2,/en/squads/281b0e73/2015-2016/Montpellier-Stats
FRA-Ligue 1,1516,Nantes,29,38,30,,132,,,3.47,,0.23,0,0,/en/squads/d7a486cd/2015-2016/Nantes-Stats
FRA-Ligue 1,1516,Nice,33,38,55,,159,,,4.18,,0.35,5,5,/en/squads/132ebc33/2015-2016/Nice-Stats
FRA-Ligue 1,1516,PSG,28,38,101,,249,,,6.55,,0.41,6,8,/en/squads/e2d8892c/2015-2016/Paris-Saint-Germain-Stats
FRA-Ligue 1,1516,Reims,31,38,43,,157,,,4.13,,0.27,2,3,/en/squads/7fdd64e0/2015-2016/Reims-Stats
FRA-Ligue 1,1516,Rennes,31,38,48,,155,,,4.08,,0.31,3,7,/en/squads/b3072e00/2015-2016/Rennes-Stats
FRA-Ligue 1,1516,Saint-Étienne,31,38,39,,137,,,3.61,,0.28,3,4,/en/squads/d298ef2c/2015-2016/Saint-Etienne-Stats
FRA-Ligue 1,1516,Toulouse,25,38,43,,159,,,4.18,,0.27,4,6,/en/squads/3f8c4b5f/2015-2016/Toulouse-Stats
FRA-Ligue 1,1516,Troyes,33,38,27,,146,,,3.84,,0.18,3,3,/en/squads/54195385/2015-2016/Troyes-Stats
FRA-Ligue 1,1617,Angers,29,38,39,531,183,34.5,13.97,4.82,0.07,0.21,3,4,/en/squads/69236f98/2016-2017/Angers-Stats
FRA-Ligue 1,1617,Bastia,29,38,28,385,122,31.7,10.13,3.21,0.07,0.23,0,1,/en/squads/6283be2c/2016-2017/Bastia-Stats
FRA-Ligue 1,1617,Bordeaux,27,38,51,456,157,34.4,12.0,4.13,0.11,0.32,4,7,/en/squads/123f3efe/2016-2017/Bordeaux-Stats
FRA-Ligue 1,1617,Caen,27,38,35,465,149,32.0,12.24,3.92,0.08,0.23,4,5,/en/squads/74229020/2016-2017/Caen-Stats
FRA-Ligue 1,1617,Dijon,27,38,42,430,158,36.7,11.32,4.16,0.1,0.27,3,4,/en/squads/8dfb7350/2016-2017/Dijon-Stats
FRA-Ligue 1,1617,Guingamp,25,38,46,446,167,37.4,11.74,4.39,0.1,0.28,4,4,/en/squads/d41b5f53/2016-2017/Guingamp-Stats
FRA-Ligue 1,1617,Lille,31,38,40,488,157,32.2,12.84,4.13,0.08,0.25,6,7,/en/squads/cb188c0c/2016-2017/Lille-Stats
FRA-Ligue 1,1617,Lorient,30,38,43,429,150,35.0,11.29,3.95,0.1,0.29,4,6,/en/squads/d2c87802/2016-2017/Lorient-Stats
FRA-Ligue 1,1617,Lyon,27,38,74,575,217,37.7,15.13,5.71,0.13,0.34,12,14,/en/squads/d53c0b06/2016-2017/Lyon-Stats
FRA-Ligue 1,1617,Marseille,27,38,56,469,173,36.9,12.34,4.55,0.12,0.32,4,4,/en/squads/5725cc7b/2016-2017/Marseille-Stats
FRA-Ligue 1,1617,Metz,31,38,37,356,115,32.3,9.37,3.03,0.1,0.32,8,9,/en/squads/f83960ae/2016-2017/Metz-Stats
FRA-Ligue 1,1617,Monaco,29,38,103,556,249,44.8,14.63,6.55,0.19,0.41,11,11,/en/squads/fd6114db/2016-2017/Monaco-Stats
FRA-Ligue 1,1617,Montpellier,32,38,48,506,164,32.4,13.32,4.32,0.09,0.29,3,3,/en/squads/281b0e73/2016-2017/Montpellier-Stats
FRA-Ligue 1,1617,Nancy,27,38,29,378,113,29.9,9.95,2.97,0.08,0.26,1,3,/en/squads/e88fc6e5/2016-2017/Nancy-Stats
FRA-Ligue 1,1617,Nantes,27,38,40,459,141,30.7,12.08,3.71,0.09,0.28,2,4,/en/squads/d7a486cd/2016-2017/Nantes-Stats
FRA-Ligue 1,1617,Nice,27,38,63,434,171,39.4,11.42,4.5,0.15,0.37,6,8,/en/squads/132ebc33/2016-2017/Nice-Stats
FRA-Ligue 1,1617,PSG,28,38,79,585,228,39.0,15.39,6.0,0.14,0.35,9,10,/en/squads/e2d8892c/2016-2017/Paris-Saint-Germain-Stats
FRA-Ligue 1,1617,Rennes,31,38,35,430,145,33.7,11.32,3.82,0.08,0.24,2,3,/en/squads/b3072e00/2016-2017/Rennes-Stats
FRA-Ligue 1,1617,Saint-Étienne,34,38,40,405,133,32.8,10.66,3.5,0.1,0.3,5,6,/en/squads/d298ef2c/2016-2017/Saint-Etienne-Stats
FRA-Ligue 1,1617,Toulouse,30,38,37,381,131,34.4,10.03,3.45,0.1,0.28,6,9,/en/squads/3f8c4b5f/2016-2017/Toulouse-Stats
FRA-Ligue 1,1718,Amiens,30,38,36,356,95,26.7,9.37,2.5,0.1,0.38,3,4,/en/squads/25622401/2017-2018/Amiens-Stats
FRA-Ligue 1,1718,Angers,27,38,41,458,151,33.0,12.05,3.97,0.09,0.27,4,4,/en/squads/69236f98/2017-2018/Angers-Stats
FRA-Ligue 1,1718,Bordeaux,31,38,52,465,143,30.8,12.24,3.76,0.11,0.36,4,6,/en/squads/123f3efe/2017-2018/Bordeaux-Stats
FRA-Ligue 1,1718,Caen,26,38,25,452,119,26.3,11.89,3.13,0.06,0.21,5,8,/en/squads/74229020/2017-2018/Caen-Stats
FRA-Ligue 1,1718,Dijon,26,38,52,435,154,35.4,11.45,4.05,0.12,0.34,5,5,/en/squads/8dfb7350/2017-2018/Dijon-Stats
FRA-Ligue 1,1718,Guingamp,23,38,46,442,156,35.3,11.63,4.11,0.1,0.29,6,7,/en/squads/d41b5f53/2017-2018/Guingamp-Stats
FRA-Ligue 1,1718,Lille,25,38,41,429,139,32.4,11.29,3.66,0.1,0.29,2,2,/en/squads/cb188c0c/2017-2018/Lille-Stats
FRA-Ligue 1,1718,Lyon,26,38,85,574,220,38.3,15.11,5.79,0.15,0.39,6,7,/en/squads/d53c0b06/2017-2018/Lyon-Stats
FRA-Ligue 1,1718,Marseille,26,38,79,619,219,35.4,16.29,5.76,0.13,0.36,5,8,/en/squads/5725cc7b/2017-2018/Marseille-Stats
FRA-Ligue 1,1718,Metz,36,38,33,426,156,36.6,11.21,4.11,0.08,0.21,3,4,/en/squads/f83960ae/2017-2018/Metz-Stats
FRA-Ligue 1,1718,Monaco,32,38,83,483,169,35.0,12.71,4.45,0.17,0.49,7,8,/en/squads/fd6114db/2017-2018/Monaco-Stats
FRA-Ligue 1,1718,Montpellier,23,38,36,490,154,31.4,12.89,4.05,0.07,0.23,0,2,/en/squads/281b0e73/2017-2018/Montpellier-Stats
FRA-Ligue 1,1718,Nantes,30,38,36,496,129,26.0,13.05,3.39,0.07,0.28,4,5,/en/squads/d7a486cd/2017-2018/Nantes-Stats
FRA-Ligue 1,1718,Nice,31,38,52,475,170,35.8,12.5,4.47,0.11,0.31,8,10,/en/squads/132ebc33/2017-2018/Nice-Stats
FRA-Ligue 1,1718,PSG,28,38,100,615,238,38.7,16.18,6.26,0.16,0.42,7,9,/en/squads/e2d8892c/2017-2018/Paris-Saint-Germain-Stats
FRA-Ligue 1,1718,Rennes,28,38,48,461,135,29.3,12.13,3.55,0.1,0.36,6,8,/en/squads/b3072e00/2017-2018/Rennes-Stats
FRA-Ligue 1,1718,Saint-Étienne,30,38,45,412,139,33.7,10.84,3.66,0.11,0.32,7,11,/en/squads/d298ef2c/2017-2018/Saint-Etienne-Stats
FRA-Ligue 1,1718,Strasbourg,25,38,43,445,121,27.2,11.71,3.18,0.1,0.36,7,7,/en/squads/c0d3eab4/2017-2018/Strasbourg-Stats
FRA-Ligue 1,1718,Toulouse,25,38,35,421,132,31.4,11.08,3.47,0.08,0.27,8,11,/en/squads/3f8c4b5f/2017-2018/Toulouse-Stats
FRA-Ligue 1,1718,Troyes,25,38,30,358,118,33.0,9.42,3.11,0.08,0.25,2,3,/en/squads/54195385/2017-2018/Troyes-Stats
FRA-Ligue 1,1819,Amiens,26,38,30,385,112,29.1,10.13,2.95,0.08,0.27,2,3,/en/squads/25622401/2018-2019/Amiens-Stats
FRA-Ligue 1,1819,Angers,24,38,42,442,144,32.6,11.63,3.79,0.1,0.29,5,10,/en/squads/69236f98/2018-2019/Angers-Stats
FRA-Ligue 1,1819,Bordeaux,33,38,34,421,131,31.1,11.08,3.45,0.08,0.26,5,6,/en/squads/123f3efe/2018-2019/Bordeaux-Stats
FRA-Ligue 1,1819,Caen,26,38,29,331,90,27.2,8.71,2.37,0.09,0.32,4,4,/en/squads/74229020/2018-2019/Caen-Stats
FRA-Ligue 1,1819,Dijon,26,38,29,451,138,30.6,11.87,3.63,0.06,0.21,3,4,/en/squads/8dfb7350/2018-2019/Dijon-Stats
FRA-Ligue 1,1819,Guingamp,30,38,28,411,108,26.3,10.82,2.84,0.07,0.26,5,6,/en/squads/d41b5f53/2018-2019/Guingamp-Stats
FRA-Ligue 1,1819,Lille,25,38,66,485,180,37.1,12.76,4.74,0.14,0.37,11,13,/en/squads/cb188c0c/2018-2019/Lille-Stats
FRA-Ligue 1,1819,Lyon,25,38,70,663,241,36.3,17.45,6.34,0.11,0.29,5,10,/en/squads/d53c0b06/2018-2019/Lyon-Stats
FRA-Ligue 1,1819,Marseille,24,38,59,525,164,31.2,13.82,4.32,0.11,0.36,4,5,/en/squads/5725cc7b/2018-2019/Marseille-Stats
FRA-Ligue 1,1819,Monaco,42,38,38,462,149,32.3,12.16,3.92,0.08,0.26,4,5,/en/squads/fd6114db/2018-2019/Monaco-Stats
FRA-Ligue 1,1819,Montpellier,25,38,50,507,163,32.1,13.34,4.29,0.1,0.31,3,3,/en/squads/281b0e73/2018-2019/Montpellier-Stats
FRA-Ligue 1,1819,Nantes,33,38,46,509,143,28.1,13.39,3.76,0.09,0.32,6,8,/en/squads/d7a486cd/2018-2019/Nantes-Stats
FRA-Ligue 1,1819,Nice,30,38,28,432,121,28.0,11.37,3.18,0.06,0.23,5,9,/en/squads/132ebc33/2018-2019/Nice-Stats
FRA-Ligue 1,1819,Nîmes,23,38,55,514,175,34.0,13.53,4.61,0.11,0.31,4,6,/en/squads/1cbf5f9e/2018-2019/Nimes-Stats
FRA-Ligue 1,1819,PSG,30,38,103,549,206,37.5,14.45,5.42,0.19,0.5,10,12,/en/squads/e2d8892c/2018-2019/Paris-Saint-Germain-Stats
FRA-Ligue 1,1819,Reims,27,38,39,404,132,32.7,10.63,3.47,0.1,0.3,2,2,/en/squads/7fdd64e0/2018-2019/Reims-Stats
FRA-Ligue 1,1819,Rennes,28,38,52,461,147,31.9,12.13,3.87,0.11,0.35,7,10,/en/squads/b3072e00/2018-2019/Rennes-Stats
FRA-Ligue 1,1819,Saint-Étienne,29,38,56,493,166,33.7,12.97,4.37,0.11,0.34,5,5,/en/squads/d298ef2c/2018-2019/Saint-Etienne-Stats
FRA-Ligue 1,1819,Strasbourg,26,38,57,396,144,36.4,10.42,3.79,0.14,0.4,5,7,/en/squads/c0d3eab4/2018-2019/Strasbourg-Stats
FRA-Ligue 1,1819,Toulouse,29,38,35,422,119,28.2,11.11,3.13,0.08,0.29,7,11,/en/squads/3f8c4b5f/2018-2019/Toulouse-Stats
FRA-Ligue 1,1920,Amiens,27,28,30,229,77,33.6,8.18,2.75,0.13,0.39,3,5,/en/squads/25622401/2019-2020/Amiens-Stats
FRA-Ligue 1,1920,Angers,26,28,27,363,113,31.1,12.96,4.04,0.07,0.24,1,1,/en/squads/69236f98/2019-2020/Angers-Stats
FRA-Ligue 1,1920,Bordeaux,26,28,40,308,106,34.4,11.0,3.79,0.13,0.38,2,2,/en/squads/123f3efe/2019-2020/Bordeaux-Stats
FRA-Ligue 1,1920,Brest,24,28,32,320,97,30.3,11.43,3.46,0.1,0.33,1,5,/en/squads/fb08dbb3/2019-2020/Brest-Stats
FRA-Ligue 1,1920,Dijon,28,28,26,335,100,29.9,11.96,3.57,0.08,0.26,1,1,/en/squads/8dfb7350/2019-2020/Dijon-Stats
FRA-Ligue 1,1920,Lille,25,28,35,342,121,35.4,12.21,4.32,0.1,0.29,5,8,/en/squads/cb188c0c/2019-2020/Lille-Stats
FRA-Ligue 1,1920,Lyon,27,28,42,354,130,36.7,12.64,4.64,0.12,0.32,5,6,/en/squads/d53c0b06/2019-2020/Lyon-Stats
FRA-Ligue 1,1920,Marseille,23,28,38,370,115,31.1,13.21,4.11,0.1,0.33,4,6,/en/squads/5725cc7b/2019-2020/Marseille-Stats
FRA-Ligue 1,1920,Metz,24,28,27,306,96,31.4,10.93,3.43,0.09,0.28,2,4,/en/squads/f83960ae/2019-2020/Metz-Stats
FRA-Ligue 1,1920,Monaco,28,28,44,376,135,35.9,13.43,4.82,0.12,0.33,4,4,/en/squads/fd6114db/2019-2020/Monaco-Stats
FRA-Ligue 1,1920,Montpellier,27,28,33,348,112,32.2,12.43,4.0,0.09,0.29,2,5,/en/squads/281b0e73/2019-2020/Montpellier-Stats
FRA-Ligue 1,1920,Nantes,29,28,23,332,112,33.7,11.86,4.0,0.07,0.21,2,2,/en/squads/d7a486cd/2019-2020/Nantes-Stats
FRA-Ligue 1,1920,Nice,31,28,41,334,125,37.4,11.93,4.46,0.12,0.33,5,5,/en/squads/132ebc33/2019-2020/Nice-Stats
FRA-Ligue 1,1920,Nîmes,28,28,29,355,105,29.6,12.68,3.75,0.08,0.28,2,2,/en/squads/1cbf5f9e/Nimes-Stats
FRA-Ligue 1,1920,PSG,31,27,71,441,186,42.2,16.33,6.89,0.16,0.38,6,8,/en/squads/e2d8892c/2019-2020/Paris-Saint-Germain-Stats
FRA-Ligue 1,1920,Reims,26,28,26,333,87,26.1,11.89,3.11,0.08,0.3,5,5,/en/squads/7fdd64e0/2019-2020/Reims-Stats
FRA-Ligue 1,1920,Rennes,26,28,37,336,108,32.1,12.0,3.86,0.11,0.34,3,5,/en/squads/b3072e00/2019-2020/Rennes-Stats
FRA-Ligue 1,1920,Saint-Étienne,31,28,28,304,97,31.9,10.86,3.46,0.09,0.29,5,5,/en/squads/d298ef2c/2019-2020/Saint-Etienne-Stats
FRA-Ligue 1,1920,Strasbourg,25,27,32,323,105,32.5,11.96,3.89,0.1,0.3,3,4,/en/squads/c0d3eab4/2019-2020/Strasbourg-Stats
FRA-Ligue 1,1920,Toulouse,30,28,21,310,90,29.0,11.07,3.21,0.07,0.23,4,6,/en/squads/3f8c4b5f/2019-2020/Toulouse-Stats
FRA-Ligue 1,2021,Angers,31,38,40,401,135,33.7,10.55,3.55,0.1,0.3,5,6,/en/squads/69236f98/2020-2021/Angers-Stats
FRA-Ligue 1,2021,Bordeaux,28,38,41,417,137,32.9,10.97,3.61,0.1,0.3,4,4,/en/squads/123f3efe/2020-2021/Bordeaux-Stats
FRA-Ligue 1,2021,Brest,26,38,48,445,155,34.8,11.71,4.08,0.11,0.31,3,4,/en/squads/fb08dbb3/2020-2021/Brest-Stats
FRA-Ligue 1,2021,Dijon,33,38,25,345,87,25.2,9.08,2.29,0.07,0.29,3,5,/en/squads/8dfb7350/2020-2021/Dijon-Stats
FRA-Ligue 1,2021,Lens,27,38,53,434,133,30.6,11.42,3.5,0.12,0.4,10,12,/en/squads/fd4e0f7d/2020-2021/Lens-Stats
FRA-Ligue 1,2021,Lille,21,38,62,481,178,37.0,12.66,4.68,0.13,0.35,5,5,/en/squads/cb188c0c/2020-2021/Lille-Stats
FRA-Ligue 1,2021,Lorient,27,38,49,416,130,31.3,10.95,3.42,0.12,0.38,9,10,/en/squads/d2c87802/2020-2021/Lorient-Stats
FRA-Ligue 1,2021,Lyon,29,38,76,601,222,36.9,15.82,5.84,0.13,0.34,11,11,/en/squads/d53c0b06/2020-2021/Lyon-Stats
FRA-Ligue 1,2021,Marseille,31,38,53,374,128,34.2,9.84,3.37,0.14,0.41,4,7,/en/squads/5725cc7b/2020-2021/Marseille-Stats
FRA-Ligue 1,2021,Metz,27,38,42,425,127,29.9,11.18,3.34,0.1,0.33,7,11,/en/squads/f83960ae/2020-2021/Metz-Stats
FRA-Ligue 1,2021,Monaco,30,38,76,471,160,34.0,12.39,4.21,0.16,0.48,12,15,/en/squads/fd6114db/2020-2021/Monaco-Stats
FRA-Ligue 1,2021,Montpellier,25,38,60,459,168,36.6,12.08,4.42,0.13,0.36,2,5,/en/squads/281b0e73/2020-2021/Montpellier-Stats
FRA-Ligue 1,2021,Nantes,25,38,47,402,120,29.9,10.58,3.16,0.12,0.39,8,9,/en/squads/d7a486cd/2020-2021/Nantes-Stats
FRA-Ligue 1,2021,Nice,31,38,49,402,138,34.3,10.58,3.63,0.12,0.36,7,7,/en/squads/132ebc33/2020-2021/Nice-Stats
FRA-Ligue 1,2021,Nîmes,33,38,40,384,131,34.1,10.11,3.45,0.1,0.31,7,8,/en/squads/1cbf5f9e/2020-2021/Nimes-Stats
FRA-Ligue 1,2021,PSG,33,38,84,557,200,35.9,14.66,5.26,0.15,0.42,12,13,/en/squads/e2d8892c/2020-2021/Paris-Saint-Germain-Stats
FRA-Ligue 1,2021,Reims,29,38,39,358,122,34.1,9.42,3.21,0.11,0.32,5,5,/en/squads/7fdd64e0/2020-2021/Reims-Stats
FRA-Ligue 1,2021,Rennes,32,38,50,510,159,31.2,13.42,4.18,0.1,0.31,3,3,/en/squads/b3072e00/2020-2021/Rennes-Stats
FRA-Ligue 1,2021,Saint-Étienne,40,38,40,432,140,32.4,11.37,3.68,0.09,0.29,6,9,/en/squads/d298ef2c/2020-2021/Saint-Etienne-Stats
FRA-Ligue 1,2021,Strasbourg,26,38,49,419,129,30.8,11.03,3.39,0.12,0.38,10,12,/en/squads/c0d3eab4/2020-2021/Strasbourg-Stats
FRA-Ligue 1,2122,Angers,30,38,41,384,123,32.0,10.11,3.24,0.11,0.33,9,9,/en/squads/69236f98/2021-2022/Angers-Stats
FRA-Ligue 1,2122,Bordeaux,39,38,50,446,145,32.5,11.74,3.82,0.11,0.34,2,4,/en/squads/123f3efe/2021-2022/Bordeaux-Stats
FRA-Ligue 1,2122,Brest,25,38,48,394,138,35.0,10.37,3.63,0.12,0.35,7,8,/en/squads/fb08dbb3/2021-2022/Brest-Stats
FRA-Ligue 1,2122,Clermont Foot,28,38,36,436,134,30.7,11.47,3.53,0.08,0.27,2,3,/en/squads/d9676424/2021-2022/Clermont-Foot-Stats
FRA-Ligue 1,2122,Lens,28,38,60,511,183,35.8,13.45,4.82,0.12,0.33,5,5,/en/squads/fd4e0f7d/2021-2022/Lens-Stats
FRA-Ligue 1,2122,Lille,26,38,45,461,150,32.5,12.13,3.95,0.1,0.3,4,5,/en/squads/cb188c0c/2021-2022/Lille-Stats
FRA-Ligue 1,2122,Lorient,29,38,35,442,146,33.0,11.63,3.84,0.08,0.24,3,3,/en/squads/d2c87802/2021-2022/Lorient-Stats
FRA-Ligue 1,2122,Lyon,30,38,64,546,192,35.2,14.37,5.05,0.12,0.33,8,8,/en/squads/d53c0b06/2021-2022/Lyon-Stats
FRA-Ligue 1,2122,Marseille,27,38,61,489,157,32.1,12.87,4.13,0.12,0.39,10,10,/en/squads/5725cc7b/2021-2022/Marseille-Stats
FRA-Ligue 1,2122,Metz,36,38,33,370,112,30.3,9.74,2.95,0.09,0.29,1,1,/en/squads/f83960ae/2021-2022/Metz-Stats
FRA-Ligue 1,2122,Monaco,27,38,62,445,153,34.4,11.71,4.03,0.14,0.41,9,9,/en/squads/fd6114db/2021-2022/Monaco-Stats
FRA-Ligue 1,2122,Montpellier,27,38,48,433,151,34.9,11.39,3.97,0.11,0.32,3,4,/en/squads/281b0e73/2021-2022/Montpellier-Stats
FRA-Ligue 1,2122,Nantes,26,38,53,420,145,34.5,11.05,3.82,0.13,0.37,5,5,/en/squads/d7a486cd/2021-2022/Nantes-Stats
FRA-Ligue 1,2122,Nice,27,38,52,442,144,32.6,11.63,3.79,0.12,0.36,8,10,/en/squads/132ebc33/2021-2022/Nice-Stats
FRA-Ligue 1,2122,PSG,36,38,88,555,202,36.4,14.61,5.32,0.16,0.44,7,8,/en/squads/e2d8892c/2021-2022/Paris-Saint-Germain-Stats
FRA-Ligue 1,2122,Reims,35,38,42,389,137,35.2,10.24,3.61,0.11,0.31,4,6,/en/squads/7fdd64e0/2021-2022/Reims-Stats
FRA-Ligue 1,2122,Rennes,28,38,81,548,194,35.4,14.42,5.11,0.15,0.42,4,4,/en/squads/b3072e00/2021-2022/Rennes-Stats
FRA-Ligue 1,2122,Saint-Étienne,39,38,41,434,141,32.5,11.42,3.71,0.09,0.29,5,5,/en/squads/d298ef2c/2021-2022/Saint-Etienne-Stats
FRA-Ligue 1,2122,Strasbourg,26,38,56,470,150,31.9,12.37,3.95,0.12,0.37,6,8,/en/squads/c0d3eab4/2021-2022/Strasbourg-Stats
FRA-Ligue 1,2122,Troyes,35,38,35,379,120,31.7,9.97,3.16,0.09,0.29,6,7,/en/squads/54195385/2021-2022/Troyes-Stats
FRA-Ligue 1,2223,Ajaccio,36,38,22,311,81,26.0,8.18,2.13,0.07,0.27,6,9,/en/squads/7a54bb4f/2022-2023/Ajaccio-Stats
FRA-Ligue 1,2223,Angers,33,38,31,367,121,33.0,9.66,3.18,0.08,0.26,4,4,/en/squads/69236f98/2022-2023/Angers-Stats
FRA-Ligue 1,2223,Auxerre,33,38,32,420,117,27.9,11.05,3.08,0.08,0.27,7,9,/en/squads/5ae09109/2022-2023/Auxerre-Stats
FRA-Ligue 1,2223,Brest,29,38,43,417,132,31.7,10.97,3.47,0.1,0.33,7,8,/en/squads/fb08dbb3/2022-2023/Brest-Stats
FRA-Ligue 1,2223,Clermont Foot,28,38,44,393,139,35.4,10.34,3.66,0.11,0.32,7,10,/en/squads/d9676424/2022-2023/Clermont-Foot-Stats
FRA-Ligue 1,2223,Lens,29,38,66,518,177,34.2,13.63,4.66,0.13,0.37,6,9,/en/squads/fd4e0f7d/2022-2023/Lens-Stats
FRA-Ligue 1,2223,Lille,26,38,65,545,201,36.9,14.34,5.29,0.12,0.32,11,12,/en/squads/cb188c0c/2022-2023/Lille-Stats
FRA-Ligue 1,2223,Lorient,30,38,49,397,149,37.5,10.45,3.92,0.12,0.33,4,6,/en/squads/d2c87802/2022-2023/Lorient-Stats
FRA-Ligue 1,2223,Lyon,29,38,63,511,199,38.9,13.45,5.24,0.12,0.32,6,8,/en/squads/d53c0b06/2022-2023/Lyon-Stats
FRA-Ligue 1,2223,Marseille,30,38,61,546,173,31.7,14.37,4.55,0.11,0.35,6,7,/en/squads/5725cc7b/2022-2023/Marseille-Stats
FRA-Ligue 1,2223,Monaco,27,38,69,470,199,42.3,12.37,5.24,0.15,0.35,5,8,/en/squads/fd6114db/2022-2023/Monaco-Stats
FRA-Ligue 1,2223,Montpellier,31,38,64,435,165,37.9,11.45,4.34,0.15,0.39,7,7,/en/squads/281b0e73/2022-2023/Montpellier-Stats
FRA-Ligue 1,2223,Nantes,29,38,35,443,151,34.1,11.66,3.97,0.08,0.23,3,5,/en/squads/d7a486cd/2022-2023/Nantes-Stats
FRA-Ligue 1,2223,Nice,34,38,47,507,187,36.9,13.34,4.92,0.09,0.25,6,7,/en/squads/132ebc33/2022-2023/Nice-Stats
FRA-Ligue 1,2223,PSG,26,38,86,562,242,43.1,14.79,6.37,0.15,0.36,5,7,/en/squads/e2d8892c/2022-2023/Paris-Saint-Germain-Stats
FRA-Ligue 1,2223,Reims,34,38,45,516,165,32.0,13.58,4.34,0.09,0.27,7,8,/en/squads/7fdd64e0/2022-2023/Reims-Stats
FRA-Ligue 1,2223,Rennes,32,38,66,526,189,35.9,13.84,4.97,0.13,0.35,3,3,/en/squads/b3072e00/2022-2023/Rennes-Stats
FRA-Ligue 1,2223,Strasbourg,29,38,48,442,150,33.9,11.63,3.95,0.11,0.32,5,7,/en/squads/c0d3eab4/2022-2023/Strasbourg-Stats
FRA-Ligue 1,2223,Toulouse,29,38,50,453,171,37.7,11.92,4.5,0.11,0.29,4,4,/en/squads/3f8c4b5f/2022-2023/Toulouse-Stats
FRA-Ligue 1,2223,Troyes,32,38,43,390,130,33.3,10.26,3.42,0.11,0.33,5,5,/en/squads/54195385/2022-2023/Troyes-Stats
FRA-Ligue 1,2324,Brest,25,34,51,481,165,34.3,14.15,4.85,0.11,0.31,4,4,/en/squads/fb08dbb3/2023-2024/Brest-Stats
FRA-Ligue 1,2324,Clermont Foot,31,34,26,382,120,31.4,11.24,3.53,0.07,0.22,6,8,/en/squads/d9676424/2023-2024/Clermont-Foot-Stats
FRA-Ligue 1,2324,Le Havre,27,34,33,381,113,29.7,11.21,3.32,0.09,0.29,6,7,/en/squads/5c2737db/2023-2024/Le-Havre-Stats
FRA-Ligue 1,2324,Lens,27,34,45,487,167,34.3,14.32,4.91,0.09,0.27,6,7,/en/squads/fd4e0f7d/2023-2024/Lens-Stats
FRA-Ligue 1,2324,Lille,28,34,50,438,165,37.7,12.88,4.85,0.11,0.3,2,3,/en/squads/cb188c0c/2023-2024/Lille-Stats
FRA-Ligue 1,2324,Lorient,38,34,41,368,135,36.7,10.82,3.97,0.11,0.3,1,1,/en/squads/d2c87802/2023-2024/Lorient-Stats
FRA-Ligue 1,2324,Lyon,35,34,48,439,168,38.3,12.91,4.94,0.11,0.29,4,4,/en/squads/d53c0b06/2023-2024/Lyon-Stats
FRA-Ligue 1,2324,Marseille,33,34,50,477,152,31.9,14.03,4.47,0.1,0.33,4,4,/en/squads/5725cc7b/2023-2024/Marseille-Stats
FRA-Ligue 1,2324,Metz,30,34,35,326,106,32.5,9.59,3.12,0.11,0.33,4,6,/en/squads/f83960ae/2023-2024/Metz-Stats
FRA-Ligue 1,2324,Monaco,30,34,66,512,202,39.5,15.06,5.94,0.13,0.33,2,5,/en/squads/fd6114db/2023-2024/Monaco-Stats
FRA-Ligue 1,2324,Montpellier,31,34,41,437,153,35.0,12.85,4.5,0.09,0.27,7,7,/en/squads/281b0e73/2023-2024/Montpellier-Stats
FRA-Ligue 1,2324,Nantes,35,34,30,376,129,34.3,11.06,3.79,0.08,0.23,4,5,/en/squads/d7a486cd/2023-2024/Nantes-Stats
FRA-Ligue 1,2324,Nice,27,34,39,452,149,33.0,13.29,4.38,0.09,0.26,6,7,/en/squads/132ebc33/2023-2024/Nice-Stats
FRA-Ligue 1,2324,PSG,29,34,78,504,187,37.1,14.82,5.5,0.15,0.42,7,9,/en/squads/e2d8892c/2023-2024/Paris-Saint-Germain-Stats
FRA-Ligue 1,2324,Reims,29,34,40,411,126,30.7,12.09,3.71,0.1,0.32,3,4,/en/squads/7fdd64e0/2023-2024/Reims-Stats
FRA-Ligue 1,2324,Rennes,29,34,53,476,157,33.0,14.0,4.62,0.11,0.34,10,11,/en/squads/b3072e00/2023-2024/Rennes-Stats
FRA-Ligue 1,2324,Strasbourg,30,34,36,363,119,32.8,10.68,3.5,0.1,0.3,3,4,/en/squads/c0d3eab4/2023-2024/Strasbourg-Stats
FRA-Ligue 1,2324,Toulouse,26,34,42,395,128,32.4,11.62,3.76,0.11,0.33,6,9,/en/squads/3f8c4b5f/2023-2024/Toulouse-Stats
FRA-Ligue 1,2425,Angers,30,34,31,311,91,29.3,9.15,2.68,0.1,0.34,5,6,/en/squads/69236f98/2024-2025/Angers-Stats
FRA-Ligue 1,2425,Auxerre,29,34,47,375,144,38.4,11.03,4.24,0.13,0.33,4,5,/en/squads/5ae09109/2024-2025/Auxerre-Stats
FRA-Ligue 1,2425,Brest,30,34,52,409,151,36.9,12.03,4.44,0.13,0.34,7,9,/en/squads/fb08dbb3/2024-2025/Brest-Stats
FRA-Ligue 1,2425,Le Havre,31,34,37,339,97,28.6,9.97,2.85,0.11,0.38,9,10,/en/squads/5c2737db/2024-2025/Le-Havre-Stats
FRA-Ligue 1,2425,Lens,33,34,40,484,148,30.6,14.24,4.35,0.08,0.27,5,5,/en/squads/fd4e0f7d/2024-2025/Lens-Stats
FRA-Ligue 1,2425,Lille,27,34,52,424,154,36.3,12.47,4.53,0.12,0.34,7,10,/en/squads/cb188c0c/2024-2025/Lille-Stats
FRA-Ligue 1,2425,Lyon,31,34,62,434,173,39.9,12.76,5.09,0.14,0.36,8,10,/en/squads/d53c0b06/2024-2025/Lyon-Stats
FRA-Ligue 1,2425,Marseille,32,34,70,481,185,38.5,14.15,5.44,0.15,0.38,8,10,/en/squads/5725cc7b/2024-2025/Marseille-Stats
FRA-Ligue 1,2425,Monaco,28,34,63,493,180,36.5,14.5,5.29,0.13,0.35,6,7,/en/squads/fd6114db/2024-2025/Monaco-Stats
FRA-Ligue 1,2425,Montpellier,35,34,23,371,111,29.9,10.91,3.26,0.06,0.21,3,4,/en/squads/281b0e73/2024-2025/Montpellier-Stats
FRA-Ligue 1,2425,Nantes,30,34,39,345,119,34.5,10.15,3.5,0.11,0.33,5,5,/en/squads/d7a486cd/2024-2025/Nantes-Stats
FRA-Ligue 1,2425,Nice,31,34,62,486,183,37.7,14.29,5.38,0.13,0.34,6,6,/en/squads/132ebc33/2024-2025/Nice-Stats
FRA-Ligue 1,2425,PSG,28,34,89,628,272,43.3,18.47,8.0,0.14,0.33,6,7,/en/squads/e2d8892c/2024-2025/Paris-Saint-Germain-Stats
FRA-Ligue 1,2425,Reims,34,34,32,393,111,28.2,11.56,3.26,0.08,0.29,1,2,/en/squads/7fdd64e0/2024-2025/Reims-Stats
FRA-Ligue 1,2425,Rennes,35,34,51,423,155,36.6,12.44,4.56,0.12,0.33,5,8,/en/squads/b3072e00/2024-2025/Rennes-Stats
FRA-Ligue 1,2425,Saint-Étienne,32,34,39,366,115,31.4,10.76,3.38,0.11,0.34,3,4,/en/squads/d298ef2c/2024-2025/Saint-Etienne-Stats
FRA-Ligue 1,2425,Strasbourg,30,34,54,354,140,39.5,10.41,4.12,0.15,0.39,2,2,/en/squads/c0d3eab4/2024-2025/Strasbourg-Stats
FRA-Ligue 1,2425,Toulouse,27,34,42,399,145,36.3,11.74,4.26,0.11,0.29,3,4,/en/squads/3f8c4b5f/2024-2025/Toulouse-Stats
FRA-Ligue 1,2526,Angers,30,34,28,316,111,35.1,9.29,3.26,0.09,0.25,3,5,/en/squads/69236f98/2025-2026/Angers-Stats
FRA-Ligue 1,2526,Auxerre,30,34,30,364,119,32.7,10.71,3.5,0.08,0.25,3,5,/en/squads/5ae09109/2025-2026/Auxerre-Stats
FRA-Ligue 1,2526,Brest,27,34,42,380,120,31.6,11.18,3.53,0.11,0.35,6,8,/en/squads/fb08dbb3/2025-2026/Brest-Stats
FRA-Ligue 1,2526,Le Havre,31,34,31,373,124,33.2,10.97,3.65,0.08,0.25,2,6,/en/squads/5c2737db/2025-2026/Le-Havre-Stats
FRA-Ligue 1,2526,Lens,30,34,65,561,189,33.7,16.5,5.56,0.12,0.34,4,5,/en/squads/fd4e0f7d/2025-2026/Lens-Stats
FRA-Ligue 1,2526,Lille,30,34,51,464,157,33.8,13.65,4.62,0.11,0.32,7,8,/en/squads/cb188c0c/2025-2026/Lille-Stats
FRA-Ligue 1,2526,Lorient,26,34,47,385,134,34.8,11.32,3.94,0.12,0.35,3,7,/en/squads/d2c87802/2025-2026/Lorient-Stats
FRA-Ligue 1,2526,Lyon,32,34,52,417,159,38.1,12.26,4.68,0.12,0.33,3,5,/en/squads/d53c0b06/2025-2026/Lyon-Stats
FRA-Ligue 1,2526,Marseille,38,34,62,512,195,38.1,15.06,5.74,0.12,0.32,6,8,/en/squads/5725cc7b/2025-2026/Marseille-Stats
FRA-Ligue 1,2526,Metz,33,34,31,342,108,31.6,10.06,3.18,0.09,0.29,5,6,/en/squads/f83960ae/2025-2026/Metz-Stats
FRA-Ligue 1,2526,Monaco,32,34,57,426,151,35.4,12.53,4.44,0.13,0.38,6,7,/en/squads/fd6114db/2025-2026/Monaco-Stats
FRA-Ligue 1,2526,Nantes,33,33,28,374,108,28.9,11.33,3.27,0.07,0.26,2,4,/en/squads/d7a486cd/2025-2026/Nantes-Stats
FRA-Ligue 1,2526,Nice,36,34,35,382,134,35.1,11.24,3.94,0.09,0.26,3,3,/en/squads/132ebc33/2025-2026/Nice-Stats
FRA-Ligue 1,2526,PSG,28,34,73,601,226,37.6,17.68,6.65,0.12,0.32,5,8,/en/squads/e2d8892c/2025-2026/Paris-Saint-Germain-Stats
FRA-Ligue 1,2526,Paris FC,31,34,46,395,135,34.2,11.62,3.97,0.12,0.34,5,6,/en/squads/056a5a75/2025-2026/Paris-FC-Stats
FRA-Ligue 1,2526,Rennes,33,34,56,482,169,35.1,14.18,4.97,0.12,0.33,5,6,/en/squads/b3072e00/2025-2026/Rennes-Stats
FRA-Ligue 1,2526,Strasbourg,35,34,57,389,158,40.6,11.44,4.65,0.15,0.36,6,7,/en/squads/c0d3eab4/2025-2026/Strasbourg-Stats
FRA-Ligue 1,2526,Toulouse,26,33,46,425,143,33.6,12.88,4.33,0.11,0.32,4,7,/en/squads/3f8c4b5f/2025-2026/Toulouse-Stats
ITA-Serie A,1415,Atalanta,32,38,37,,144,,,3.79,,0.26,4,5,/en/squads/922493f3/2014-2015/Atalanta-Stats
ITA-Serie A,1415,Cagliari,29,38,45,,193,,,5.08,,0.23,4,7,/en/squads/c4260e09/2014-2015/Cagliari-Stats
ITA-Serie A,1415,Cesena,33,38,34,,121,,,3.18,,0.28,5,6,/en/squads/283f2557/2014-2015/Cesena-Stats
ITA-Serie A,1415,Chievo,27,38,27,,151,,,3.97,,0.18,1,2,/en/squads/cc919b35/2014-2015/Chievo-Stats
ITA-Serie A,1415,Empoli,26,38,43,,184,,,4.84,,0.23,3,3,/en/squads/a3d88bd8/2014-2015/Empoli-Stats
ITA-Serie A,1415,Fiorentina,30,38,61,,222,,,5.84,,0.27,2,7,/en/squads/421387cf/2014-2015/Fiorentina-Stats
ITA-Serie A,1415,Genoa,33,38,58,,184,,,4.84,,0.32,5,7,/en/squads/658bf2de/2014-2015/Genoa-Stats
ITA-Serie A,1415,Hellas Verona,30,38,48,,170,,,4.47,,0.28,4,6,/en/squads/0e72edf2/2014-2015/Hellas-Verona-Stats
ITA-Serie A,1415,Inter,34,38,58,,205,,,5.39,,0.28,5,7,/en/squads/d609edc0/2014-2015/Internazionale-Stats
ITA-Serie A,1415,Juventus,28,38,71,,221,,,5.82,,0.32,6,9,/en/squads/e0652b02/2014-2015/Juventus-Stats
ITA-Serie A,1415,Lazio,29,38,70,,232,,,6.11,,0.3,3,5,/en/squads/7213da33/2014-2015/Lazio-Stats
ITA-Serie A,1415,Milan,35,38,54,,161,,,4.24,,0.34,11,11,/en/squads/dc56fe14/2014-2015/Milan-Stats
ITA-Serie A,1415,Napoli,26,38,65,,257,,,6.76,,0.25,4,9,/en/squads/d48ad4ff/2014-2015/Napoli-Stats
ITA-Serie A,1415,Palermo,31,38,52,,169,,,4.45,,0.31,5,7,/en/squads/ee058a17/2014-2015/Palermo-Stats
ITA-Serie A,1415,Parma,38,38,31,,131,,,3.45,,0.24,2,2,/en/squads/eab4234c/2014-2015/Parma-Stats
ITA-Serie A,1415,Roma,32,38,53,,185,,,4.87,,0.29,6,7,/en/squads/cf74a709/2014-2015/Roma-Stats
ITA-Serie A,1415,Sampdoria,30,38,46,,162,,,4.26,,0.28,2,2,/en/squads/8ff9e3b3/2014-2015/Sampdoria-Stats
ITA-Serie A,1415,Sassuolo,27,38,47,,164,,,4.32,,0.29,7,9,/en/squads/e2befd26/2014-2015/Sassuolo-Stats
ITA-Serie A,1415,Torino,31,38,48,,177,,,4.66,,0.27,3,6,/en/squads/105360fe/2014-2015/Torino-Stats
ITA-Serie A,1415,Udinese,28,38,41,,132,,,3.47,,0.31,1,1,/en/squads/04eea015/2014-2015/Udinese-Stats
ITA-Serie A,1516,Atalanta,33,38,38,,135,,,3.55,,0.28,4,6,/en/squads/922493f3/2015-2016/Atalanta-Stats
ITA-Serie A,1516,Bologna,31,38,33,,110,,,2.89,,0.3,2,3,/en/squads/1d8099f8/2015-2016/Bologna-Stats
ITA-Serie A,1516,Carpi,35,38,33,,126,,,3.32,,0.26,5,8,/en/squads/71f07916/2015-2016/Carpi-Stats
ITA-Serie A,1516,Chievo,26,38,42,,130,,,3.42,,0.32,5,8,/en/squads/cc919b35/2015-2016/Chievo-Stats
ITA-Serie A,1516,Empoli,29,38,39,,147,,,3.87,,0.27,1,2,/en/squads/a3d88bd8/2015-2016/Empoli-Stats
ITA-Serie A,1516,Fiorentina,26,38,58,,178,,,4.68,,0.33,8,9,/en/squads/421387cf/2015-2016/Fiorentina-Stats
ITA-Serie A,1516,Frosinone,28,38,34,,127,,,3.34,,0.27,3,3,/en/squads/6a7ad59d/2015-2016/Frosinone-Stats
ITA-Serie A,1516,Genoa,30,38,44,,150,,,3.95,,0.29,4,4,/en/squads/658bf2de/2015-2016/Genoa-Stats
ITA-Serie A,1516,Hellas Verona,32,38,34,,140,,,3.68,,0.24,6,7,/en/squads/0e72edf2/2015-2016/Hellas-Verona-Stats
ITA-Serie A,1516,Inter,28,38,49,,170,,,4.47,,0.29,2,3,/en/squads/d609edc0/2015-2016/Internazionale-Stats
ITA-Serie A,1516,Juventus,28,38,72,,213,,,5.61,,0.34,9,9,/en/squads/e0652b02/2015-2016/Juventus-Stats
ITA-Serie A,1516,Lazio,27,38,52,,150,,,3.95,,0.35,9,11,/en/squads/7213da33/2015-2016/Lazio-Stats
ITA-Serie A,1516,Milan,30,38,49,,165,,,4.34,,0.3,6,7,/en/squads/dc56fe14/2015-2016/Milan-Stats
ITA-Serie A,1516,Napoli,22,38,78,,244,,,6.42,,0.32,7,8,/en/squads/d48ad4ff/2015-2016/Napoli-Stats
ITA-Serie A,1516,Palermo,31,38,37,,134,,,3.53,,0.28,1,1,/en/squads/ee058a17/2015-2016/Palermo-Stats
ITA-Serie A,1516,Roma,32,38,83,,220,,,5.79,,0.38,4,4,/en/squads/cf74a709/2015-2016/Roma-Stats
ITA-Serie A,1516,Sampdoria,35,38,45,,150,,,3.95,,0.3,3,3,/en/squads/8ff9e3b3/2015-2016/Sampdoria-Stats
ITA-Serie A,1516,Sassuolo,26,38,48,,166,,,4.37,,0.29,4,5,/en/squads/e2befd26/2015-2016/Sassuolo-Stats
ITA-Serie A,1516,Torino,27,38,49,,173,,,4.55,,0.28,9,11,/en/squads/105360fe/2015-2016/Torino-Stats
ITA-Serie A,1516,Udinese,28,38,34,,147,,,3.87,,0.23,2,2,/en/squads/04eea015/2015-2016/Udinese-Stats
ITA-Serie A,1617,Atalanta,32,38,62,536,201,37.5,14.11,5.29,0.12,0.31,5,5,/en/squads/922493f3/2016-2017/Atalanta-Stats
ITA-Serie A,1617,Bologna,28,38,39,424,145,34.2,11.16,3.82,0.09,0.27,1,2,/en/squads/1d8099f8/2016-2017/Bologna-Stats
ITA-Serie A,1617,Cagliari,34,38,53,431,161,37.4,11.34,4.24,0.12,0.33,4,6,/en/squads/c4260e09/2016-2017/Cagliari-Stats
ITA-Serie A,1617,Chievo,29,38,42,405,129,31.9,10.66,3.39,0.1,0.33,4,5,/en/squads/cc919b35/2016-2017/Chievo-Stats
ITA-Serie A,1617,Crotone,31,38,34,408,129,31.6,10.74,3.39,0.08,0.26,4,5,/en/squads/3074d7b1/2016-2017/Crotone-Stats
ITA-Serie A,1617,Empoli,29,38,29,364,127,34.9,9.58,3.34,0.08,0.23,4,5,/en/squads/a3d88bd8/2016-2017/Empoli-Stats
ITA-Serie A,1617,Fiorentina,30,38,62,614,224,36.5,16.16,5.89,0.1,0.28,6,10,/en/squads/421387cf/2016-2017/Fiorentina-Stats
ITA-Serie A,1617,Genoa,33,38,36,453,148,32.7,11.92,3.89,0.08,0.24,2,3,/en/squads/658bf2de/2016-2017/Genoa-Stats
ITA-Serie A,1617,Inter,29,38,70,636,212,33.3,16.74,5.58,0.11,0.33,3,5,/en/squads/d609edc0/2016-2017/Internazionale-Stats
ITA-Serie A,1617,Juventus,27,38,72,588,211,35.9,15.47,5.55,0.12,0.34,3,3,/en/squads/e0652b02/2016-2017/Juventus-Stats
ITA-Serie A,1617,Lazio,30,38,73,590,212,35.9,15.53,5.58,0.12,0.34,12,14,/en/squads/7213da33/2016-2017/Lazio-Stats
ITA-Serie A,1617,Milan,28,38,55,556,191,34.4,14.63,5.03,0.1,0.29,7,12,/en/squads/dc56fe14/2016-2017/Milan-Stats
ITA-Serie A,1617,Napoli,26,38,94,672,261,38.8,17.68,6.87,0.14,0.36,5,6,/en/squads/d48ad4ff/2016-2017/Napoli-Stats
ITA-Serie A,1617,Palermo,30,38,33,385,119,30.9,10.13,3.13,0.09,0.28,1,1,/en/squads/ee058a17/2016-2017/Palermo-Stats
ITA-Serie A,1617,Pescara,34,38,32,449,145,32.3,11.82,3.82,0.07,0.22,2,6,/en/squads/b985784c/2016-2017/Pescara-Stats
ITA-Serie A,1617,Roma,22,38,88,677,235,34.7,17.82,6.18,0.13,0.37,12,14,/en/squads/cf74a709/2016-2017/Roma-Stats
ITA-Serie A,1617,Sampdoria,24,38,45,504,165,32.7,13.26,4.34,0.09,0.27,7,8,/en/squads/8ff9e3b3/2016-2017/Sampdoria-Stats
ITA-Serie A,1617,Sassuolo,28,38,59,445,173,38.9,11.71,4.55,0.13,0.34,9,10,/en/squads/e2befd26/2016-2017/Sassuolo-Stats
ITA-Serie A,1617,Torino,29,38,70,580,185,31.9,15.26,4.87,0.12,0.38,5,9,/en/squads/105360fe/2016-2017/Torino-Stats
ITA-Serie A,1617,Udinese,29,38,47,435,155,35.6,11.45,4.08,0.11,0.3,2,3,/en/squads/04eea015/2016-2017/Udinese-Stats
ITA-Serie A,1718,Atalanta,25,38,57,570,192,33.7,15.0,5.05,0.1,0.3,5,9,/en/squads/922493f3/2017-2018/Atalanta-Stats
ITA-Serie A,1718,Benevento,41,38,32,470,145,30.9,12.37,3.82,0.07,0.22,2,3,/en/squads/4fcb34fd/2017-2018/Benevento-Stats
ITA-Serie A,1718,Bologna,30,38,37,356,119,33.4,9.37,3.13,0.1,0.31,2,3,/en/squads/1d8099f8/2017-2018/Bologna-Stats
ITA-Serie A,1718,Cagliari,29,38,33,374,113,30.2,9.84,2.97,0.09,0.29,4,7,/en/squads/c4260e09/2017-2018/Cagliari-Stats
ITA-Serie A,1718,Chievo,25,38,36,389,131,33.7,10.24,3.45,0.09,0.27,1,2,/en/squads/cc919b35/2017-2018/Chievo-Stats
ITA-Serie A,1718,Crotone,29,38,38,378,129,34.1,9.95,3.39,0.1,0.29,2,3,/en/squads/3074d7b1/2017-2018/Crotone-Stats
ITA-Serie A,1718,Fiorentina,27,38,53,611,179,29.3,16.08,4.71,0.09,0.3,7,8,/en/squads/421387cf/2017-2018/Fiorentina-Stats
ITA-Serie A,1718,Genoa,33,38,31,413,120,29.1,10.87,3.16,0.08,0.26,4,5,/en/squads/658bf2de/2017-2018/Genoa-Stats
ITA-Serie A,1718,Hellas Verona,32,38,30,354,89,25.1,9.32,2.34,0.08,0.34,7,7,/en/squads/0e72edf2/2017-2018/Hellas-Verona-Stats
ITA-Serie A,1718,Inter,22,38,64,565,195,34.5,14.87,5.13,0.11,0.33,6,7,/en/squads/d609edc0/2017-2018/Internazionale-Stats
ITA-Serie A,1718,Juventus,24,38,82,546,198,36.3,14.37,5.21,0.15,0.41,4,8,/en/squads/e0652b02/2017-2018/Juventus-Stats
ITA-Serie A,1718,Lazio,24,38,86,542,199,36.7,14.26,5.24,0.16,0.43,9,11,/en/squads/7213da33/2017-2018/Lazio-Stats
ITA-Serie A,1718,Milan,24,38,54,606,214,35.3,15.95,5.63,0.09,0.25,4,6,/en/squads/dc56fe14/2017-2018/Milan-Stats
ITA-Serie A,1718,Napoli,23,38,73,648,245,37.8,17.05,6.45,0.11,0.3,6,8,/en/squads/d48ad4ff/2017-2018/Napoli-Stats
ITA-Serie A,1718,Roma,27,38,56,637,199,31.2,16.76,5.24,0.09,0.28,3,6,/en/squads/cf74a709/2017-2018/Roma-Stats
ITA-Serie A,1718,SPAL,29,38,37,368,109,29.6,9.68,2.87,0.1,0.34,5,6,/en/squads/1d2fe027/2017-2018/SPAL-Stats
ITA-Serie A,1718,Sampdoria,27,38,56,474,163,34.4,12.47,4.29,0.12,0.34,7,8,/en/squads/8ff9e3b3/2017-2018/Sampdoria-Stats
ITA-Serie A,1718,Sassuolo,28,38,28,489,134,27.4,12.87,3.53,0.06,0.21,4,10,/en/squads/e2befd26/2017-2018/Sassuolo-Stats
ITA-Serie A,1718,Torino,27,38,53,449,151,33.6,11.82,3.97,0.12,0.35,0,2,/en/squads/105360fe/2017-2018/Torino-Stats
ITA-Serie A,1718,Udinese,27,38,45,436,131,30.0,11.47,3.45,0.1,0.34,7,7,/en/squads/04eea015/2017-2018/Udinese-Stats
ITA-Serie A,1819,Atalanta,27,38,75,637,214,33.6,16.76,5.63,0.12,0.35,2,4,/en/squads/922493f3/2018-2019/Atalanta-Stats
ITA-Serie A,1819,Bologna,29,38,45,495,158,31.9,13.03,4.16,0.09,0.28,5,5,/en/squads/1d8099f8/2018-2019/Bologna-Stats
ITA-Serie A,1819,Cagliari,30,38,35,433,124,28.6,11.39,3.26,0.08,0.28,2,3,/en/squads/c4260e09/2018-2019/Cagliari-Stats
ITA-Serie A,1819,Chievo,36,38,25,385,110,28.6,10.13,2.89,0.06,0.23,4,6,/en/squads/cc919b35/2018-2019/Chievo-Stats
ITA-Serie A,1819,Empoli,29,38,48,450,148,32.9,11.84,3.89,0.11,0.32,4,7,/en/squads/a3d88bd8/2018-2019/Empoli-Stats
ITA-Serie A,1819,Fiorentina,27,38,45,579,168,29.0,15.24,4.42,0.08,0.27,5,6,/en/squads/421387cf/2018-2019/Fiorentina-Stats
ITA-Serie A,1819,Frosinone,33,38,28,450,120,26.7,11.84,3.16,0.06,0.23,4,5,/en/squads/6a7ad59d/2018-2019/Frosinone-Stats
ITA-Serie A,1819,Genoa,31,38,37,528,147,27.8,13.89,3.87,0.07,0.25,4,5,/en/squads/658bf2de/2018-2019/Genoa-Stats
ITA-Serie A,1819,Inter,23,38,57,625,186,29.8,16.45,4.89,0.09,0.31,8,9,/en/squads/d609edc0/2018-2019/Internazionale-Stats
ITA-Serie A,1819,Juventus,31,38,66,601,191,31.8,15.82,5.03,0.11,0.35,7,8,/en/squads/e0652b02/2018-2019/Juventus-Stats
ITA-Serie A,1819,Lazio,30,38,54,606,182,30.0,15.95,4.79,0.09,0.3,6,6,/en/squads/7213da33/2018-2019/Lazio-Stats
ITA-Serie A,1819,Milan,23,38,51,582,192,33.0,15.32,5.05,0.09,0.27,3,4,/en/squads/dc56fe14/2018-2019/Milan-Stats
ITA-Serie A,1819,Napoli,26,38,73,702,231,32.9,18.47,6.08,0.1,0.32,3,4,/en/squads/d48ad4ff/2018-2019/Napoli-Stats
ITA-Serie A,1819,Parma,31,38,40,350,105,30.0,9.21,2.76,0.11,0.38,4,5,/en/squads/eab4234c/2018-2019/Parma-Stats
ITA-Serie A,1819,Roma,26,38,65,616,210,34.1,16.21,5.53,0.11,0.31,6,6,/en/squads/cf74a709/2018-2019/Roma-Stats
ITA-Serie A,1819,SPAL,28,38,44,454,129,28.4,11.95,3.39,0.1,0.34,7,8,/en/squads/1d2fe027/2018-2019/SPAL-Stats
ITA-Serie A,1819,Sampdoria,24,38,60,475,166,34.9,12.5,4.37,0.13,0.36,10,12,/en/squads/8ff9e3b3/2018-2019/Sampdoria-Stats
ITA-Serie A,1819,Sassuolo,29,38,50,507,150,29.6,13.34,3.95,0.1,0.33,5,5,/en/squads/e2befd26/2018-2019/Sassuolo-Stats
ITA-Serie A,1819,Torino,25,38,50,513,175,34.1,13.5,4.61,0.1,0.29,5,6,/en/squads/105360fe/2018-2019/Torino-Stats
ITA-Serie A,1819,Udinese,31,38,37,455,119,26.2,11.97,3.13,0.08,0.31,3,8,/en/squads/04eea015/2018-2019/Udinese-Stats
ITA-Serie A,1920,Atalanta,30,38,96,700,256,36.6,18.42,6.74,0.14,0.38,7,10,/en/squads/922493f3/2019-2020/Atalanta-Stats
ITA-Serie A,1920,Bologna,31,38,48,549,160,29.1,14.45,4.21,0.09,0.3,5,6,/en/squads/1d8099f8/2019-2020/Bologna-Stats
ITA-Serie A,1920,Brescia,32,38,34,414,138,33.3,10.89,3.63,0.08,0.25,4,4,/en/squads/4ef57aeb/2019-2020/Brescia-Stats
ITA-Serie A,1920,Cagliari,33,38,50,438,136,31.1,11.53,3.58,0.11,0.37,4,6,/en/squads/c4260e09/2019-2020/Cagliari-Stats
ITA-Serie A,1920,Fiorentina,33,38,48,538,170,31.6,14.16,4.47,0.09,0.28,9,11,/en/squads/421387cf/2019-2020/Fiorentina-Stats
ITA-Serie A,1920,Genoa,34,38,46,420,140,33.3,11.05,3.68,0.11,0.33,11,16,/en/squads/658bf2de/2019-2020/Genoa-Stats
ITA-Serie A,1920,Hellas Verona,30,38,45,435,146,33.6,11.45,3.84,0.1,0.31,8,9,/en/squads/0e72edf2/2019-2020/Hellas-Verona-Stats
ITA-Serie A,1920,Inter,29,38,80,607,216,35.6,15.97,5.68,0.13,0.37,10,11,/en/squads/d609edc0/2019-2020/Internazionale-Stats
ITA-Serie A,1920,Juventus,30,38,73,665,224,33.7,17.5,5.89,0.11,0.33,13,14,/en/squads/e0652b02/2019-2020/Juventus-Stats
ITA-Serie A,1920,Lazio,27,38,77,562,204,36.3,14.79,5.37,0.14,0.38,15,18,/en/squads/7213da33/2019-2020/Lazio-Stats
ITA-Serie A,1920,Lecce,30,38,52,513,165,32.2,13.5,4.34,0.1,0.32,11,15,/en/squads/ffcbe334/2019-2020/Lecce-Stats
ITA-Serie A,1920,Milan,32,38,60,610,186,30.5,16.05,4.89,0.1,0.32,8,9,/en/squads/dc56fe14/2019-2020/Milan-Stats
ITA-Serie A,1920,Napoli,25,38,60,683,225,32.9,17.97,5.92,0.09,0.27,5,5,/en/squads/d48ad4ff/2019-2020/Napoli-Stats
ITA-Serie A,1920,Parma,25,38,53,458,145,31.7,12.05,3.82,0.12,0.37,4,6,/en/squads/eab4234c/2019-2020/Parma-Stats
ITA-Serie A,1920,Roma,31,38,73,630,198,31.4,16.58,5.21,0.12,0.37,12,14,/en/squads/cf74a709/2019-2020/Roma-Stats
ITA-Serie A,1920,SPAL,34,38,27,462,117,25.3,12.16,3.08,0.06,0.23,5,7,/en/squads/1d2fe027/2019-2020/SPAL-Stats
ITA-Serie A,1920,Sampdoria,31,38,48,549,161,29.3,14.45,4.24,0.09,0.3,9,12,/en/squads/8ff9e3b3/2019-2020/Sampdoria-Stats
ITA-Serie A,1920,Sassuolo,31,38,69,547,191,34.9,14.39,5.03,0.13,0.36,5,6,/en/squads/e2befd26/2019-2020/Sassuolo-Stats
ITA-Serie A,1920,Torino,27,38,44,438,144,32.9,11.53,3.79,0.1,0.31,7,8,/en/squads/105360fe/2019-2020/Torino-Stats
ITA-Serie A,1920,Udinese,25,38,37,469,141,30.1,12.34,3.71,0.08,0.26,0,0,/en/squads/04eea015/2019-2020/Udinese-Stats
ITA-Serie A,2021,Atalanta,30,38,90,614,221,36.0,16.16,5.82,0.15,0.41,6,7,/en/squads/922493f3/2020-2021/Atalanta-Stats
ITA-Serie A,2021,Benevento,29,38,40,411,128,31.1,10.82,3.37,0.1,0.31,5,7,/en/squads/4fcb34fd/2020-2021/Benevento-Stats
ITA-Serie A,2021,Bologna,37,38,49,495,175,35.4,13.03,4.61,0.1,0.28,3,4,/en/squads/1d8099f8/2020-2021/Bologna-Stats
ITA-Serie A,2021,Cagliari,32,38,43,429,122,28.4,11.29,3.21,0.1,0.35,4,5,/en/squads/c4260e09/2020-2021/Cagliari-Stats
ITA-Serie A,2021,Crotone,31,38,44,353,111,31.4,9.29,2.92,0.12,0.4,9,9,/en/squads/3074d7b1/2020-2021/Crotone-Stats
ITA-Serie A,2021,Fiorentina,30,38,44,366,115,31.4,9.63,3.03,0.12,0.38,6,6,/en/squads/421387cf/2020-2021/Fiorentina-Stats
ITA-Serie A,2021,Genoa,34,38,46,338,120,35.5,8.89,3.16,0.14,0.38,4,4,/en/squads/658bf2de/2020-2021/Genoa-Stats
ITA-Serie A,2021,Hellas Verona,32,38,38,400,118,29.5,10.53,3.11,0.1,0.32,3,3,/en/squads/0e72edf2/2020-2021/Hellas-Verona-Stats
ITA-Serie A,2021,Inter,25,38,84,543,194,35.7,14.29,5.11,0.15,0.43,8,9,/en/squads/d609edc0/2020-2021/Internazionale-Stats
ITA-Serie A,2021,Juventus,30,38,76,585,206,35.2,15.39,5.42,0.13,0.37,8,10,/en/squads/e0652b02/2020-2021/Juventus-Stats
ITA-Serie A,2021,Lazio,30,38,59,514,175,34.0,13.53,4.61,0.11,0.34,6,10,/en/squads/7213da33/2020-2021/Lazio-Stats
ITA-Serie A,2021,Milan,29,38,72,537,184,34.3,14.13,4.84,0.13,0.39,15,20,/en/squads/dc56fe14/2020-2021/Milan-Stats
ITA-Serie A,2021,Napoli,25,38,83,637,217,34.1,16.76,5.71,0.13,0.38,7,8,/en/squads/d48ad4ff/2020-2021/Napoli-Stats
ITA-Serie A,2021,Parma,42,38,39,392,123,31.4,10.32,3.24,0.1,0.32,5,5,/en/squads/eab4234c/2020-2021/Parma-Stats
ITA-Serie A,2021,Roma,31,38,67,537,191,35.6,14.13,5.03,0.12,0.35,7,8,/en/squads/cf74a709/2020-2021/Roma-Stats
ITA-Serie A,2021,Sampdoria,27,38,52,422,134,31.8,11.11,3.53,0.12,0.39,5,6,/en/squads/8ff9e3b3/2020-2021/Sampdoria-Stats
ITA-Serie A,2021,Sassuolo,28,38,61,516,164,31.8,13.58,4.32,0.12,0.37,13,14,/en/squads/e2befd26/2020-2021/Sassuolo-Stats
ITA-Serie A,2021,Spezia,35,38,52,382,130,34.0,10.05,3.42,0.14,0.4,4,5,/en/squads/68449f6d/2020-2021/Spezia-Stats
ITA-Serie A,2021,Torino,29,38,49,457,144,31.5,12.03,3.79,0.11,0.34,5,6,/en/squads/105360fe/2020-2021/Torino-Stats
ITA-Serie A,2021,Udinese,33,38,40,410,125,30.5,10.79,3.29,0.1,0.32,4,4,/en/squads/04eea015/2020-2021/Udinese-Stats
ITA-Serie A,2122,Atalanta,32,38,62,598,167,27.9,15.74,4.39,0.1,0.37,5,6,/en/squads/922493f3/2021-2022/Atalanta-Stats
ITA-Serie A,2122,Bologna,36,38,43,434,143,32.9,11.42,3.76,0.1,0.3,4,5,/en/squads/1d8099f8/2021-2022/Bologna-Stats
ITA-Serie A,2122,Cagliari,33,38,34,420,117,27.9,11.05,3.08,0.08,0.29,3,4,/en/squads/c4260e09/2021-2022/Cagliari-Stats
ITA-Serie A,2122,Empoli,28,38,47,490,151,30.8,12.89,3.97,0.1,0.31,7,7,/en/squads/a3d88bd8/2021-2022/Empoli-Stats
ITA-Serie A,2122,Fiorentina,28,38,59,501,172,34.3,13.18,4.53,0.12,0.34,9,12,/en/squads/421387cf/2021-2022/Fiorentina-Stats
ITA-Serie A,2122,Genoa,40,38,26,397,106,26.7,10.45,2.79,0.07,0.25,6,7,/en/squads/658bf2de/2021-2022/Genoa-Stats
ITA-Serie A,2122,Hellas Verona,31,38,63,455,152,33.4,11.97,4.0,0.14,0.41,7,8,/en/squads/0e72edf2/2021-2022/Hellas-Verona-Stats
ITA-Serie A,2122,Inter,27,38,83,667,239,35.8,17.55,6.29,0.12,0.35,7,11,/en/squads/d609edc0/2021-2022/Internazionale-Stats
ITA-Serie A,2122,Juventus,32,38,56,517,166,32.1,13.61,4.37,0.11,0.34,5,6,/en/squads/e0652b02/2021-2022/Juventus-Stats
ITA-Serie A,2122,Lazio,27,38,74,445,185,41.6,11.71,4.87,0.17,0.4,7,9,/en/squads/7213da33/2021-2022/Lazio-Stats
ITA-Serie A,2122,Milan,28,38,66,592,187,31.6,15.58,4.92,0.11,0.35,5,8,/en/squads/dc56fe14/2021-2022/Milan-Stats
ITA-Serie A,2122,Napoli,27,38,74,565,186,32.9,14.87,4.89,0.13,0.4,10,14,/en/squads/d48ad4ff/2021-2022/Napoli-Stats
ITA-Serie A,2122,Roma,29,38,58,592,184,31.1,15.58,4.84,0.1,0.32,7,9,/en/squads/cf74a709/2021-2022/Roma-Stats
ITA-Serie A,2122,Salernitana,42,38,32,426,130,30.5,11.21,3.42,0.08,0.25,4,5,/en/squads/c5577084/2021-2022/Salernitana-Stats
ITA-Serie A,2122,Sampdoria,34,38,42,386,118,30.6,10.16,3.11,0.11,0.36,2,4,/en/squads/8ff9e3b3/2021-2022/Sampdoria-Stats
ITA-Serie A,2122,Sassuolo,29,38,60,569,204,35.9,14.97,5.37,0.11,0.29,7,7,/en/squads/e2befd26/2021-2022/Sassuolo-Stats
ITA-Serie A,2122,Spezia,30,38,38,381,127,33.3,10.03,3.34,0.1,0.3,3,5,/en/squads/68449f6d/2021-2022/Spezia-Stats
ITA-Serie A,2122,Torino,31,38,43,470,142,30.2,12.37,3.74,0.09,0.3,6,6,/en/squads/105360fe/2021-2022/Torino-Stats
ITA-Serie A,2122,Udinese,29,38,58,505,181,35.8,13.29,4.76,0.11,0.32,3,4,/en/squads/04eea015/2021-2022/Udinese-Stats
ITA-Serie A,2122,Venezia,39,38,34,349,113,32.4,9.18,2.97,0.1,0.3,3,5,/en/squads/af5d5982/2021-2022/Venezia-Stats
ITA-Serie A,2223,Atalanta,27,38,64,506,168,33.2,13.32,4.42,0.13,0.38,6,8,/en/squads/922493f3/2022-2023/Atalanta-Stats
ITA-Serie A,2223,Bologna,27,38,52,479,150,31.3,12.61,3.95,0.11,0.35,6,6,/en/squads/1d8099f8/2022-2023/Bologna-Stats
ITA-Serie A,2223,Cremonese,33,38,35,458,122,26.6,12.05,3.21,0.08,0.29,5,7,/en/squads/9aad3a77/2022-2023/Cremonese-Stats
ITA-Serie A,2223,Empoli,32,38,35,447,129,28.9,11.76,3.39,0.08,0.27,2,2,/en/squads/a3d88bd8/2022-2023/Empoli-Stats
ITA-Serie A,2223,Fiorentina,30,38,51,597,171,28.6,15.71,4.5,0.09,0.3,4,6,/en/squads/421387cf/2022-2023/Fiorentina-Stats
ITA-Serie A,2223,Hellas Verona,36,38,29,415,116,28.0,10.92,3.05,0.07,0.25,1,1,/en/squads/0e72edf2/2022-2023/Hellas-Verona-Stats
ITA-Serie A,2223,Inter,25,38,68,625,197,31.5,16.45,5.18,0.11,0.35,4,5,/en/squads/d609edc0/2022-2023/Internazionale-Stats
ITA-Serie A,2223,Juventus,29,38,56,529,171,32.3,13.92,4.5,0.11,0.33,3,6,/en/squads/e0652b02/2022-2023/Juventus-Stats
ITA-Serie A,2223,Lazio,24,38,59,430,161,37.4,11.32,4.24,0.14,0.37,6,8,/en/squads/7213da33/2022-2023/Lazio-Stats
ITA-Serie A,2223,Lecce,29,38,31,412,106,25.7,10.84,2.79,0.08,0.29,4,6,/en/squads/ffcbe334/2022-2023/Lecce-Stats
ITA-Serie A,2223,Milan,30,38,61,546,178,32.6,14.37,4.68,0.11,0.34,5,5,/en/squads/dc56fe14/2022-2023/Milan-Stats
ITA-Serie A,2223,Monza,31,38,46,406,139,34.2,10.68,3.66,0.11,0.33,5,6,/en/squads/21680aa4/2022-2023/Monza-Stats
ITA-Serie A,2223,Napoli,27,38,75,605,212,35.0,15.92,5.58,0.12,0.35,8,10,/en/squads/d48ad4ff/2022-2023/Napoli-Stats
ITA-Serie A,2223,Roma,30,38,50,488,155,31.8,12.84,4.08,0.1,0.32,7,10,/en/squads/cf74a709/2022-2023/Roma-Stats
ITA-Serie A,2223,Salernitana,30,38,46,381,115,30.2,10.03,3.03,0.12,0.4,2,2,/en/squads/c5577084/2022-2023/Salernitana-Stats
ITA-Serie A,2223,Sampdoria,40,38,23,376,114,30.3,9.89,3.0,0.06,0.2,1,2,/en/squads/8ff9e3b3/2022-2023/Sampdoria-Stats
ITA-Serie A,2223,Sassuolo,31,38,46,477,161,33.8,12.55,4.24,0.1,0.29,9,10,/en/squads/e2befd26/2022-2023/Sassuolo-Stats
ITA-Serie A,2223,Spezia,34,38,29,419,120,28.6,11.03,3.16,0.07,0.24,4,4,/en/squads/68449f6d/2022-2023/Spezia-Stats
ITA-Serie A,2223,Torino,28,38,41,444,146,32.9,11.68,3.84,0.09,0.28,2,2,/en/squads/105360fe/2022-2023/Torino-Stats
ITA-Serie A,2223,Udinese,30,38,46,503,145,28.8,13.24,3.82,0.09,0.32,1,2,/en/squads/04eea015/2022-2023/Udinese-Stats
ITA-Serie A,2324,Atalanta,29,38,72,539,197,36.5,14.18,5.18,0.13,0.37,5,5,/en/squads/922493f3/2023-2024/Atalanta-Stats
ITA-Serie A,2324,Bologna,28,38,52,472,159,33.7,12.42,4.18,0.11,0.33,4,5,/en/squads/1d8099f8/2023-2024/Bologna-Stats
ITA-Serie A,2324,Cagliari,29,38,41,442,127,28.7,11.63,3.34,0.09,0.32,4,6,/en/squads/c4260e09/2023-2024/Cagliari-Stats
ITA-Serie A,2324,Empoli,34,38,26,413,112,27.1,10.87,2.95,0.06,0.23,5,5,/en/squads/a3d88bd8/2023-2024/Empoli-Stats
ITA-Serie A,2324,Fiorentina,30,38,60,515,171,33.2,13.55,4.5,0.12,0.35,4,8,/en/squads/421387cf/2023-2024/Fiorentina-Stats
ITA-Serie A,2324,Frosinone,34,38,44,460,147,32.0,12.11,3.87,0.1,0.3,8,10,/en/squads/6a7ad59d/2023-2024/Frosinone-Stats
ITA-Serie A,2324,Genoa,34,38,43,397,119,30.0,10.45,3.13,0.11,0.36,5,6,/en/squads/658bf2de/2023-2024/Genoa-Stats
ITA-Serie A,2324,Hellas Verona,36,38,38,435,146,33.6,11.45,3.84,0.09,0.26,3,7,/en/squads/0e72edf2/2023-2024/Hellas-Verona-Stats
ITA-Serie A,2324,Inter,27,38,87,580,196,33.8,15.26,5.16,0.15,0.44,13,14,/en/squads/d609edc0/2023-2024/Internazionale-Stats
ITA-Serie A,2324,Juventus,31,38,52,531,146,27.5,13.97,3.84,0.1,0.36,3,5,/en/squads/e0652b02/2023-2024/Juventus-Stats
ITA-Serie A,2324,Lazio,22,38,46,436,135,31.0,11.47,3.55,0.11,0.34,4,4,/en/squads/7213da33/2023-2024/Lazio-Stats
ITA-Serie A,2324,Lecce,26,38,30,503,147,29.2,13.24,3.87,0.06,0.2,3,5,/en/squads/ffcbe334/2023-2024/Lecce-Stats
ITA-Serie A,2324,Milan,35,38,76,554,202,36.5,14.58,5.32,0.14,0.38,6,8,/en/squads/dc56fe14/2023-2024/Milan-Stats
ITA-Serie A,2324,Monza,31,38,38,451,123,27.3,11.87,3.24,0.08,0.31,4,5,/en/squads/21680aa4/2023-2024/Monza-Stats
ITA-Serie A,2324,Napoli,29,38,54,638,196,30.7,16.79,5.16,0.08,0.28,6,10,/en/squads/d48ad4ff/2023-2024/Napoli-Stats
ITA-Serie A,2324,Roma,30,38,64,464,142,30.6,12.21,3.74,0.14,0.45,11,12,/en/squads/cf74a709/2023-2024/Roma-Stats
ITA-Serie A,2324,Salernitana,39,38,32,398,118,29.6,10.47,3.11,0.08,0.27,2,2,/en/squads/c5577084/2023-2024/Salernitana-Stats
ITA-Serie A,2324,Sassuolo,30,38,42,453,144,31.8,11.92,3.79,0.09,0.29,7,8,/en/squads/e2befd26/2023-2024/Sassuolo-Stats
ITA-Serie A,2324,Torino,30,38,35,432,121,28.0,11.37,3.18,0.08,0.29,2,2,/en/squads/105360fe/2023-2024/Torino-Stats
ITA-Serie A,2324,Udinese,32,38,36,457,134,29.3,12.03,3.53,0.08,0.27,3,4,/en/squads/04eea015/2023-2024/Udinese-Stats
ITA-Serie A,2425,Atalanta,32,38,76,538,181,33.6,14.16,4.76,0.14,0.42,5,7,/en/squads/922493f3/2024-2025/Atalanta-Stats
ITA-Serie A,2425,Bologna,30,38,56,505,166,32.9,13.29,4.37,0.11,0.34,6,7,/en/squads/1d8099f8/2024-2025/Bologna-Stats
ITA-Serie A,2425,Cagliari,28,38,38,421,115,27.3,11.08,3.03,0.09,0.33,3,3,/en/squads/c4260e09/2024-2025/Cagliari-Stats
ITA-Serie A,2425,Como,38,38,44,519,176,33.9,13.66,4.63,0.08,0.25,0,2,/en/squads/28c9c3cd/2024-2025/Como-Stats
ITA-Serie A,2425,Empoli,34,38,31,367,107,29.2,9.66,2.82,0.08,0.29,2,3,/en/squads/a3d88bd8/2024-2025/Empoli-Stats
ITA-Serie A,2425,Fiorentina,34,38,58,439,166,37.8,11.55,4.37,0.13,0.35,6,8,/en/squads/421387cf/2024-2025/Fiorentina-Stats
ITA-Serie A,2425,Genoa,37,38,35,383,117,30.5,10.08,3.08,0.09,0.3,0,2,/en/squads/658bf2de/2024-2025/Genoa-Stats
ITA-Serie A,2425,Hellas Verona,32,38,31,372,95,25.5,9.79,2.5,0.08,0.33,2,2,/en/squads/0e72edf2/2024-2025/Hellas-Verona-Stats
ITA-Serie A,2425,Inter,26,38,76,565,179,31.7,14.87,4.71,0.13,0.42,8,9,/en/squads/d609edc0/2024-2025/Internazionale-Stats
ITA-Serie A,2425,Juventus,29,38,56,509,175,34.4,13.39,4.61,0.11,0.32,6,6,/en/squads/e0652b02/2024-2025/Juventus-Stats
ITA-Serie A,2425,Lazio,27,38,60,528,185,35.0,13.89,4.87,0.11,0.32,6,7,/en/squads/7213da33/2024-2025/Lazio-Stats
ITA-Serie A,2425,Lecce,31,38,27,450,119,26.4,11.84,3.13,0.06,0.23,3,4,/en/squads/ffcbe334/2024-2025/Lecce-Stats
ITA-Serie A,2425,Milan,35,38,59,555,185,33.3,14.61,4.87,0.11,0.32,4,8,/en/squads/dc56fe14/2024-2025/Milan-Stats
ITA-Serie A,2425,Monza,36,38,27,333,99,29.7,8.76,2.61,0.08,0.27,3,3,/en/squads/21680aa4/2024-2025/Monza-Stats
ITA-Serie A,2425,Napoli,27,38,56,499,150,30.1,13.13,3.95,0.11,0.37,4,5,/en/squads/d48ad4ff/2024-2025/Napoli-Stats
ITA-Serie A,2425,Parma,32,38,43,418,140,33.5,11.0,3.68,0.1,0.31,6,7,/en/squads/eab4234c/2024-2025/Parma-Stats
ITA-Serie A,2425,Roma,28,38,55,514,162,31.5,13.53,4.26,0.11,0.34,8,8,/en/squads/cf74a709/2024-2025/Roma-Stats
ITA-Serie A,2425,Torino,31,38,36,383,123,32.1,10.08,3.24,0.09,0.29,2,4,/en/squads/105360fe/2024-2025/Torino-Stats
ITA-Serie A,2425,Udinese,31,38,41,430,137,31.9,11.32,3.61,0.1,0.3,2,4,/en/squads/04eea015/2024-2025/Udinese-Stats
ITA-Serie A,2425,Venezia,36,38,31,381,120,31.5,10.03,3.16,0.08,0.26,4,5,/en/squads/af5d5982/2024-2025/Venezia-Stats
ITA-Serie A,2526,Atalanta,27,38,50,563,175,31.1,14.82,4.61,0.09,0.29,3,3,/en/squads/922493f3/2025-2026/Atalanta-Stats
ITA-Serie A,2526,Bologna,30,38,47,490,144,29.4,12.89,3.79,0.1,0.33,5,7,/en/squads/1d8099f8/2025-2026/Bologna-Stats
ITA-Serie A,2526,Cagliari,31,38,40,415,132,31.8,10.92,3.47,0.1,0.3,2,2,/en/squads/c4260e09/2025-2026/Cagliari-Stats
ITA-Serie A,2526,Como,24,38,64,550,194,35.3,14.47,5.11,0.12,0.33,5,8,/en/squads/28c9c3cd/2025-2026/Como-Stats
ITA-Serie A,2526,Cremonese,32,38,32,346,125,36.1,9.11,3.29,0.09,0.26,4,4,/en/squads/9aad3a77/2025-2026/Cremonese-Stats
ITA-Serie A,2526,Fiorentina,34,38,40,489,131,26.8,12.87,3.45,0.08,0.31,6,6,/en/squads/421387cf/2025-2026/Fiorentina-Stats
ITA-Serie A,2526,Genoa,36,38,41,434,143,32.9,11.42,3.76,0.09,0.29,5,9,/en/squads/658bf2de/2025-2026/Genoa-Stats
ITA-Serie A,2526,Hellas Verona,34,38,24,421,141,33.5,11.08,3.71,0.06,0.17,3,3,/en/squads/0e72edf2/2025-2026/Hellas-Verona-Stats
ITA-Serie A,2526,Inter,29,38,85,650,229,35.2,17.11,6.03,0.13,0.37,5,6,/en/squads/d609edc0/2025-2026/Internazionale-Stats
ITA-Serie A,2526,Juventus,27,38,59,639,227,35.5,16.82,5.97,0.09,0.26,2,5,/en/squads/e0652b02/2025-2026/Juventus-Stats
ITA-Serie A,2526,Lazio,30,38,39,417,156,37.4,10.97,4.11,0.09,0.25,4,5,/en/squads/7213da33/2025-2026/Lazio-Stats
ITA-Serie A,2526,Lecce,30,38,28,373,97,26.0,9.82,2.55,0.08,0.29,1,2,/en/squads/ffcbe334/2025-2026/Lecce-Stats
ITA-Serie A,2526,Milan,26,38,53,503,166,33.0,13.24,4.37,0.11,0.32,7,9,/en/squads/dc56fe14/2025-2026/Milan-Stats
ITA-Serie A,2526,Napoli,29,38,57,502,179,35.7,13.21,4.71,0.11,0.32,4,5,/en/squads/d48ad4ff/2025-2026/Napoli-Stats
ITA-Serie A,2526,Parma,32,38,26,407,104,25.6,10.71,2.74,0.06,0.25,2,2,/en/squads/eab4234c/2025-2026/Parma-Stats
ITA-Serie A,2526,Pisa,35,38,25,364,106,29.1,9.58,2.79,0.07,0.24,6,7,/en/squads/4cceedfc/2025-2026/Pisa-Stats
ITA-Serie A,2526,Roma,29,38,59,503,178,35.4,13.24,4.68,0.12,0.33,5,7,/en/squads/cf74a709/2025-2026/Roma-Stats
ITA-Serie A,2526,Sassuolo,34,38,45,406,143,35.2,10.68,3.76,0.11,0.31,2,4,/en/squads/e2befd26/2025-2026/Sassuolo-Stats
ITA-Serie A,2526,Torino,30,38,42,449,151,33.6,11.82,3.97,0.09,0.28,5,7,/en/squads/105360fe/2025-2026/Torino-Stats
ITA-Serie A,2526,Udinese,30,38,44,439,146,33.3,11.55,3.84,0.1,0.3,5,5,/en/squads/04eea015/2025-2026/Udinese-Stats
GER-Bundesliga,1415,Augsburg,25,34,43,,150,,,4.41,,0.29,7,9,/en/squads/0cdc4311/2014-2015/Augsburg-Stats
GER-Bundesliga,1415,Bayern Munich,28,34,78,,251,,,7.38,,0.31,6,6,/en/squads/054efa67/2014-2015/Bayern-Munich-Stats
GER-Bundesliga,1415,Dortmund,28,34,46,,195,,,5.74,,0.24,2,3,/en/squads/add600ae/2014-2015/Dortmund-Stats
GER-Bundesliga,1415,Frankfurt,26,34,54,,181,,,5.32,,0.3,3,4,/en/squads/f0ac8ee6/2014-2015/Eintracht-Frankfurt-Stats
GER-Bundesliga,1415,Freiburg,27,34,36,,168,,,4.94,,0.21,6,9,/en/squads/a486e511/2014-2015/Freiburg-Stats
GER-Bundesliga,1415,Gladbach,19,34,53,,166,,,4.88,,0.32,3,3,/en/squads/32f3ee20/2014-2015/Monchengladbach-Stats
GER-Bundesliga,1415,Hamburger SV,31,34,22,,120,,,3.53,,0.18,3,3,/en/squads/26790c6a/2014-2015/Hamburger-SV-Stats
GER-Bundesliga,1415,Hannover 96,25,34,38,,146,,,4.29,,0.26,2,3,/en/squads/60b5e41f/2014-2015/Hannover-96-Stats
GER-Bundesliga,1415,Hertha BSC,26,34,35,,117,,,3.44,,0.3,4,4,/en/squads/2818f8bc/2014-2015/Hertha-BSC-Stats
GER-Bundesliga,1415,Hoffenheim,23,34,48,,172,,,5.06,,0.28,4,5,/en/squads/033ea6b8/2014-2015/Hoffenheim-Stats
GER-Bundesliga,1415,Köln,23,34,33,,144,,,4.24,,0.23,4,4,/en/squads/bc357bf7/2014-2015/Koln-Stats
GER-Bundesliga,1415,Leverkusen,22,34,62,,197,,,5.79,,0.31,0,1,/en/squads/c7a9f859/2014-2015/Leverkusen-Stats
GER-Bundesliga,1415,Mainz 05,29,34,44,,160,,,4.71,,0.28,5,5,/en/squads/a224b06a/2014-2015/Mainz-05-Stats
GER-Bundesliga,1415,Paderborn 07,24,34,30,,155,,,4.56,,0.19,1,1,/en/squads/d9f93f02/2014-2015/Paderborn-07-Stats
GER-Bundesliga,1415,Schalke 04,29,34,40,,152,,,4.47,,0.26,2,3,/en/squads/c539e393/2014-2015/Schalke-04-Stats
GER-Bundesliga,1415,Stuttgart,24,34,41,,145,,,4.26,,0.28,1,1,/en/squads/598bc722/2014-2015/Stuttgart-Stats
GER-Bundesliga,1415,Werder Bremen,31,34,49,,181,,,5.32,,0.27,4,5,/en/squads/62add3bf/2014-2015/Werder-Bremen-Stats
GER-Bundesliga,1415,Wolfsburg,22,34,71,,210,,,6.18,,0.34,3,4,/en/squads/4eaa11d7/2014-2015/Wolfsburg-Stats
GER-Bundesliga,1516,Augsburg,27,34,40,,150,,,4.41,,0.27,7,7,/en/squads/0cdc4311/2015-2016/Augsburg-Stats
GER-Bundesliga,1516,Bayern Munich,25,34,79,,261,,,7.68,,0.3,8,9,/en/squads/054efa67/2015-2016/Bayern-Munich-Stats
GER-Bundesliga,1516,Darmstadt 98,23,34,38,,116,,,3.41,,0.33,2,4,/en/squads/6a6967fc/2015-2016/Darmstadt-98-Stats
GER-Bundesliga,1516,Dortmund,26,34,80,,214,,,6.29,,0.37,4,6,/en/squads/add600ae/2015-2016/Dortmund-Stats
GER-Bundesliga,1516,Frankfurt,30,34,32,,134,,,3.94,,0.24,2,2,/en/squads/f0ac8ee6/2015-2016/Eintracht-Frankfurt-Stats
GER-Bundesliga,1516,Gladbach,26,34,64,,195,,,5.74,,0.33,4,5,/en/squads/32f3ee20/2015-2016/Monchengladbach-Stats
GER-Bundesliga,1516,Hamburger SV,28,34,37,,131,,,3.85,,0.28,3,3,/en/squads/26790c6a/2015-2016/Hamburger-SV-Stats
GER-Bundesliga,1516,Hannover 96,33,34,30,,125,,,3.68,,0.24,2,3,/en/squads/60b5e41f/2015-2016/Hannover-96-Stats
GER-Bundesliga,1516,Hertha BSC,26,34,41,,127,,,3.74,,0.32,3,3,/en/squads/2818f8bc/2015-2016/Hertha-BSC-Stats
GER-Bundesliga,1516,Hoffenheim,26,34,39,,135,,,3.97,,0.29,3,6,/en/squads/033ea6b8/2015-2016/Hoffenheim-Stats
GER-Bundesliga,1516,Ingolstadt,25,34,33,,127,,,3.74,,0.26,9,10,/en/squads/12eb2039/2015-2016/Ingolstadt-Stats
GER-Bundesliga,1516,Köln,23,34,38,,164,,,4.82,,0.23,3,4,/en/squads/bc357bf7/2015-2016/Koln-Stats
GER-Bundesliga,1516,Leverkusen,27,34,51,,190,,,5.59,,0.27,2,3,/en/squads/c7a9f859/2015-2016/Leverkusen-Stats
GER-Bundesliga,1516,Mainz 05,29,34,46,,150,,,4.41,,0.31,1,1,/en/squads/a224b06a/2015-2016/Mainz-05-Stats
GER-Bundesliga,1516,Schalke 04,28,34,47,,162,,,4.76,,0.29,3,5,/en/squads/c539e393/2015-2016/Schalke-04-Stats
GER-Bundesliga,1516,Stuttgart,31,34,48,,189,,,5.56,,0.25,4,4,/en/squads/598bc722/2015-2016/Stuttgart-Stats
GER-Bundesliga,1516,Werder Bremen,30,34,49,,152,,,4.47,,0.32,6,9,/en/squads/62add3bf/2015-2016/Werder-Bremen-Stats
GER-Bundesliga,1516,Wolfsburg,29,34,46,,196,,,5.76,,0.23,3,3,/en/squads/4eaa11d7/2015-2016/Wolfsburg-Stats
GER-Bundesliga,1617,Augsburg,28,34,35,371,119,32.1,10.91,3.5,0.09,0.29,3,4,/en/squads/0cdc4311/2016-2017/Augsburg-Stats
GER-Bundesliga,1617,Bayern Munich,22,34,88,622,230,37.0,18.29,6.76,0.14,0.38,5,5,/en/squads/054efa67/2016-2017/Bayern-Munich-Stats
GER-Bundesliga,1617,Darmstadt 98,31,34,28,341,98,28.7,10.03,2.88,0.08,0.29,5,7,/en/squads/6a6967fc/2016-2017/Darmstadt-98-Stats
GER-Bundesliga,1617,Dortmund,27,34,71,533,191,35.8,15.68,5.62,0.13,0.37,5,7,/en/squads/add600ae/2016-2017/Dortmund-Stats
GER-Bundesliga,1617,Frankfurt,26,34,35,382,123,32.2,11.24,3.62,0.09,0.28,2,6,/en/squads/f0ac8ee6/2016-2017/Eintracht-Frankfurt-Stats
GER-Bundesliga,1617,Freiburg,25,34,42,409,142,34.7,12.03,4.18,0.1,0.3,6,8,/en/squads/a486e511/2016-2017/Freiburg-Stats
GER-Bundesliga,1617,Gladbach,24,34,44,414,141,34.1,12.18,4.15,0.11,0.31,1,4,/en/squads/32f3ee20/2016-2017/Monchengladbach-Stats
GER-Bundesliga,1617,Hamburger SV,29,34,32,366,110,30.1,10.76,3.24,0.09,0.29,0,2,/en/squads/26790c6a/2016-2017/Hamburger-SV-Stats
GER-Bundesliga,1617,Hertha BSC,26,34,42,348,127,36.5,10.24,3.74,0.12,0.33,5,5,/en/squads/2818f8bc/2016-2017/Hertha-BSC-Stats
GER-Bundesliga,1617,Hoffenheim,23,34,64,497,178,35.8,14.62,5.24,0.13,0.36,5,5,/en/squads/033ea6b8/2016-2017/Hoffenheim-Stats
GER-Bundesliga,1617,Ingolstadt,22,34,35,460,161,35.0,13.53,4.74,0.08,0.22,6,8,/en/squads/12eb2039/2016-2017/Ingolstadt-Stats
GER-Bundesliga,1617,Köln,26,34,49,360,118,32.8,10.59,3.47,0.14,0.42,3,4,/en/squads/bc357bf7/2016-2017/Koln-Stats
GER-Bundesliga,1617,Leverkusen,24,34,53,449,177,39.4,13.21,5.21,0.12,0.3,4,9,/en/squads/c7a9f859/2016-2017/Leverkusen-Stats
GER-Bundesliga,1617,Mainz 05,28,34,43,419,146,34.8,12.32,4.29,0.1,0.29,7,7,/en/squads/a224b06a/2016-2017/Mainz-05-Stats
GER-Bundesliga,1617,RB Leipzig,23,34,62,444,173,39.0,13.06,5.09,0.14,0.36,3,4,/en/squads/acbb6a5b/2016-2017/RB-Leipzig-Stats
GER-Bundesliga,1617,Schalke 04,29,34,45,446,135,30.3,13.12,3.97,0.1,0.33,2,4,/en/squads/c539e393/2016-2017/Schalke-04-Stats
GER-Bundesliga,1617,Werder Bremen,31,34,61,378,153,40.5,11.12,4.5,0.16,0.4,6,6,/en/squads/62add3bf/2016-2017/Werder-Bremen-Stats
GER-Bundesliga,1617,Wolfsburg,31,34,32,430,141,32.8,12.65,4.15,0.07,0.23,3,3,/en/squads/4eaa11d7/2016-2017/Wolfsburg-Stats
GER-Bundesliga,1718,Augsburg,27,34,41,430,141,32.8,12.65,4.15,0.1,0.29,4,4,/en/squads/0cdc4311/2017-2018/Augsburg-Stats
GER-Bundesliga,1718,Bayern Munich,28,34,90,595,226,38.0,17.5,6.65,0.15,0.4,6,8,/en/squads/054efa67/2017-2018/Bayern-Munich-Stats
GER-Bundesliga,1718,Dortmund,30,34,62,479,167,34.9,14.09,4.91,0.13,0.37,3,6,/en/squads/add600ae/2017-2018/Dortmund-Stats
GER-Bundesliga,1718,Frankfurt,28,34,44,388,145,37.4,11.41,4.26,0.11,0.3,2,2,/en/squads/f0ac8ee6/2017-2018/Eintracht-Frankfurt-Stats
GER-Bundesliga,1718,Freiburg,29,34,32,374,110,29.4,11.0,3.24,0.09,0.29,6,10,/en/squads/a486e511/2017-2018/Freiburg-Stats
GER-Bundesliga,1718,Gladbach,27,34,46,449,149,33.2,13.21,4.38,0.1,0.31,6,7,/en/squads/32f3ee20/2017-2018/Monchengladbach-Stats
GER-Bundesliga,1718,Hamburger SV,29,34,28,390,129,33.1,11.47,3.79,0.07,0.22,3,5,/en/squads/26790c6a/2017-2018/Hamburger-SV-Stats
GER-Bundesliga,1718,Hannover 96,26,34,44,430,140,32.6,12.65,4.12,0.1,0.31,4,5,/en/squads/60b5e41f/2017-2018/Hannover-96-Stats
GER-Bundesliga,1718,Hertha BSC,25,34,43,315,128,40.6,9.26,3.76,0.14,0.34,4,5,/en/squads/2818f8bc/2017-2018/Hertha-BSC-Stats
GER-Bundesliga,1718,Hoffenheim,26,34,64,470,172,36.6,13.82,5.06,0.14,0.37,4,5,/en/squads/033ea6b8/2017-2018/Hoffenheim-Stats
GER-Bundesliga,1718,Köln,31,34,33,385,111,28.8,11.32,3.26,0.09,0.3,3,3,/en/squads/bc357bf7/2017-2018/Koln-Stats
GER-Bundesliga,1718,Leverkusen,24,34,58,505,166,32.9,14.85,4.88,0.11,0.35,3,5,/en/squads/c7a9f859/2017-2018/Leverkusen-Stats
GER-Bundesliga,1718,Mainz 05,27,34,38,411,143,34.8,12.09,4.21,0.09,0.27,4,4,/en/squads/a224b06a/2017-2018/Mainz-05-Stats
GER-Bundesliga,1718,RB Leipzig,23,34,57,484,172,35.5,14.24,5.06,0.12,0.33,4,5,/en/squads/acbb6a5b/2017-2018/RB-Leipzig-Stats
GER-Bundesliga,1718,Schalke 04,24,34,50,396,153,38.6,11.65,4.5,0.13,0.33,10,10,/en/squads/c539e393/2017-2018/Schalke-04-Stats
GER-Bundesliga,1718,Stuttgart,26,34,35,362,119,32.9,10.65,3.5,0.1,0.29,1,3,/en/squads/598bc722/2017-2018/Stuttgart-Stats
GER-Bundesliga,1718,Werder Bremen,25,34,34,437,144,33.0,12.85,4.24,0.08,0.24,0,0,/en/squads/62add3bf/2017-2018/Werder-Bremen-Stats
GER-Bundesliga,1718,Wolfsburg,29,34,36,347,113,32.6,10.21,3.32,0.1,0.32,1,6,/en/squads/4eaa11d7/2017-2018/Wolfsburg-Stats
GER-Bundesliga,1819,Augsburg,30,34,50,450,156,34.7,13.24,4.59,0.11,0.32,5,5,/en/squads/0cdc4311/2018-2019/Augsburg-Stats
GER-Bundesliga,1819,Bayern Munich,24,34,86,633,252,39.8,18.62,7.41,0.14,0.34,3,4,/en/squads/054efa67/2018-2019/Bayern-Munich-Stats
GER-Bundesliga,1819,Dortmund,23,34,80,444,176,39.6,13.06,5.18,0.18,0.45,4,4,/en/squads/add600ae/2018-2019/Dortmund-Stats
GER-Bundesliga,1819,Düsseldorf,24,34,48,410,153,37.3,12.06,4.5,0.12,0.31,5,7,/en/squads/b1278397/2018-2019/Dusseldorf-Stats
GER-Bundesliga,1819,Frankfurt,30,34,60,416,148,35.6,12.24,4.35,0.14,0.41,4,4,/en/squads/f0ac8ee6/2018-2019/Eintracht-Frankfurt-Stats
GER-Bundesliga,1819,Freiburg,28,34,44,419,154,36.8,12.32,4.53,0.11,0.29,5,6,/en/squads/a486e511/2018-2019/Freiburg-Stats
GER-Bundesliga,1819,Gladbach,22,34,53,452,149,33.0,13.29,4.38,0.12,0.36,4,7,/en/squads/32f3ee20/2018-2019/Monchengladbach-Stats
GER-Bundesliga,1819,Hannover 96,32,34,30,382,112,29.3,11.24,3.29,0.08,0.27,3,3,/en/squads/60b5e41f/2018-2019/Hannover-96-Stats
GER-Bundesliga,1819,Hertha BSC,26,34,49,400,143,35.8,11.76,4.21,0.12,0.34,4,4,/en/squads/2818f8bc/2018-2019/Hertha-BSC-Stats
GER-Bundesliga,1819,Hoffenheim,29,34,69,605,215,35.5,17.79,6.32,0.11,0.32,6,7,/en/squads/033ea6b8/2018-2019/Hoffenheim-Stats
GER-Bundesliga,1819,Leverkusen,21,34,68,513,188,36.6,15.09,5.53,0.13,0.36,4,5,/en/squads/c7a9f859/2018-2019/Leverkusen-Stats
GER-Bundesliga,1819,Mainz 05,28,34,44,494,146,29.6,14.53,4.29,0.09,0.3,3,3,/en/squads/a224b06a/2018-2019/Mainz-05-Stats
GER-Bundesliga,1819,Nürnberg,27,34,25,354,99,28.0,10.41,2.91,0.07,0.25,2,6,/en/squads/6f2c108c/2018-2019/Nurnberg-Stats
GER-Bundesliga,1819,RB Leipzig,23,34,63,490,172,35.1,14.41,5.06,0.13,0.37,5,7,/en/squads/acbb6a5b/2018-2019/RB-Leipzig-Stats
GER-Bundesliga,1819,Schalke 04,32,34,37,407,122,30.0,11.97,3.59,0.09,0.3,7,9,/en/squads/c539e393/2018-2019/Schalke-04-Stats
GER-Bundesliga,1819,Stuttgart,26,34,32,407,113,27.8,11.97,3.32,0.08,0.28,1,1,/en/squads/598bc722/2018-2019/Stuttgart-Stats
GER-Bundesliga,1819,Werder Bremen,24,34,57,467,170,36.4,13.74,5.0,0.12,0.34,4,4,/en/squads/62add3bf/2018-2019/Werder-Bremen-Stats
GER-Bundesliga,1819,Wolfsburg,25,34,59,420,159,37.9,12.35,4.68,0.14,0.37,5,5,/en/squads/4eaa11d7/2018-2019/Wolfsburg-Stats
GER-Bundesliga,1920,Augsburg,28,34,45,358,129,36.0,10.53,3.79,0.13,0.35,3,5,/en/squads/0cdc4311/2019-2020/Augsburg-Stats
GER-Bundesliga,1920,Bayern Munich,29,34,97,609,243,39.9,17.91,7.15,0.16,0.4,6,6,/en/squads/054efa67/2019-2020/Bayern-Munich-Stats
GER-Bundesliga,1920,Dortmund,27,34,84,442,188,42.5,13.0,5.53,0.19,0.45,2,2,/en/squads/add600ae/2019-2020/Dortmund-Stats
GER-Bundesliga,1920,Düsseldorf,28,34,36,424,114,26.9,12.47,3.35,0.08,0.32,4,4,/en/squads/b1278397/2019-2020/Dusseldorf-Stats
GER-Bundesliga,1920,Frankfurt,27,34,57,500,170,34.0,14.71,5.0,0.11,0.34,2,2,/en/squads/f0ac8ee6/2019-2020/Eintracht-Frankfurt-Stats
GER-Bundesliga,1920,Freiburg,26,34,46,442,138,31.2,13.0,4.06,0.1,0.33,5,6,/en/squads/a486e511/2019-2020/Freiburg-Stats
GER-Bundesliga,1920,Gladbach,25,34,64,475,187,39.4,13.97,5.5,0.13,0.34,4,6,/en/squads/32f3ee20/2019-2020/Monchengladbach-Stats
GER-Bundesliga,1920,Hertha BSC,32,34,45,357,119,33.3,10.5,3.5,0.13,0.38,3,3,/en/squads/2818f8bc/2019-2020/Hertha-BSC-Stats
GER-Bundesliga,1920,Hoffenheim,31,34,52,447,154,34.5,13.15,4.53,0.12,0.34,3,4,/en/squads/033ea6b8/2019-2020/Hoffenheim-Stats
GER-Bundesliga,1920,Köln,29,34,50,413,147,35.6,12.15,4.32,0.12,0.34,2,4,/en/squads/bc357bf7/2019-2020/Koln-Stats
GER-Bundesliga,1920,Leverkusen,24,34,57,492,182,37.0,14.47,5.35,0.12,0.31,2,2,/en/squads/c7a9f859/2019-2020/Leverkusen-Stats
GER-Bundesliga,1920,Mainz 05,25,34,42,450,139,30.9,13.24,4.09,0.09,0.3,3,3,/en/squads/a224b06a/2019-2020/Mainz-05-Stats
GER-Bundesliga,1920,Paderborn 07,27,34,37,427,124,29.0,12.56,3.65,0.09,0.3,2,4,/en/squads/d9f93f02/2019-2020/Paderborn-07-Stats
GER-Bundesliga,1920,RB Leipzig,29,34,81,545,206,37.8,16.03,6.06,0.15,0.39,5,5,/en/squads/acbb6a5b/2019-2020/RB-Leipzig-Stats
GER-Bundesliga,1920,Schalke 04,29,34,35,383,124,32.4,11.26,3.65,0.09,0.28,2,2,/en/squads/c539e393/2019-2020/Schalke-04-Stats
GER-Bundesliga,1920,Union Berlin,26,34,38,397,130,32.7,11.68,3.82,0.1,0.29,4,5,/en/squads/7a41008f/2019-2020/Union-Berlin-Stats
GER-Bundesliga,1920,Werder Bremen,30,34,40,419,133,31.7,12.32,3.91,0.1,0.3,3,6,/en/squads/62add3bf/2019-2020/Werder-Bremen-Stats
GER-Bundesliga,1920,Wolfsburg,26,34,48,471,153,32.5,13.85,4.5,0.1,0.31,4,4,/en/squads/4eaa11d7/2019-2020/Wolfsburg-Stats
GER-Bundesliga,2021,Arminia,26,34,23,331,100,30.2,9.74,2.94,0.07,0.23,1,2,/en/squads/247c4b67/2020-2021/Arminia-Bielefeld-Stats
GER-Bundesliga,2021,Augsburg,25,34,35,332,108,32.5,9.76,3.18,0.11,0.32,2,5,/en/squads/0cdc4311/2020-2021/Augsburg-Stats
GER-Bundesliga,2021,Bayern Munich,29,34,98,572,219,38.3,16.82,6.44,0.17,0.45,9,10,/en/squads/054efa67/2020-2021/Bayern-Munich-Stats
GER-Bundesliga,2021,Dortmund,26,34,74,488,184,37.7,14.35,5.41,0.15,0.4,3,7,/en/squads/add600ae/2020-2021/Dortmund-Stats
GER-Bundesliga,2021,Frankfurt,25,34,63,442,162,36.7,13.0,4.76,0.14,0.39,8,8,/en/squads/f0ac8ee6/2020-2021/Eintracht-Frankfurt-Stats
GER-Bundesliga,2021,Freiburg,24,34,51,383,140,36.6,11.26,4.12,0.13,0.36,6,6,/en/squads/a486e511/2020-2021/Freiburg-Stats
GER-Bundesliga,2021,Gladbach,23,34,63,443,165,37.2,13.03,4.85,0.14,0.38,10,11,/en/squads/32f3ee20/2020-2021/Monchengladbach-Stats
GER-Bundesliga,2021,Hertha BSC,32,34,40,377,142,37.7,11.09,4.18,0.11,0.28,4,6,/en/squads/2818f8bc/2020-2021/Hertha-BSC-Stats
GER-Bundesliga,2021,Hoffenheim,30,34,51,424,149,35.1,12.47,4.38,0.12,0.34,5,6,/en/squads/033ea6b8/2020-2021/Hoffenheim-Stats
GER-Bundesliga,2021,Köln,28,34,33,354,103,29.1,10.41,3.03,0.09,0.32,4,6,/en/squads/bc357bf7/2020-2021/Koln-Stats
GER-Bundesliga,2021,Leverkusen,30,34,52,440,164,37.3,12.94,4.82,0.12,0.32,3,3,/en/squads/c7a9f859/2020-2021/Leverkusen-Stats
GER-Bundesliga,2021,Mainz 05,31,34,39,374,134,35.8,11.0,3.94,0.1,0.29,5,5,/en/squads/a224b06a/2020-2021/Mainz-05-Stats
GER-Bundesliga,2021,RB Leipzig,25,34,59,533,189,35.5,15.68,5.56,0.11,0.31,8,10,/en/squads/acbb6a5b/2020-2021/RB-Leipzig-Stats
GER-Bundesliga,2021,Schalke 04,42,34,24,301,81,26.9,8.85,2.38,0.08,0.3,0,3,/en/squads/c539e393/2020-2021/Schalke-04-Stats
GER-Bundesliga,2021,Stuttgart,29,34,54,448,150,33.5,13.18,4.41,0.12,0.36,6,8,/en/squads/598bc722/2020-2021/Stuttgart-Stats
GER-Bundesliga,2021,Union Berlin,27,34,50,391,132,33.8,11.5,3.88,0.13,0.38,5,7,/en/squads/7a41008f/2020-2021/Union-Berlin-Stats
GER-Bundesliga,2021,Werder Bremen,27,34,35,356,120,33.7,10.47,3.53,0.1,0.29,5,5,/en/squads/62add3bf/2020-2021/Werder-Bremen-Stats
GER-Bundesliga,2021,Wolfsburg,26,34,57,475,164,34.5,13.97,4.82,0.12,0.35,2,3,/en/squads/4eaa11d7/2020-2021/Wolfsburg-Stats
GER-Bundesliga,2122,Arminia,26,34,26,361,109,30.2,10.62,3.21,0.07,0.24,2,2,/en/squads/247c4b67/2021-2022/Arminia-Bielefeld-Stats
GER-Bundesliga,2122,Augsburg,26,34,39,362,117,32.3,10.65,3.44,0.11,0.33,5,5,/en/squads/0cdc4311/2021-2022/Augsburg-Stats
GER-Bundesliga,2122,Bayern Munich,30,34,92,668,255,38.2,19.65,7.5,0.14,0.36,5,5,/en/squads/054efa67/2021-2022/Bayern-Munich-Stats
GER-Bundesliga,2122,Bochum,28,34,37,409,136,33.3,12.03,4.0,0.09,0.27,4,6,/en/squads/b42c6323/2021-2022/Bochum-Stats
GER-Bundesliga,2122,Dortmund,33,34,81,442,165,37.3,13.0,4.85,0.18,0.49,11,11,/en/squads/add600ae/2021-2022/Dortmund-Stats
GER-Bundesliga,2122,Frankfurt,27,34,43,446,136,30.5,13.12,4.0,0.1,0.32,1,2,/en/squads/f0ac8ee6/2021-2022/Eintracht-Frankfurt-Stats
GER-Bundesliga,2122,Freiburg,26,34,55,457,153,33.5,13.44,4.5,0.12,0.36,5,6,/en/squads/a486e511/2021-2022/Freiburg-Stats
GER-Bundesliga,2122,Gladbach,26,34,54,489,174,35.6,14.38,5.12,0.11,0.31,5,7,/en/squads/32f3ee20/2021-2022/Monchengladbach-Stats
GER-Bundesliga,2122,Greuther Fürth,29,34,26,309,96,31.1,9.09,2.82,0.08,0.27,5,5,/en/squads/12192a4c/2021-2022/Greuther-Furth-Stats
GER-Bundesliga,2122,Hertha BSC,36,34,35,365,119,32.6,10.74,3.5,0.1,0.29,3,3,/en/squads/2818f8bc/2021-2022/Hertha-BSC-Stats
GER-Bundesliga,2122,Hoffenheim,32,34,55,452,150,33.2,13.29,4.41,0.12,0.37,0,0,/en/squads/033ea6b8/2021-2022/Hoffenheim-Stats
GER-Bundesliga,2122,Köln,26,34,52,467,149,31.9,13.74,4.38,0.11,0.35,1,1,/en/squads/bc357bf7/2021-2022/Koln-Stats
GER-Bundesliga,2122,Leverkusen,29,34,76,453,184,40.6,13.32,5.41,0.17,0.41,2,6,/en/squads/c7a9f859/2021-2022/Leverkusen-Stats
GER-Bundesliga,2122,Mainz 05,28,34,49,465,151,32.5,13.68,4.44,0.11,0.32,4,4,/en/squads/a224b06a/2021-2022/Mainz-05-Stats
GER-Bundesliga,2122,RB Leipzig,29,34,72,429,169,39.4,12.62,4.97,0.17,0.43,8,9,/en/squads/acbb6a5b/2021-2022/RB-Leipzig-Stats
GER-Bundesliga,2122,Stuttgart,34,34,40,449,153,34.1,13.21,4.5,0.09,0.26,1,3,/en/squads/598bc722/2021-2022/Stuttgart-Stats
GER-Bundesliga,2122,Union Berlin,28,34,50,408,149,36.5,12.0,4.38,0.12,0.34,5,5,/en/squads/7a41008f/2021-2022/Union-Berlin-Stats
GER-Bundesliga,2122,Wolfsburg,30,34,42,416,137,32.9,12.24,4.03,0.1,0.31,3,4,/en/squads/4eaa11d7/2021-2022/Wolfsburg-Stats
GER-Bundesliga,2223,Augsburg,34,34,41,354,101,28.5,10.41,2.97,0.12,0.41,4,5,/en/squads/0cdc4311/2022-2023/Augsburg-Stats
GER-Bundesliga,2223,Bayern Munich,28,34,90,625,251,40.2,18.38,7.38,0.14,0.36,3,5,/en/squads/054efa67/2022-2023/Bayern-Munich-Stats
GER-Bundesliga,2223,Bochum,26,34,37,397,127,32.0,11.68,3.74,0.09,0.29,3,3,/en/squads/b42c6323/2022-2023/Bochum-Stats
GER-Bundesliga,2223,Dortmund,30,34,81,558,219,39.2,16.41,6.44,0.15,0.37,4,6,/en/squads/add600ae/2022-2023/Dortmund-Stats
GER-Bundesliga,2223,Frankfurt,28,34,56,399,132,33.1,11.74,3.88,0.14,0.42,6,6,/en/squads/f0ac8ee6/2022-2023/Eintracht-Frankfurt-Stats
GER-Bundesliga,2223,Freiburg,27,34,51,412,167,40.5,12.12,4.91,0.12,0.31,7,8,/en/squads/a486e511/2022-2023/Freiburg-Stats
GER-Bundesliga,2223,Gladbach,27,34,52,403,166,41.2,11.85,4.88,0.13,0.31,4,6,/en/squads/32f3ee20/2022-2023/Monchengladbach-Stats
GER-Bundesliga,2223,Hertha BSC,32,34,42,377,121,32.1,11.09,3.56,0.11,0.35,7,7,/en/squads/2818f8bc/2022-2023/Hertha-BSC-Stats
GER-Bundesliga,2223,Hoffenheim,31,34,46,398,130,32.7,11.71,3.82,0.12,0.35,7,9,/en/squads/033ea6b8/2022-2023/Hoffenheim-Stats
GER-Bundesliga,2223,Köln,27,34,46,413,146,35.4,12.15,4.29,0.11,0.32,4,4,/en/squads/bc357bf7/2022-2023/Koln-Stats
GER-Bundesliga,2223,Leverkusen,27,34,57,432,160,37.0,12.71,4.71,0.13,0.36,5,7,/en/squads/c7a9f859/2022-2023/Leverkusen-Stats
GER-Bundesliga,2223,Mainz 05,27,34,54,414,152,36.7,12.18,4.47,0.13,0.36,4,6,/en/squads/a224b06a/2022-2023/Mainz-05-Stats
GER-Bundesliga,2223,RB Leipzig,25,34,64,497,182,36.6,14.62,5.35,0.13,0.35,6,7,/en/squads/acbb6a5b/2022-2023/RB-Leipzig-Stats
GER-Bundesliga,2223,Schalke 04,35,34,32,421,123,29.2,12.38,3.62,0.08,0.26,4,5,/en/squads/c539e393/2022-2023/Schalke-04-Stats
GER-Bundesliga,2223,Stuttgart,30,34,45,457,140,30.6,13.44,4.12,0.1,0.32,5,5,/en/squads/598bc722/2022-2023/Stuttgart-Stats
GER-Bundesliga,2223,Union Berlin,28,34,49,374,113,30.2,11.0,3.32,0.13,0.43,3,7,/en/squads/7a41008f/2022-2023/Union-Berlin-Stats
GER-Bundesliga,2223,Werder Bremen,25,34,50,363,136,37.5,10.68,4.0,0.14,0.37,5,6,/en/squads/62add3bf/2022-2023/Werder-Bremen-Stats
GER-Bundesliga,2223,Wolfsburg,28,34,55,401,138,34.4,11.79,4.06,0.14,0.4,4,7,/en/squads/4eaa11d7/2022-2023/Wolfsburg-Stats
GER-Bundesliga,2324,Augsburg,29,34,49,429,123,28.7,12.62,3.62,0.11,0.4,5,7,/en/squads/0cdc4311/2023-2024/Augsburg-Stats
GER-Bundesliga,2324,Bayern Munich,30,34,93,633,229,36.2,18.62,6.74,0.15,0.41,5,5,/en/squads/054efa67/2023-2024/Bayern-Munich-Stats
GER-Bundesliga,2324,Bochum,25,34,41,524,145,27.7,15.41,4.26,0.08,0.28,4,4,/en/squads/b42c6323/2023-2024/Bochum-Stats
GER-Bundesliga,2324,Darmstadt 98,32,34,28,404,110,27.2,11.88,3.24,0.07,0.25,3,3,/en/squads/6a6967fc/2023-2024/Darmstadt-98-Stats
GER-Bundesliga,2324,Dortmund,32,34,68,506,184,36.4,14.88,5.41,0.13,0.37,6,6,/en/squads/add600ae/2023-2024/Dortmund-Stats
GER-Bundesliga,2324,Frankfurt,34,34,48,402,139,34.6,11.82,4.09,0.12,0.35,2,3,/en/squads/f0ac8ee6/2023-2024/Eintracht-Frankfurt-Stats
GER-Bundesliga,2324,Freiburg,25,34,43,392,131,33.4,11.53,3.85,0.11,0.33,7,9,/en/squads/a486e511/2023-2024/Freiburg-Stats
GER-Bundesliga,2324,Gladbach,27,34,55,451,144,31.9,13.26,4.24,0.12,0.38,5,6,/en/squads/32f3ee20/2023-2024/Monchengladbach-Stats
GER-Bundesliga,2324,Heidenheim,22,34,46,392,114,29.1,11.53,3.35,0.12,0.4,2,3,/en/squads/18d9d2a7/2023-2024/Heidenheim-Stats
GER-Bundesliga,2324,Hoffenheim,30,34,65,457,160,35.0,13.44,4.71,0.14,0.41,6,6,/en/squads/033ea6b8/2023-2024/Hoffenheim-Stats
GER-Bundesliga,2324,Köln,26,34,28,441,142,32.2,12.97,4.18,0.06,0.2,5,6,/en/squads/bc357bf7/2023-2024/Koln-Stats
GER-Bundesliga,2324,Leverkusen,24,34,87,611,232,38.0,17.97,6.82,0.14,0.38,8,8,/en/squads/c7a9f859/2023-2024/Leverkusen-Stats
GER-Bundesliga,2324,Mainz 05,30,34,38,476,134,28.2,14.0,3.94,0.08,0.28,1,5,/en/squads/a224b06a/2023-2024/Mainz-05-Stats
GER-Bundesliga,2324,RB Leipzig,26,34,74,528,214,40.5,15.53,6.29,0.14,0.35,4,7,/en/squads/acbb6a5b/2023-2024/RB-Leipzig-Stats
GER-Bundesliga,2324,Stuttgart,27,34,78,529,206,38.9,15.56,6.06,0.15,0.38,5,8,/en/squads/598bc722/2023-2024/Stuttgart-Stats
GER-Bundesliga,2324,Union Berlin,30,34,33,403,127,31.5,11.85,3.74,0.08,0.26,3,6,/en/squads/7a41008f/2023-2024/Union-Berlin-Stats
GER-Bundesliga,2324,Werder Bremen,30,34,45,407,125,30.7,11.97,3.68,0.11,0.36,5,6,/en/squads/62add3bf/2023-2024/Werder-Bremen-Stats
GER-Bundesliga,2324,Wolfsburg,28,34,41,411,147,35.8,12.09,4.32,0.1,0.28,2,3,/en/squads/4eaa11d7/2023-2024/Wolfsburg-Stats
GER-Bundesliga,2425,Augsburg,29,34,35,397,114,28.7,11.68,3.35,0.09,0.31,1,2,/en/squads/0cdc4311/2024-2025/Augsburg-Stats
GER-Bundesliga,2425,Bayern Munich,29,34,96,636,255,40.1,18.71,7.5,0.15,0.38,9,10,/en/squads/054efa67/2024-2025/Bayern-Munich-Stats
GER-Bundesliga,2425,Bochum,27,34,32,433,133,30.7,12.74,3.91,0.07,0.24,1,3,/en/squads/b42c6323/2024-2025/Bochum-Stats
GER-Bundesliga,2425,Dortmund,28,34,69,478,157,32.8,14.06,4.62,0.14,0.44,5,6,/en/squads/add600ae/2024-2025/Dortmund-Stats
GER-Bundesliga,2425,Frankfurt,26,34,68,480,172,35.8,14.12,5.06,0.14,0.4,3,5,/en/squads/f0ac8ee6/2024-2025/Eintracht-Frankfurt-Stats
GER-Bundesliga,2425,Freiburg,26,34,46,405,132,32.6,11.91,3.88,0.11,0.35,0,4,/en/squads/a486e511/2024-2025/Freiburg-Stats
GER-Bundesliga,2425,Gladbach,26,34,53,413,153,37.0,12.15,4.5,0.13,0.35,4,5,/en/squads/32f3ee20/2024-2025/Monchengladbach-Stats
GER-Bundesliga,2425,Heidenheim,27,34,37,398,124,31.2,11.71,3.65,0.09,0.3,5,5,/en/squads/18d9d2a7/2024-2025/Heidenheim-Stats
GER-Bundesliga,2425,Hoffenheim,35,34,46,440,148,33.6,12.94,4.35,0.1,0.31,3,3,/en/squads/033ea6b8/2024-2025/Hoffenheim-Stats
GER-Bundesliga,2425,Holstein Kiel,27,34,49,368,133,36.1,10.82,3.91,0.13,0.37,4,5,/en/squads/2ac661d9/2024-2025/Holstein-Kiel-Stats
GER-Bundesliga,2425,Leverkusen,23,34,70,499,181,36.3,14.68,5.32,0.14,0.39,3,6,/en/squads/c7a9f859/2024-2025/Leverkusen-Stats
GER-Bundesliga,2425,Mainz 05,25,34,53,417,142,34.1,12.26,4.18,0.13,0.37,4,4,/en/squads/a224b06a/2024-2025/Mainz-05-Stats
GER-Bundesliga,2425,RB Leipzig,29,34,51,405,144,35.6,11.91,4.24,0.13,0.35,3,4,/en/squads/acbb6a5b/2024-2025/RB-Leipzig-Stats
GER-Bundesliga,2425,St Pauli,28,34,26,377,109,28.9,11.09,3.21,0.07,0.24,1,2,/en/squads/54864664/2024-2025/St-Pauli-Stats
GER-Bundesliga,2425,Stuttgart,29,34,61,465,172,37.0,13.68,5.06,0.13,0.35,2,6,/en/squads/598bc722/2024-2025/Stuttgart-Stats
GER-Bundesliga,2425,Union Berlin,28,34,36,414,120,29.0,12.18,3.53,0.09,0.3,3,3,/en/squads/7a41008f/2024-2025/Union-Berlin-Stats
GER-Bundesliga,2425,Werder Bremen,23,34,53,424,138,32.5,12.47,4.06,0.13,0.38,3,5,/en/squads/62add3bf/2024-2025/Werder-Bremen-Stats
GER-Bundesliga,2425,Wolfsburg,27,34,53,432,137,31.7,12.71,4.03,0.12,0.39,4,5,/en/squads/4eaa11d7/2024-2025/Wolfsburg-Stats
GER-Bundesliga,2526,Augsburg,29,34,45,445,157,35.3,13.09,4.62,0.1,0.29,4,6,/en/squads/0cdc4311/2025-2026/Augsburg-Stats
GER-Bundesliga,2526,Bayern Munich,32,34,119,653,289,44.3,19.21,8.5,0.18,0.41,11,12,/en/squads/054efa67/2025-2026/Bayern-Munich-Stats
GER-Bundesliga,2526,Dortmund,27,34,69,445,163,36.6,13.09,4.79,0.16,0.42,6,9,/en/squads/add600ae/2025-2026/Dortmund-Stats
GER-Bundesliga,2526,Frankfurt,29,34,61,408,157,38.5,12.0,4.62,0.15,0.39,6,6,/en/squads/f0ac8ee6/2025-2026/Eintracht-Frankfurt-Stats
GER-Bundesliga,2526,Freiburg,26,34,49,416,143,34.4,12.24,4.21,0.12,0.34,5,6,/en/squads/a486e511/2025-2026/Freiburg-Stats
GER-Bundesliga,2526,Gladbach,28,34,40,395,141,35.7,11.62,4.15,0.1,0.28,4,7,/en/squads/32f3ee20/2025-2026/Monchengladbach-Stats
GER-Bundesliga,2526,Hamburger SV,32,34,40,419,155,37.0,12.32,4.56,0.1,0.26,4,6,/en/squads/26790c6a/2025-2026/Hamburger-SV-Stats
GER-Bundesliga,2526,Heidenheim,30,34,41,389,123,31.6,11.44,3.62,0.11,0.33,2,2,/en/squads/18d9d2a7/2025-2026/Heidenheim-Stats
GER-Bundesliga,2526,Hoffenheim,26,34,61,479,176,36.7,14.09,5.18,0.13,0.35,6,6,/en/squads/033ea6b8/2025-2026/Hoffenheim-Stats
GER-Bundesliga,2526,Köln,27,34,47,456,158,34.6,13.41,4.65,0.1,0.3,3,3,/en/squads/bc357bf7/2025-2026/Koln-Stats
GER-Bundesliga,2526,Leverkusen,28,34,67,516,176,34.1,15.18,5.18,0.13,0.38,7,8,/en/squads/c7a9f859/2025-2026/Leverkusen-Stats
GER-Bundesliga,2526,Mainz 05,30,34,44,410,141,34.4,12.06,4.15,0.11,0.31,8,9,/en/squads/a224b06a/2025-2026/Mainz-05-Stats
GER-Bundesliga,2526,RB Leipzig,29,34,64,538,204,37.9,15.82,6.0,0.12,0.31,1,3,/en/squads/acbb6a5b/2025-2026/RB-Leipzig-Stats
GER-Bundesliga,2526,St Pauli,24,34,29,347,114,32.9,10.21,3.35,0.08,0.25,4,5,/en/squads/54864664/2025-2026/St-Pauli-Stats
GER-Bundesliga,2526,Stuttgart,26,34,70,519,207,39.9,15.26,6.09,0.13,0.34,5,7,/en/squads/598bc722/2025-2026/Stuttgart-Stats
GER-Bundesliga,2526,Union Berlin,26,34,44,424,133,31.4,12.47,3.91,0.1,0.33,3,5,/en/squads/7a41008f/2025-2026/Union-Berlin-Stats
GER-Bundesliga,2526,Werder Bremen,28,34,36,443,140,31.6,13.03,4.12,0.08,0.26,3,4,/en/squads/62add3bf/2025-2026/Werder-Bremen-Stats
GER-Bundesliga,2526,Wolfsburg,30,34,44,405,142,35.1,11.91,4.18,0.11,0.31,4,5,/en/squads/4eaa11d7/2025-2026/Wolfsburg-Stats
