league,season,team,players_used,90s,CrdY,CrdR,2CrdY,Fls,Fld,Off,Crs,Int,TklW,PKwon,PKcon,OG,url
ENG-Premier League,1415,Arsenal,29,38,69,0,,377,,,,,,,,,/en/squads/18bb7c10/2014-2015/Arsenal-Stats
ENG-Premier League,1415,Aston Villa,27,38,76,0,,398,,,,,,,,,/en/squads/8602292d/2014-2015/Aston-Villa-Stats
ENG-Premier League,1415,Burnley,24,38,66,0,,406,,,,,,,,,/en/squads/943e8050/2014-2015/Burnley-Stats
ENG-Premier League,1415,Chelsea,25,38,75,0,,382,,,,,,,,,/en/squads/cff3d9bb/2014-2015/Chelsea-Stats
ENG-Premier League,1415,Crystal Palace,30,38,70,0,,527,,,,,,,,,/en/squads/47c64c55/2014-2015/Crystal-Palace-Stats
ENG-Premier League,1415,Everton,28,38,71,0,,387,,,,,,,,,/en/squads/d3fd31cc/2014-2015/Everton-Stats
ENG-Premier League,1415,Hull City,29,38,75,0,,451,,,,,,,,,/en/squads/bd8769d1/2014-2015/Hull-City-Stats
ENG-Premier League,1415,Leicester City,28,38,49,0,,485,,,,,,,,,/en/squads/a2d435b3/2014-2015/Leicester-City-Stats
ENG-Premier League,1415,Liverpool,25,38,70,0,,386,,,,,,,,,/en/squads/822bd0ba/2014-2015/Liverpool-Stats
ENG-Premier League,1415,Manchester City,24,38,82,0,,445,,,,,,,,,/en/squads/b8fd03ef/2014-2015/Manchester-City-Stats
ENG-Premier League,1415,Manchester Utd,33,38,68,0,,452,,,,,,,,,/en/squads/19538871/2014-2015/Manchester-United-Stats
ENG-Premier League,1415,Newcastle,27,38,78,0,,433,,,,,,,,,/en/squads/b2b47a98/2014-2015/Newcastle-United-Stats
ENG-Premier League,1415,QPR,32,38,79,0,,450,,,,,,,,,/en/squads/a757999c/2014-2015/Queens-Park-Rangers-Stats
ENG-Premier League,1415,Southampton,29,38,59,0,,468,,,,,,,,,/en/squads/33c895d4/2014-2015/Southampton-Stats
ENG-Premier League,1415,Stoke City,25,38,84,0,,477,,,,,,,,,/en/squads/17892952/2014-2015/Stoke-City-Stats
ENG-Premier League,1415,Sunderland,25,38,96,0,,440,,,,,,,,,/en/squads/8ef52968/2014-2015/Sunderland-Stats
ENG-Premier League,1415,Swansea City,28,38,54,0,,397,,,,,,,,,/en/squads/fb10988f/2014-2015/Swansea-City-Stats
ENG-Premier League,1415,Tottenham,27,38,81,0,,442,,,,,,,,,/en/squads/361ca564/2014-2015/Tottenham-Hotspur-Stats
ENG-Premier League,1415,West Brom,26,38,64,0,,420,,,,,,,,,/en/squads/60c6b05f/2014-2015/West-Bromwich-Albion-Stats
ENG-Premier League,1415,West Ham,28,38,66,0,,416,,,,,,,,,/en/squads/7c21e445/2014-2015/West-Ham-United-Stats
ENG-Premier League,1516,Arsenal,25,38,45,0,,348,,,,,,,,,/en/squads/18bb7c10/2015-2016/Arsenal-Stats
ENG-Premier League,1516,Aston Villa,29,38,77,0,,429,,,,,,,,,/en/squads/8602292d/2015-2016/Aston-Villa-Stats
ENG-Premier League,1516,Bournemouth,28,38,53,0,,361,,,,,,,,,/en/squads/4ba7cbea/2015-2016/Bournemouth-Stats
ENG-Premier League,1516,Chelsea,28,38,62,0,,401,,,,,,,,,/en/squads/cff3d9bb/2015-2016/Chelsea-Stats
ENG-Premier League,1516,Crystal Palace,30,38,62,0,,465,,,,,,,,,/en/squads/47c64c55/2015-2016/Crystal-Palace-Stats
ENG-Premier League,1516,Everton,31,38,50,0,,306,,,,,,,,,/en/squads/d3fd31cc/2015-2016/Everton-Stats
ENG-Premier League,1516,Leicester City,23,38,54,0,,406,,,,,,,,,/en/squads/a2d435b3/2015-2016/Leicester-City-Stats
ENG-Premier League,1516,Liverpool,34,38,67,0,,410,,,,,,,,,/en/squads/822bd0ba/2015-2016/Liverpool-Stats
ENG-Premier League,1516,Manchester City,25,38,63,0,,409,,,,,,,,,/en/squads/b8fd03ef/2015-2016/Manchester-City-Stats
ENG-Premier League,1516,Manchester Utd,33,38,67,0,,473,,,,,,,,,/en/squads/19538871/2015-2016/Manchester-United-Stats
ENG-Premier League,1516,Newcastle,31,38,61,0,,419,,,,,,,,,/en/squads/b2b47a98/2015-2016/Newcastle-United-Stats
ENG-Premier League,1516,Norwich City,28,38,64,0,,431,,,,,,,,,/en/squads/1c781004/2015-2016/Norwich-City-Stats
ENG-Premier League,1516,Southampton,26,38,63,0,,417,,,,,,,,,/en/squads/33c895d4/2015-2016/Southampton-Stats
ENG-Premier League,1516,Stoke City,27,38,53,0,,420,,,,,,,,,/en/squads/17892952/2015-2016/Stoke-City-Stats
ENG-Premier League,1516,Sunderland,31,38,68,0,,484,,,,,,,,,/en/squads/8ef52968/2015-2016/Sunderland-Stats
ENG-Premier League,1516,Swansea City,27,38,60,0,,392,,,,,,,,,/en/squads/fb10988f/2015-2016/Swansea-City-Stats
ENG-Premier League,1516,Tottenham,24,38,72,0,,451,,,,,,,,,/en/squads/361ca564/2015-2016/Tottenham-Hotspur-Stats
ENG-Premier League,1516,Watford,25,38,77,0,,455,,,,,,,,,/en/squads/2abfe087/2015-2016/Watford-Stats
ENG-Premier League,1516,West Brom,28,38,65,0,,400,,,,,,,,,/en/squads/60c6b05f/2015-2016/West-Bromwich-Albion-Stats
ENG-Premier League,1516,West Ham,28,38,57,0,,381,,,,,,,,,/en/squads/7c21e445/2015-2016/West-Ham-United-Stats
ENG-Premier League,1617,Arsenal,29,38,69,0,0,394,390,99,701,558,492,4,10,1,/en/squads/18bb7c10/2016-2017/Arsenal-Stats
ENG-Premier League,1617,Bournemouth,27,38,56,2,2,372,492,54,642,481,466,11,4,4,/en/squads/4ba7cbea/2016-2017/Bournemouth-Stats
ENG-Premier League,1617,Burnley,27,38,67,1,1,428,415,103,676,569,473,4,5,2,/en/squads/943e8050/2016-2017/Burnley-Stats
ENG-Premier League,1617,Chelsea,24,38,72,0,0,394,474,65,697,523,482,4,2,1,/en/squads/cff3d9bb/2016-2017/Chelsea-Stats
ENG-Premier League,1617,Crystal Palace,31,38,79,0,0,471,470,57,880,575,521,6,2,0,/en/squads/47c64c55/2016-2017/Crystal-Palace-Stats
ENG-Premier League,1617,Everton,27,38,74,1,1,457,419,83,775,472,557,3,5,1,/en/squads/d3fd31cc/2016-2017/Everton-Stats
ENG-Premier League,1617,Hull City,28,38,67,0,0,403,390,71,748,587,474,2,14,5,/en/squads/bd8769d1/2016-2017/Hull-City-Stats
ENG-Premier League,1617,Leicester City,25,38,73,0,0,447,332,65,735,559,508,5,4,2,/en/squads/a2d435b3/2016-2017/Leicester-City-Stats
ENG-Premier League,1617,Liverpool,23,38,54,0,0,396,383,78,815,425,540,5,5,0,/en/squads/822bd0ba/2016-2017/Liverpool-Stats
ENG-Premier League,1617,Manchester City,25,38,71,0,0,395,427,93,810,527,476,9,5,1,/en/squads/b8fd03ef/2016-2017/Manchester-City-Stats
ENG-Premier League,1617,Manchester Utd,31,38,80,1,1,498,443,102,852,610,507,2,5,1,/en/squads/19538871/2016-2017/Manchester-United-Stats
ENG-Premier League,1617,Middlesbrough,27,38,79,1,1,480,399,51,735,570,558,2,5,0,/en/squads/7f59c601/2016-2017/Middlesbrough-Stats
ENG-Premier League,1617,Southampton,26,38,61,1,1,426,415,75,960,539,507,5,9,0,/en/squads/33c895d4/2016-2017/Southampton-Stats
ENG-Premier League,1617,Stoke City,26,38,72,1,1,434,440,87,725,528,489,5,2,5,/en/squads/17892952/2016-2017/Stoke-City-Stats
ENG-Premier League,1617,Sunderland,31,38,84,3,3,437,392,80,633,574,495,3,4,2,/en/squads/8ef52968/2016-2017/Sunderland-Stats
ENG-Premier League,1617,Swansea City,27,38,56,0,0,399,425,50,867,471,481,3,10,5,/en/squads/fb10988f/2016-2017/Swansea-City-Stats
ENG-Premier League,1617,Tottenham,24,38,62,0,0,431,463,74,763,331,512,9,2,1,/en/squads/361ca564/2016-2017/Tottenham-Hotspur-Stats
ENG-Premier League,1617,Watford,33,38,90,3,3,514,417,63,696,532,468,3,4,2,/en/squads/2abfe087/2016-2017/Watford-Stats
ENG-Premier League,1617,West Brom,23,38,80,0,0,448,343,61,770,564,441,0,3,1,/en/squads/60c6b05f/2016-2017/West-Bromwich-Albion-Stats
ENG-Premier League,1617,West Ham,29,38,86,4,4,408,461,80,759,634,452,4,8,0,/en/squads/7c21e445/2016-2017/West-Ham-United-Stats
ENG-Premier League,1718,Arsenal,30,38,57,,0,383,377,89,572,427,425,5,6,0,/en/squads/18bb7c10/2017-2018/Arsenal-Stats
ENG-Premier League,1718,Bournemouth,22,38,57,,1,339,411,52,707,367,324,2,3,1,/en/squads/4ba7cbea/2017-2018/Bournemouth-Stats
ENG-Premier League,1718,Brighton,24,38,54,,0,413,277,98,680,449,380,7,3,5,/en/squads/d07537b9/2017-2018/Brighton-and-Hove-Albion-Stats
ENG-Premier League,1718,Burnley,24,38,65,,0,350,422,100,707,400,355,0,5,1,/en/squads/943e8050/2017-2018/Burnley-Stats
ENG-Premier League,1718,Chelsea,26,38,46,,2,363,405,108,755,424,426,3,2,2,/en/squads/cff3d9bb/2017-2018/Chelsea-Stats
ENG-Premier League,1718,Crystal Palace,28,38,72,,0,425,404,56,703,552,447,9,2,2,/en/squads/47c64c55/2017-2018/Crystal-Palace-Stats
ENG-Premier League,1718,Everton,30,38,55,,2,460,364,82,629,514,447,8,5,0,/en/squads/d3fd31cc/2017-2018/Everton-Stats
ENG-Premier League,1718,Huddersfield,25,38,65,,2,397,363,67,765,518,502,2,6,1,/en/squads/f5922ca5/2017-2018/Huddersfield-Town-Stats
ENG-Premier League,1718,Leicester City,27,38,60,,4,364,357,92,744,414,417,6,4,2,/en/squads/a2d435b3/2017-2018/Leicester-City-Stats
ENG-Premier League,1718,Liverpool,27,38,44,,0,344,305,70,764,379,450,3,6,0,/en/squads/822bd0ba/2017-2018/Liverpool-Stats
ENG-Premier League,1718,Manchester City,25,38,63,,2,344,354,67,691,346,381,8,2,2,/en/squads/b8fd03ef/2017-2018/Manchester-City-Stats
ENG-Premier League,1718,Manchester Utd,27,38,64,,0,405,422,88,753,481,369,1,1,2,/en/squads/19538871/2017-2018/Manchester-United-Stats
ENG-Premier League,1718,Newcastle,27,38,54,,1,409,369,63,616,441,426,1,6,3,/en/squads/b2b47a98/2017-2018/Newcastle-United-Stats
ENG-Premier League,1718,Southampton,26,38,65,,1,416,377,73,800,462,454,3,2,0,/en/squads/33c895d4/2017-2018/Southampton-Stats
ENG-Premier League,1718,Stoke City,30,38,62,,0,436,375,87,598,461,437,2,5,2,/en/squads/17892952/2017-2018/Stoke-City-Stats
ENG-Premier League,1718,Swansea City,26,38,51,,0,377,400,38,694,390,417,1,6,2,/en/squads/fb10988f/2017-2018/Swansea-City-Stats
ENG-Premier League,1718,Tottenham,25,38,52,,1,384,394,88,825,380,399,3,3,1,/en/squads/361ca564/2017-2018/Tottenham-Hotspur-Stats
ENG-Premier League,1718,Watford,29,38,65,,1,441,381,74,713,467,432,6,6,1,/en/squads/2abfe087/2017-2018/Watford-Stats
ENG-Premier League,1718,West Brom,24,38,73,,0,440,345,79,784,470,385,0,1,2,/en/squads/60c6b05f/2017-2018/West-Bromwich-Albion-Stats
ENG-Premier League,1718,West Ham,27,38,75,,1,379,450,97,733,482,410,4,6,1,/en/squads/7c21e445/2017-2018/West-Ham-United-Stats
ENG-Premier League,1819,Arsenal,28,38,74,2,1,412,455,89,605,412,366,4,7,1,/en/squads/18bb7c10/2018-2019/Arsenal-Stats
ENG-Premier League,1819,Bournemouth,28,38,60,1,0,340,441,57,613,371,299,8,5,3,/en/squads/4ba7cbea/2018-2019/Bournemouth-Stats
ENG-Premier League,1819,Brighton,21,38,62,4,1,463,301,90,636,463,391,5,10,0,/en/squads/d07537b9/2018-2019/Brighton-and-Hove-Albion-Stats
ENG-Premier League,1819,Burnley,23,38,75,1,0,360,356,106,692,367,311,1,3,4,/en/squads/943e8050/2018-2019/Burnley-Stats
ENG-Premier League,1819,Cardiff City,25,38,66,1,0,374,390,77,562,529,375,2,7,0,/en/squads/75fae011/2018-2019/Cardiff-City-Stats
ENG-Premier League,1819,Chelsea,24,38,49,0,0,339,424,83,692,353,365,5,2,0,/en/squads/cff3d9bb/2018-2019/Chelsea-Stats
ENG-Premier League,1819,Crystal Palace,26,38,59,2,1,386,391,78,577,445,446,10,5,1,/en/squads/47c64c55/2018-2019/Crystal-Palace-Stats
ENG-Premier League,1819,Everton,23,38,57,4,1,432,418,69,814,453,441,4,5,2,/en/squads/d3fd31cc/2018-2019/Everton-Stats
ENG-Premier League,1819,Fulham,28,38,72,2,2,423,342,90,611,434,362,2,7,2,/en/squads/fd962109/2018-2019/Fulham-Stats
ENG-Premier League,1819,Huddersfield,31,38,57,4,1,420,370,63,768,531,425,1,9,1,/en/squads/f5922ca5/2018-2019/Huddersfield-Town-Stats
ENG-Premier League,1819,Leicester City,25,38,63,5,3,351,378,72,779,438,393,6,5,0,/en/squads/a2d435b3/2018-2019/Leicester-City-Stats
ENG-Premier League,1819,Liverpool,23,38,41,2,2,315,347,77,721,314,377,7,1,0,/en/squads/822bd0ba/2018-2019/Liverpool-Stats
ENG-Premier League,1819,Manchester City,21,38,44,1,0,328,301,98,783,362,327,4,4,0,/en/squads/b8fd03ef/2018-2019/Manchester-City-Stats
ENG-Premier League,1819,Manchester Utd,28,38,77,4,2,433,397,90,638,355,347,11,6,3,/en/squads/19538871/2018-2019/Manchester-United-Stats
ENG-Premier League,1819,Newcastle,24,38,57,2,0,423,332,59,711,506,433,2,6,1,/en/squads/b2b47a98/2018-2019/Newcastle-United-Stats
ENG-Premier League,1819,Southampton,30,38,75,3,2,420,341,61,666,549,428,4,3,3,/en/squads/33c895d4/2018-2019/Southampton-Stats
ENG-Premier League,1819,Tottenham,28,38,58,3,1,376,364,74,643,325,373,3,5,3,/en/squads/361ca564/2018-2019/Tottenham-Hotspur-Stats
ENG-Premier League,1819,Watford,25,38,80,4,1,433,382,89,570,428,391,1,5,3,/en/squads/2abfe087/2018-2019/Watford-Stats
ENG-Premier League,1819,West Ham,26,38,59,1,0,331,388,71,631,457,393,5,5,1,/en/squads/7c21e445/2018-2019/West-Ham-United-Stats
ENG-Premier League,1819,Wolves,21,38,73,1,0,409,325,73,622,501,408,4,4,4,/en/squads/8cec06e1/2018-2019/Wolverhampton-Wanderers-Stats
ENG-Premier League,1920,Arsenal,29,38,88,5,1,421,437,73,699,351,336,2,8,0,/en/squads/18bb7c10/2019-2020/Arsenal-Stats
ENG-Premier League,1920,Aston Villa,28,38,70,1,1,451,525,62,798,423,291,2,6,1,/en/squads/8602292d/2019-2020/Aston-Villa-Stats
ENG-Premier League,1920,Bournemouth,27,38,78,3,2,369,388,67,646,475,299,2,6,0,/en/squads/4ba7cbea/2019-2020/Bournemouth-Stats
ENG-Premier League,1920,Brighton,25,38,59,2,1,386,325,71,689,419,379,2,2,2,/en/squads/d07537b9/2019-2020/Brighton-and-Hove-Albion-Stats
ENG-Premier League,1920,Burnley,22,38,67,0,0,412,369,89,743,387,344,1,5,1,/en/squads/943e8050/2019-2020/Burnley-Stats
ENG-Premier League,1920,Chelsea,27,38,60,0,0,386,384,63,862,459,362,6,2,3,/en/squads/cff3d9bb/2019-2020/Chelsea-Stats
ENG-Premier League,1920,Crystal Palace,25,38,62,2,0,424,479,53,588,444,390,2,1,2,/en/squads/47c64c55/2019-2020/Crystal-Palace-Stats
ENG-Premier League,1920,Everton,24,38,76,3,3,472,394,58,804,408,408,0,4,3,/en/squads/d3fd31cc/2019-2020/Everton-Stats
ENG-Premier League,1920,Leicester City,24,38,43,3,1,418,444,64,779,423,432,6,10,2,/en/squads/a2d435b3/2019-2020/Leicester-City-Stats
ENG-Premier League,1920,Liverpool,24,38,38,1,0,331,293,53,896,352,325,4,1,1,/en/squads/822bd0ba/2019-2020/Liverpool-Stats
ENG-Premier League,1920,Manchester City,24,38,64,4,2,362,296,68,915,352,301,10,3,1,/en/squads/b8fd03ef/2019-2020/Manchester-City-Stats
ENG-Premier League,1920,Manchester Utd,29,38,73,0,0,423,427,56,635,379,333,12,3,1,/en/squads/19538871/2019-2020/Manchester-United-Stats
ENG-Premier League,1920,Newcastle,28,38,66,3,0,370,423,75,591,391,357,0,2,2,/en/squads/b2b47a98/2019-2020/Newcastle-United-Stats
ENG-Premier League,1920,Norwich City,30,38,68,3,0,363,430,50,473,397,379,1,7,3,/en/squads/1c781004/2019-2020/Norwich-City-Stats
ENG-Premier League,1920,Sheffield United,26,38,63,2,1,412,306,78,866,420,377,1,3,0,/en/squads/1df6b87e/2019-2020/Sheffield-United-Stats
ENG-Premier League,1920,Southampton,25,38,55,4,1,450,388,58,690,425,416,4,4,1,/en/squads/33c895d4/2019-2020/Southampton-Stats
ENG-Premier League,1920,Tottenham,29,38,84,3,1,423,424,66,641,381,415,4,7,2,/en/squads/361ca564/2019-2020/Tottenham-Hotspur-Stats
ENG-Premier League,1920,Watford,26,38,80,3,2,481,342,68,684,424,369,7,9,3,/en/squads/2abfe087/2019-2020/Watford-Stats
ENG-Premier League,1920,West Ham,29,38,64,1,1,387,345,66,737,421,417,3,6,3,/en/squads/7c21e445/2019-2020/West-Ham-United-Stats
ENG-Premier League,1920,Wolves,21,38,61,2,2,407,360,49,718,437,367,4,3,1,/en/squads/8cec06e1/2019-2020/Wolverhampton-Wanderers-Stats
ENG-Premier League,2021,Arsenal,29,38,49,5,1,346,400,61,751,351,252,5,3,4,/en/squads/18bb7c10/2020-2021/Arsenal-Stats
ENG-Premier League,2021,Aston Villa,24,38,71,4,4,439,553,71,779,387,282,6,6,1,/en/squads/8602292d/2020-2021/Aston-Villa-Stats
ENG-Premier League,2021,Brighton,27,38,49,6,2,428,357,52,686,425,334,7,7,2,/en/squads/d07537b9/2020-2021/Brighton-and-Hove-Albion-Stats
ENG-Premier League,2021,Burnley,25,38,48,0,0,384,389,80,772,416,293,3,3,1,/en/squads/943e8050/2020-2021/Burnley-Stats
ENG-Premier League,2021,Chelsea,27,38,51,3,1,433,364,79,749,382,341,10,4,1,/en/squads/cff3d9bb/2020-2021/Chelsea-Stats
ENG-Premier League,2021,Crystal Palace,24,38,56,2,1,409,436,67,533,396,366,2,4,0,/en/squads/47c64c55/2020-2021/Crystal-Palace-Stats
ENG-Premier League,2021,Everton,29,38,59,2,0,386,392,65,662,392,381,4,4,1,/en/squads/d3fd31cc/2020-2021/Everton-Stats
ENG-Premier League,2021,Fulham,28,38,67,3,0,484,372,43,710,437,329,5,7,1,/en/squads/fd962109/2020-2021/Fulham-Stats
ENG-Premier League,2021,Leeds United,23,38,61,1,0,432,410,76,786,397,417,3,9,2,/en/squads/5bfb9659/2020-2021/Leeds-United-Stats
ENG-Premier League,2021,Leicester City,27,38,61,0,0,413,421,71,649,438,403,11,4,2,/en/squads/a2d435b3/2020-2021/Leicester-City-Stats
ENG-Premier League,2021,Liverpool,28,38,40,0,0,396,316,65,862,347,303,4,8,0,/en/squads/822bd0ba/2020-2021/Liverpool-Stats
ENG-Premier League,2021,Manchester City,24,38,46,2,0,361,372,57,632,319,271,7,10,1,/en/squads/b8fd03ef/2020-2021/Manchester-City-Stats
ENG-Premier League,2021,Manchester Utd,29,38,64,1,0,452,400,76,640,386,311,9,4,2,/en/squads/19538871/2020-2021/Manchester-United-Stats
ENG-Premier League,2021,Newcastle,27,38,65,3,2,388,420,58,652,362,268,6,5,3,/en/squads/b2b47a98/2020-2021/Newcastle-United-Stats
ENG-Premier League,2021,Sheffield United,27,38,73,3,0,459,293,73,666,351,356,3,4,3,/en/squads/1df6b87e/2020-2021/Sheffield-United-Stats
ENG-Premier League,2021,Southampton,29,38,52,3,0,428,421,76,554,401,419,4,9,1,/en/squads/33c895d4/2020-2021/Southampton-Stats
ENG-Premier League,2021,Tottenham,24,38,57,2,2,440,468,45,526,342,361,5,10,3,/en/squads/361ca564/2020-2021/Tottenham-Hotspur-Stats
ENG-Premier League,2021,West Brom,30,38,51,4,0,404,412,75,604,435,328,4,11,3,/en/squads/60c6b05f/2020-2021/West-Bromwich-Albion-Stats
ENG-Premier League,2021,West Ham,24,38,50,3,1,375,354,74,775,437,280,3,5,4,/en/squads/7c21e445/2020-2021/West-Ham-United-Stats
ENG-Premier League,2021,Wolves,27,38,55,1,1,426,383,37,775,432,335,3,8,3,/en/squads/8cec06e1/2020-2021/Wolverhampton-Wanderers-Stats
ENG-Premier League,2122,Arsenal,27,38,67,4,3,365,357,66,633,296,311,6,6,1,/en/squads/18bb7c10/2021-2022/Arsenal-Stats
ENG-Premier League,2122,Aston Villa,31,38,81,2,1,401,504,52,670,339,382,2,6,2,/en/squads/8602292d/2021-2022/Aston-Villa-Stats
ENG-Premier League,2122,Brentford,29,38,65,3,2,371,363,66,640,393,342,6,5,2,/en/squads/cd051869/2021-2022/Brentford-Stats
ENG-Premier League,2122,Brighton,26,38,72,2,0,393,355,53,728,358,403,4,4,0,/en/squads/d07537b9/2021-2022/Brighton-and-Hove-Albion-Stats
ENG-Premier League,2122,Burnley,23,38,68,2,0,394,332,101,747,410,324,2,5,2,/en/squads/943e8050/2021-2022/Burnley-Stats
ENG-Premier League,2122,Chelsea,26,38,63,1,0,409,392,69,745,347,348,8,6,1,/en/squads/cff3d9bb/2021-2022/Chelsea-Stats
ENG-Premier League,2122,Crystal Palace,24,38,69,1,1,414,481,63,643,333,374,6,4,2,/en/squads/47c64c55/2021-2022/Crystal-Palace-Stats
ENG-Premier League,2122,Everton,33,38,82,6,2,368,388,53,653,365,402,7,2,5,/en/squads/d3fd31cc/2021-2022/Everton-Stats
ENG-Premier League,2122,Leeds United,29,38,101,3,0,469,368,63,648,395,437,4,5,1,/en/squads/5bfb9659/2021-2022/Leeds-United-Stats
ENG-Premier League,2122,Leicester City,28,38,55,1,0,356,396,60,556,367,384,1,9,1,/en/squads/a2d435b3/2021-2022/Leicester-City-Stats
ENG-Premier League,2122,Liverpool,27,38,50,1,0,363,286,63,897,340,320,5,0,1,/en/squads/822bd0ba/2021-2022/Liverpool-Stats
ENG-Premier League,2122,Manchester City,26,38,42,1,0,321,330,66,869,279,284,7,1,0,/en/squads/b8fd03ef/2021-2022/Manchester-City-Stats
ENG-Premier League,2122,Manchester Utd,29,38,77,2,1,396,320,88,659,340,358,3,5,3,/en/squads/19538871/2021-2022/Manchester-United-Stats
ENG-Premier League,2122,Newcastle,29,38,81,2,1,392,366,71,592,360,383,1,6,2,/en/squads/b2b47a98/2021-2022/Newcastle-United-Stats
ENG-Premier League,2122,Norwich City,28,38,57,1,1,356,431,55,568,381,368,2,12,2,/en/squads/1c781004/2021-2022/Norwich-City-Stats
ENG-Premier League,2122,Southampton,25,38,65,2,1,402,363,42,711,446,340,4,2,2,/en/squads/33c895d4/2021-2022/Southampton-Stats
ENG-Premier League,2122,Tottenham,25,38,69,1,1,386,406,62,632,355,349,3,2,1,/en/squads/361ca564/2021-2022/Tottenham-Hotspur-Stats
ENG-Premier League,2122,Watford,30,38,63,3,3,442,352,53,610,444,356,2,7,3,/en/squads/2abfe087/2021-2022/Watford-Stats
ENG-Premier League,2122,West Ham,25,38,52,3,2,323,276,59,802,374,301,3,6,2,/en/squads/7c21e445/2021-2022/West-Ham-United-Stats
ENG-Premier League,2122,Wolves,26,38,62,2,2,366,335,61,587,389,377,1,10,1,/en/squads/8cec06e1/2021-2022/Wolverhampton-Wanderers-Stats
ENG-Premier League,2223,Arsenal,26,38,51,0,0,373,435,56,674,237,343,3,5,1,/en/squads/18bb7c10/2022-2023/Arsenal-Stats
ENG-Premier League,2223,Aston Villa,26,38,80,1,0,417,498,58,561,324,338,4,6,4,/en/squads/8602292d/2022-2023/Aston-Villa-Stats
ENG-Premier League,2223,Bournemouth,31,38,68,0,0,391,365,38,509,353,371,0,7,3,/en/squads/4ba7cbea/2022-2023/Bournemouth-Stats
ENG-Premier League,2223,Brentford,25,38,57,1,1,354,399,72,661,341,338,7,2,3,/en/squads/cd051869/2022-2023/Brentford-Stats
ENG-Premier League,2223,Brighton,29,38,58,0,0,427,407,70,694,303,340,4,8,6,/en/squads/d07537b9/2022-2023/Brighton-and-Hove-Albion-Stats
ENG-Premier League,2223,Chelsea,32,38,81,3,2,397,462,74,693,341,445,3,1,3,/en/squads/cff3d9bb/2022-2023/Chelsea-Stats
ENG-Premier League,2223,Crystal Palace,26,38,82,3,2,446,479,58,591,359,421,2,4,3,/en/squads/47c64c55/2022-2023/Crystal-Palace-Stats
ENG-Premier League,2223,Everton,28,38,81,2,1,396,382,64,704,390,424,3,6,0,/en/squads/d3fd31cc/2022-2023/Everton-Stats
ENG-Premier League,2223,Fulham,29,38,80,1,0,411,405,60,769,340,350,8,8,2,/en/squads/fd962109/2022-2023/Fulham-Stats
ENG-Premier League,2223,Leeds United,29,38,89,3,2,467,405,60,653,392,480,2,6,1,/en/squads/5bfb9659/2022-2023/Leeds-United-Stats
ENG-Premier League,2223,Leicester City,28,38,63,2,2,410,397,83,496,367,412,5,5,5,/en/squads/a2d435b3/2022-2023/Leicester-City-Stats
ENG-Premier League,2223,Liverpool,28,38,57,1,0,405,321,84,799,333,370,3,4,2,/en/squads/822bd0ba/2022-2023/Liverpool-Stats
ENG-Premier League,2223,Manchester City,24,38,44,1,0,347,384,51,742,223,272,9,3,1,/en/squads/b8fd03ef/2022-2023/Manchester-City-Stats
ENG-Premier League,2223,Manchester Utd,26,38,78,2,0,424,297,79,517,352,400,2,3,1,/en/squads/19538871/2022-2023/Manchester-United-Stats
ENG-Premier League,2223,Newcastle,27,38,61,1,0,406,399,71,740,333,360,2,5,2,/en/squads/b2b47a98/2022-2023/Newcastle-United-Stats
ENG-Premier League,2223,Nottingham,33,38,84,0,0,445,390,67,530,349,387,3,9,0,/en/squads/e4a775cb/2022-2023/Nottingham-Forest-Stats
ENG-Premier League,2223,Southampton,36,38,73,0,0,430,378,57,613,427,426,3,3,5,/en/squads/33c895d4/2022-2023/Southampton-Stats
ENG-Premier League,2223,Tottenham,29,38,77,3,1,424,353,67,719,340,353,5,4,1,/en/squads/361ca564/2022-2023/Tottenham-Hotspur-Stats
ENG-Premier League,2223,West Ham,25,38,44,0,0,362,316,62,768,408,336,6,6,1,/en/squads/7c21e445/2022-2023/West-Ham-United-Stats
ENG-Premier League,2223,Wolves,32,38,85,6,1,463,389,62,661,279,370,1,4,1,/en/squads/8cec06e1/2022-2023/Wolverhampton-Wanderers-Stats
ENG-Premier League,2324,Arsenal,25,38,64,2,1,391,394,87,670,292,348,9,3,1,/en/squads/18bb7c10/2023-2024/Arsenal-Stats
ENG-Premier League,2324,Aston Villa,31,38,94,2,0,412,473,47,651,236,311,4,2,4,/en/squads/8602292d/2023-2024/Aston-Villa-Stats
ENG-Premier League,2324,Bournemouth,30,38,79,3,0,507,376,56,709,357,410,3,7,1,/en/squads/4ba7cbea/2023-2024/Bournemouth-Stats
ENG-Premier League,2324,Brentford,28,38,89,2,0,385,419,70,706,378,399,3,2,0,/en/squads/cd051869/2023-2024/Brentford-Stats
ENG-Premier League,2324,Brighton,30,38,90,3,0,414,454,84,671,288,366,6,6,2,/en/squads/d07537b9/2023-2024/Brighton-and-Hove-Albion-Stats
ENG-Premier League,2324,Burnley,31,38,77,7,3,429,353,76,550,280,342,3,7,3,/en/squads/943e8050/2023-2024/Burnley-Stats
ENG-Premier League,2324,Chelsea,32,38,109,4,2,446,451,85,558,298,376,11,5,3,/en/squads/cff3d9bb/2023-2024/Chelsea-Stats
ENG-Premier League,2324,Crystal Palace,26,38,73,2,2,457,427,72,583,323,464,4,3,2,/en/squads/47c64c55/2023-2024/Crystal-Palace-Stats
ENG-Premier League,2324,Everton,26,38,82,1,1,457,361,89,752,358,442,2,8,3,/en/squads/d3fd31cc/2023-2024/Everton-Stats
ENG-Premier League,2324,Fulham,25,38,84,4,3,384,364,51,736,371,384,2,8,4,/en/squads/fd962109/2023-2024/Fulham-Stats
ENG-Premier League,2324,Liverpool,30,38,69,5,2,463,376,100,817,292,418,8,1,2,/en/squads/822bd0ba/2023-2024/Liverpool-Stats
ENG-Premier League,2324,Luton Town,28,38,71,0,0,443,448,67,841,325,368,2,4,4,/en/squads/e297cd13/2023-2024/Luton-Town-Stats
ENG-Premier League,2324,Manchester City,25,38,53,2,1,289,410,42,700,233,305,8,3,1,/en/squads/b8fd03ef/2023-2024/Manchester-City-Stats
ENG-Premier League,2324,Manchester Utd,31,38,83,1,1,401,340,91,594,313,409,6,7,1,/en/squads/19538871/2023-2024/Manchester-United-Stats
ENG-Premier League,2324,Newcastle,32,38,79,1,1,386,469,59,648,285,391,9,5,1,/en/squads/b2b47a98/2023-2024/Newcastle-United-Stats
ENG-Premier League,2324,Nottingham,33,38,82,3,2,428,371,77,595,331,430,1,4,2,/en/squads/e4a775cb/2023-2024/Nottingham-Forest-Stats
ENG-Premier League,2324,Sheffield United,35,38,101,5,3,423,318,64,428,348,405,3,7,7,/en/squads/1df6b87e/2023-2024/Sheffield-United-Stats
ENG-Premier League,2324,Tottenham,29,38,92,4,2,425,510,83,710,355,451,2,7,3,/en/squads/361ca564/2023-2024/Tottenham-Hotspur-Stats
ENG-Premier League,2324,West Ham,26,38,82,3,3,390,392,71,661,361,426,4,10,4,/en/squads/7c21e445/2023-2024/West-Ham-United-Stats
ENG-Premier League,2324,Wolves,27,38,102,4,2,476,405,78,578,284,430,4,8,1,/en/squads/8cec06e1/2023-2024/Wolverhampton-Wanderers-Stats
ENG-Premier League,2425,Arsenal,25,38,70,6,3,401,405,80,766,225,348,2,3,0,/en/squads/18bb7c10/2024-2025/Arsenal-Stats
ENG-Premier League,2425,Aston Villa,28,38,76,4,2,406,499,55,604,240,372,6,3,0,/en/squads/8602292d/2024-2025/Aston-Villa-Stats
ENG-Premier League,2425,Bournemouth,29,38,97,3,0,525,400,70,832,351,399,7,4,0,/en/squads/4ba7cbea/2024-2025/Bournemouth-Stats
ENG-Premier League,2425,Brentford,28,38,62,1,0,320,339,63,674,285,380,6,1,3,/en/squads/cd051869/2024-2025/Brentford-Stats
ENG-Premier League,2425,Brighton,32,38,78,3,2,438,411,46,704,315,431,6,9,2,/en/squads/d07537b9/2024-2025/Brighton-and-Hove-Albion-Stats
ENG-Premier League,2425,Chelsea,29,38,101,2,1,436,444,65,663,272,371,5,6,0,/en/squads/cff3d9bb/2024-2025/Chelsea-Stats
ENG-Premier League,2425,Crystal Palace,29,38,80,4,3,417,403,74,605,334,450,4,2,3,/en/squads/47c64c55/2024-2025/Crystal-Palace-Stats
ENG-Premier League,2425,Everton,26,38,82,2,1,430,384,81,682,345,433,1,2,0,/en/squads/d3fd31cc/2024-2025/Everton-Stats
ENG-Premier League,2425,Fulham,26,38,80,2,0,432,359,43,894,302,411,3,4,2,/en/squads/fd962109/2024-2025/Fulham-Stats
ENG-Premier League,2425,Ipswich Town,32,38,93,5,4,430,404,52,505,303,340,2,6,2,/en/squads/b74092de/2024-2025/Ipswich-Town-Stats
ENG-Premier League,2425,Leicester City,32,38,87,0,0,420,393,63,621,327,431,3,4,3,/en/squads/a2d435b3/2024-2025/Leicester-City-Stats
ENG-Premier League,2425,Liverpool,24,38,67,3,1,430,359,60,729,299,391,6,2,2,/en/squads/822bd0ba/2024-2025/Liverpool-Stats
ENG-Premier League,2425,Manchester City,30,38,59,2,1,287,382,45,659,229,299,4,4,2,/en/squads/b8fd03ef/2024-2025/Manchester-City-Stats
ENG-Premier League,2425,Manchester Utd,31,38,86,3,1,403,371,69,630,358,493,4,4,2,/en/squads/19538871/2024-2025/Manchester-United-Stats
ENG-Premier League,2425,Newcastle,24,38,68,1,0,394,450,71,705,270,371,4,2,2,/en/squads/b2b47a98/2024-2025/Newcastle-United-Stats
ENG-Premier League,2425,Nottingham,23,38,90,2,2,401,419,91,621,322,419,3,3,0,/en/squads/e4a775cb/2024-2025/Nottingham-Forest-Stats
ENG-Premier League,2425,Southampton,36,38,89,3,0,459,421,49,548,305,378,2,9,0,/en/squads/33c895d4/2024-2025/Southampton-Stats
ENG-Premier League,2425,Tottenham,31,38,72,1,1,446,483,63,752,322,414,4,3,4,/en/squads/361ca564/2024-2025/Tottenham-Hotspur-Stats
ENG-Premier League,2425,West Ham,27,38,82,3,2,443,397,73,613,331,388,2,3,3,/en/squads/7c21e445/2024-2025/West-Ham-United-Stats
ENG-Premier League,2425,Wolves,32,38,79,2,2,480,425,62,568,298,471,0,9,3,/en/squads/8cec06e1/2024-2025/Wolverhampton-Wanderers-Stats
ENG-Premier League,2526,Arsenal,25,38,51,0,0,391,408,61,679,259,332,,,1,/en/squads/18bb7c10/2025-2026/Arsenal-Stats
ENG-Premier League,2526,Aston Villa,30,38,58,1,0,379,471,43,605,223,347,,,1,/en/squads/8602292d/2025-2026/Aston-Villa-Stats
ENG-Premier League,2526,Bournemouth,26,38,88,2,0,458,384,70,727,341,378,,,3,/en/squads/4ba7cbea/2025-2026/Bournemouth-Stats
ENG-Premier League,2526,Brentford,26,38,69,1,0,390,339,58,679,318,331,,,3,/en/squads/cd051869/2025-2026/Brentford-Stats
ENG-Premier League,2526,Brighton,28,38,86,0,0,453,369,64,714,311,409,,,4,/en/squads/d07537b9/2025-2026/Brighton-and-Hove-Albion-Stats
ENG-Premier League,2526,Burnley,28,38,66,3,1,392,333,56,516,344,363,,,4,/en/squads/943e8050/2025-2026/Burnley-Stats
ENG-Premier League,2526,Chelsea,30,38,98,8,4,419,445,58,677,358,340,,,1,/en/squads/cff3d9bb/2025-2026/Chelsea-Stats
ENG-Premier League,2526,Crystal Palace,30,38,76,2,1,398,356,71,604,305,411,,,2,/en/squads/47c64c55/2025-2026/Crystal-Palace-Stats
ENG-Premier League,2526,Everton,22,38,74,4,1,409,405,53,672,303,403,,,1,/en/squads/d3fd31cc/2025-2026/Everton-Stats
ENG-Premier League,2526,Fulham,24,38,75,1,0,414,361,67,684,315,383,,,3,/en/squads/fd962109/2025-2026/Fulham-Stats
ENG-Premier League,2526,Leeds United,24,38,64,1,1,398,416,60,677,338,394,,,1,/en/squads/5bfb9659/2025-2026/Leeds-United-Stats
ENG-Premier League,2526,Liverpool,24,38,57,1,0,384,387,76,762,250,307,,,0,/en/squads/822bd0ba/2025-2026/Liverpool-Stats
ENG-Premier League,2526,Manchester City,27,38,67,0,0,367,413,44,623,293,336,,,0,/en/squads/b8fd03ef/2025-2026/Manchester-City-Stats
ENG-Premier League,2526,Manchester Utd,27,38,64,3,1,390,394,52,639,310,406,,,2,/en/squads/19538871/2025-2026/Manchester-United-Stats
ENG-Premier League,2526,Newcastle,26,38,67,3,2,385,440,49,876,259,349,,,2,/en/squads/b2b47a98/2025-2026/Newcastle-United-Stats
ENG-Premier League,2526,Nottingham,31,38,60,1,0,406,422,60,826,290,385,,,3,/en/squads/e4a775cb/2025-2026/Nottingham-Forest-Stats
ENG-Premier League,2526,Sunderland,29,38,82,3,0,407,407,56,613,295,356,,,2,/en/squads/8ef52968/2025-2026/Sunderland-Stats
ENG-Premier League,2526,Tottenham,31,38,101,4,1,462,378,58,762,310,446,,,0,/en/squads/361ca564/2025-2026/Tottenham-Hotspur-Stats
ENG-Premier League,2526,West Ham,32,38,69,3,1,421,385,65,638,341,403,,,3,/en/squads/7c21e445/2025-2026/West-Ham-United-Stats
ENG-Premier League,2526,Wolves,31,38,80,3,1,494,403,53,694,303,415,,,4,/en/squads/8cec06e1/2025-2026/Wolverhampton-Wanderers-Stats
ESP-La Liga,1415,Almería,27,38,124,0,,556,,,,,,,,,/en/squads/78ecf4bb/2014-2015/Almeria-Stats
ESP-La Liga,1415,Athletic Club,26,38,103,0,,525,,,,,,,,,/en/squads/2b390eca/2014-2015/Athletic-Club-Stats
ESP-La Liga,1415,Atlético Madrid,25,38,118,0,,543,,,,,,,,,/en/squads/db3b9613/2014-2015/Atletico-Madrid-Stats
ESP-La Liga,1415,Barcelona,24,38,69,0,,369,,,,,,,,,/en/squads/206d90db/2014-2015/Barcelona-Stats
ESP-La Liga,1415,Celta Vigo,23,38,120,0,,581,,,,,,,,,/en/squads/f25da7fb/2014-2015/Celta-Vigo-Stats
ESP-La Liga,1415,Córdoba,33,38,106,0,,492,,,,,,,,,/en/squads/6009ff35/2014-2015/Cordoba-Stats
ESP-La Liga,1415,Dep. La Coruña,27,38,111,0,,559,,,,,,,,,/en/squads/2a60ed82/2014-2015/Deportivo-La-Coruna-Stats
ESP-La Liga,1415,Eibar,23,38,110,0,,565,,,,,,,,,/en/squads/bea5c710/2014-2015/Eibar-Stats
ESP-La Liga,1415,Elche,24,38,113,0,,585,,,,,,,,,/en/squads/6c8b07df/2014-2015/Elche-Stats
ESP-La Liga,1415,Espanyol,27,38,125,0,,610,,,,,,,,,/en/squads/a8661628/2014-2015/Espanyol-Stats
ESP-La Liga,1415,Getafe,27,38,98,0,,540,,,,,,,,,/en/squads/7848bd64/2014-2015/Getafe-Stats
ESP-La Liga,1415,Granada,34,38,115,0,,573,,,,,,,,,/en/squads/a0435291/2014-2015/Granada-Stats
ESP-La Liga,1415,Levante,29,38,107,0,,570,,,,,,,,,/en/squads/9800b6a1/2014-2015/Levante-Stats
ESP-La Liga,1415,Málaga,23,38,112,0,,569,,,,,,,,,/en/squads/1c896955/2014-2015/Malaga-Stats
ESP-La Liga,1415,Rayo Vallecano,28,38,113,0,,552,,,,,,,,,/en/squads/98e8af82/2014-2015/Rayo-Vallecano-Stats
ESP-La Liga,1415,Real Madrid,24,38,87,0,,406,,,,,,,,,/en/squads/53a2f082/2014-2015/Real-Madrid-Stats
ESP-La Liga,1415,Real Sociedad,25,38,89,0,,509,,,,,,,,,/en/squads/e31d1cd9/2014-2015/Real-Sociedad-Stats
ESP-La Liga,1415,Sevilla,26,38,118,0,,604,,,,,,,,,/en/squads/ad2be733/2014-2015/Sevilla-Stats
ESP-La Liga,1415,Valencia,24,38,112,0,,566,,,,,,,,,/en/squads/dcc91a7b/2014-2015/Valencia-Stats
ESP-La Liga,1415,Villarreal,28,38,96,0,,526,,,,,,,,,/en/squads/2a8183b3/2014-2015/Villarreal-Stats
ESP-La Liga,1516,Athletic Club,25,38,86,6,2,501,477,91,844,780,628,4,7,2,/en/squads/2b390eca/2015-2016/Athletic-Club-Stats
ESP-La Liga,1516,Atlético Madrid,25,38,94,3,2,507,439,84,761,767,717,2,1,0,/en/squads/db3b9613/2015-2016/Atletico-Madrid-Stats
ESP-La Liga,1516,Barcelona,25,38,67,1,0,384,557,121,532,569,522,15,1,2,/en/squads/206d90db/2015-2016/Barcelona-Stats
ESP-La Liga,1516,Celta Vigo,27,38,115,8,5,532,529,104,515,836,610,5,5,2,/en/squads/f25da7fb/2015-2016/Celta-Vigo-Stats
ESP-La Liga,1516,Dep. La Coruña,25,38,86,4,3,403,433,85,725,804,598,1,4,1,/en/squads/2a60ed82/2015-2016/Deportivo-La-Coruna-Stats
ESP-La Liga,1516,Eibar,28,38,108,4,3,597,408,87,827,803,635,7,4,2,/en/squads/bea5c710/2015-2016/Eibar-Stats
ESP-La Liga,1516,Espanyol,26,38,132,5,5,654,491,98,636,709,622,2,6,2,/en/squads/a8661628/2015-2016/Espanyol-Stats
ESP-La Liga,1516,Getafe,27,38,129,6,4,531,443,72,742,718,573,2,10,1,/en/squads/7848bd64/2015-2016/Getafe-Stats
ESP-La Liga,1516,Granada,28,38,141,7,5,586,504,91,626,721,604,5,5,2,/en/squads/a0435291/2015-2016/Granada-Stats
ESP-La Liga,1516,Las Palmas,27,38,100,4,2,466,563,79,466,784,546,3,4,1,/en/squads/0049d422/2015-2016/Las-Palmas-Stats
ESP-La Liga,1516,Levante,27,38,134,7,5,549,477,75,692,696,497,2,7,5,/en/squads/9800b6a1/2015-2016/Levante-Stats
ESP-La Liga,1516,Málaga,30,38,110,5,4,553,466,85,828,747,592,2,2,3,/en/squads/1c896955/2015-2016/Malaga-Stats
ESP-La Liga,1516,Rayo Vallecano,29,38,115,10,4,549,473,124,992,707,580,1,9,2,/en/squads/98e8af82/2015-2016/Rayo-Vallecano-Stats
ESP-La Liga,1516,Real Betis,29,38,114,5,5,493,555,79,669,771,613,2,1,1,/en/squads/fc536746/2015-2016/Real-Betis-Stats
ESP-La Liga,1516,Real Madrid,24,38,75,5,3,421,490,116,904,643,585,8,4,0,/en/squads/53a2f082/2015-2016/Real-Madrid-Stats
ESP-La Liga,1516,Real Sociedad,27,38,109,5,3,468,579,86,946,873,601,1,7,1,/en/squads/e31d1cd9/2015-2016/Real-Sociedad-Stats
ESP-La Liga,1516,Sevilla,33,38,106,8,6,560,497,106,904,663,511,7,3,2,/en/squads/ad2be733/2015-2016/Sevilla-Stats
ESP-La Liga,1516,Sporting Gijón,28,38,107,6,5,527,447,81,668,748,618,2,10,1,/en/squads/bb9efd50/2015-2016/Sporting-Gijon-Stats
ESP-La Liga,1516,Valencia,30,38,110,7,5,571,596,92,724,781,632,5,4,1,/en/squads/dcc91a7b/2015-2016/Valencia-Stats
ESP-La Liga,1516,Villarreal,26,38,103,4,3,536,440,107,555,781,539,3,3,1,/en/squads/2a8183b3/2015-2016/Villarreal-Stats
ESP-La Liga,1617,Alavés,25,38,120,5,3,548,485,92,643,565,558,4,6,2,/en/squads/8d6fd021/2016-2017/Alaves-Stats
ESP-La Liga,1617,Athletic Club,25,38,89,2,1,528,529,76,912,593,581,6,3,0,/en/squads/2b390eca/2016-2017/Athletic-Club-Stats
ESP-La Liga,1617,Atlético Madrid,22,38,85,3,3,510,474,117,660,645,600,7,4,0,/en/squads/db3b9613/2016-2017/Atletico-Madrid-Stats
ESP-La Liga,1617,Barcelona,25,38,75,1,1,427,577,118,551,445,463,8,0,2,/en/squads/206d90db/2016-2017/Barcelona-Stats
ESP-La Liga,1617,Celta Vigo,27,38,111,8,6,516,516,101,481,627,550,6,10,2,/en/squads/f25da7fb/2016-2017/Celta-Vigo-Stats
ESP-La Liga,1617,Dep. La Coruña,28,38,97,4,2,546,523,69,879,563,531,7,3,2,/en/squads/2a60ed82/2016-2017/Deportivo-La-Coruna-Stats
ESP-La Liga,1617,Eibar,24,38,96,7,2,522,385,92,920,676,526,6,6,1,/en/squads/bea5c710/2016-2017/Eibar-Stats
ESP-La Liga,1617,Espanyol,27,38,82,2,2,572,497,62,674,607,583,3,2,1,/en/squads/a8661628/2016-2017/Espanyol-Stats
ESP-La Liga,1617,Granada,35,38,116,6,4,559,442,62,623,620,477,1,4,1,/en/squads/a0435291/2016-2017/Granada-Stats
ESP-La Liga,1617,Las Palmas,29,38,106,6,4,471,632,88,462,523,440,6,11,1,/en/squads/0049d422/2016-2017/Las-Palmas-Stats
ESP-La Liga,1617,Leganés,31,38,107,3,1,648,475,90,663,671,546,4,7,0,/en/squads/7c6f2c78/2016-2017/Leganes-Stats
ESP-La Liga,1617,Málaga,29,38,116,7,5,560,528,87,792,663,562,5,9,0,/en/squads/1c896955/2016-2017/Malaga-Stats
ESP-La Liga,1617,Osasuna,35,38,100,3,1,574,415,76,648,677,545,5,10,3,/en/squads/03c57e2b/2016-2017/Osasuna-Stats
ESP-La Liga,1617,Real Betis,27,38,106,5,3,583,576,87,645,593,560,2,5,0,/en/squads/fc536746/2016-2017/Real-Betis-Stats
ESP-La Liga,1617,Real Madrid,24,38,76,2,0,434,544,137,857,517,572,5,4,1,/en/squads/53a2f082/2016-2017/Real-Madrid-Stats
ESP-La Liga,1617,Real Sociedad,27,38,89,6,5,536,589,84,829,603,456,7,7,2,/en/squads/e31d1cd9/2016-2017/Real-Sociedad-Stats
ESP-La Liga,1617,Sevilla,28,38,109,4,2,589,524,126,661,522,521,5,5,1,/en/squads/ad2be733/2016-2017/Sevilla-Stats
ESP-La Liga,1617,Sporting Gijón,29,38,116,4,2,574,498,78,676,552,517,7,9,2,/en/squads/bb9efd50/2016-2017/Sporting-Gijon-Stats
ESP-La Liga,1617,Valencia,31,38,114,6,3,556,569,90,668,628,621,5,13,2,/en/squads/dcc91a7b/2016-2017/Valencia-Stats
ESP-La Liga,1617,Villarreal,27,38,91,4,1,523,500,84,514,567,505,7,6,0,/en/squads/2a8183b3/2016-2017/Villarreal-Stats
ESP-La Liga,1718,Alavés,30,38,109,4,4,603,522,108,558,498,464,3,10,2,/en/squads/8d6fd021/2017-2018/Alaves-Stats
ESP-La Liga,1718,Athletic Club,26,38,93,0,0,528,487,104,816,465,486,7,6,3,/en/squads/2b390eca/2017-2018/Athletic-Club-Stats
ESP-La Liga,1718,Atlético Madrid,26,38,96,5,3,538,481,107,524,513,614,4,4,1,/en/squads/db3b9613/2017-2018/Atletico-Madrid-Stats
ESP-La Liga,1718,Barcelona,25,38,67,2,0,383,520,134,409,424,413,4,2,0,/en/squads/206d90db/2017-2018/Barcelona-Stats
ESP-La Liga,1718,Celta Vigo,23,38,85,1,0,430,540,92,583,497,420,2,5,1,/en/squads/f25da7fb/2017-2018/Celta-Vigo-Stats
ESP-La Liga,1718,Dep. La Coruña,32,38,100,2,1,507,436,94,747,484,500,5,5,3,/en/squads/2a60ed82/2017-2018/Deportivo-La-Coruna-Stats
ESP-La Liga,1718,Eibar,27,38,86,3,2,492,435,84,1055,554,436,3,4,3,/en/squads/bea5c710/2017-2018/Eibar-Stats
ESP-La Liga,1718,Espanyol,25,38,88,1,1,521,530,76,720,515,500,3,6,2,/en/squads/a8661628/2017-2018/Espanyol-Stats
ESP-La Liga,1718,Getafe,32,38,134,5,4,673,495,108,585,487,491,11,4,0,/en/squads/7848bd64/2017-2018/Getafe-Stats
ESP-La Liga,1718,Girona,25,38,102,0,0,615,497,80,828,490,403,6,5,3,/en/squads/9024a00a/2017-2018/Girona-Stats
ESP-La Liga,1718,Las Palmas,36,38,89,3,1,484,665,81,581,508,433,5,5,1,/en/squads/0049d422/2017-2018/Las-Palmas-Stats
ESP-La Liga,1718,Leganés,28,38,105,5,3,592,503,97,690,583,483,2,7,0,/en/squads/7c6f2c78/2017-2018/Leganes-Stats
ESP-La Liga,1718,Levante,33,38,111,6,3,554,446,70,726,477,414,5,6,3,/en/squads/9800b6a1/2017-2018/Levante-Stats
ESP-La Liga,1718,Málaga,37,38,101,8,5,613,442,89,742,497,509,3,7,0,/en/squads/1c896955/2017-2018/Malaga-Stats
ESP-La Liga,1718,Real Betis,29,38,91,3,1,465,486,62,534,427,424,1,4,4,/en/squads/fc536746/2017-2018/Real-Betis-Stats
ESP-La Liga,1718,Real Madrid,24,38,67,4,2,436,517,115,904,424,470,9,4,2,/en/squads/53a2f082/2017-2018/Real-Madrid-Stats
ESP-La Liga,1718,Real Sociedad,27,38,64,5,4,419,538,91,782,446,374,5,8,1,/en/squads/e31d1cd9/2017-2018/Real-Sociedad-Stats
ESP-La Liga,1718,Sevilla,31,38,99,3,2,562,493,137,657,409,535,3,8,1,/en/squads/ad2be733/2017-2018/Sevilla-Stats
ESP-La Liga,1718,Valencia,25,38,107,5,4,518,548,83,605,459,492,7,5,0,/en/squads/dcc91a7b/2017-2018/Valencia-Stats
ESP-La Liga,1718,Villarreal,32,38,117,6,4,598,458,111,517,427,466,5,8,0,/en/squads/2a8183b3/2017-2018/Villarreal-Stats
ESP-La Liga,1819,Alavés,26,38,101,1,0,551,499,58,729,390,389,2,6,2,/en/squads/8d6fd021/2018-2019/Alaves-Stats
ESP-La Liga,1819,Athletic Club,27,38,120,4,2,580,492,74,728,453,384,6,5,0,/en/squads/2b390eca/2018-2019/Athletic-Club-Stats
ESP-La Liga,1819,Atlético Madrid,29,38,103,5,3,476,453,80,590,463,487,2,5,2,/en/squads/db3b9613/2018-2019/Atletico-Madrid-Stats
ESP-La Liga,1819,Barcelona,30,38,77,2,1,410,550,102,394,391,346,8,2,1,/en/squads/206d90db/2018-2019/Barcelona-Stats
ESP-La Liga,1819,Celta Vigo,28,38,84,6,5,458,484,90,659,382,377,3,7,1,/en/squads/f25da7fb/2018-2019/Celta-Vigo-Stats
ESP-La Liga,1819,Eibar,25,38,82,2,1,521,390,92,1057,368,424,5,4,1,/en/squads/bea5c710/2018-2019/Eibar-Stats
ESP-La Liga,1819,Espanyol,25,38,92,2,2,531,510,84,544,408,394,3,8,2,/en/squads/a8661628/2018-2019/Espanyol-Stats
ESP-La Liga,1819,Getafe,26,38,111,7,4,642,501,102,638,453,358,4,7,2,/en/squads/7848bd64/2018-2019/Getafe-Stats
ESP-La Liga,1819,Girona,26,38,83,4,2,537,527,60,743,432,367,3,8,2,/en/squads/9024a00a/2018-2019/Girona-Stats
ESP-La Liga,1819,Huesca,30,38,114,3,1,579,442,94,771,440,452,5,9,3,/en/squads/c6c493e6/2018-2019/Huesca-Stats
ESP-La Liga,1819,Leganés,29,38,106,4,2,542,398,75,744,432,382,3,4,1,/en/squads/7c6f2c78/2018-2019/Leganes-Stats
ESP-La Liga,1819,Levante,26,38,112,7,5,501,487,85,674,422,372,6,9,2,/en/squads/9800b6a1/2018-2019/Levante-Stats
ESP-La Liga,1819,Rayo Vallecano,29,38,106,8,5,567,455,71,783,433,422,5,11,1,/en/squads/98e8af82/2018-2019/Rayo-Vallecano-Stats
ESP-La Liga,1819,Real Betis,25,38,89,1,0,435,548,79,590,361,378,5,5,0,/en/squads/fc536746/2018-2019/Real-Betis-Stats
ESP-La Liga,1819,Real Madrid,27,38,83,6,4,446,545,112,762,373,395,8,8,0,/en/squads/53a2f082/2018-2019/Real-Madrid-Stats
ESP-La Liga,1819,Real Sociedad,30,38,82,4,2,492,544,92,627,425,344,7,3,2,/en/squads/e31d1cd9/2018-2019/Real-Sociedad-Stats
ESP-La Liga,1819,Sevilla,27,38,118,6,4,536,462,111,812,365,408,5,7,0,/en/squads/ad2be733/2018-2019/Sevilla-Stats
ESP-La Liga,1819,Valencia,25,38,90,3,2,463,514,75,715,418,384,6,8,2,/en/squads/dcc91a7b/2018-2019/Valencia-Stats
ESP-La Liga,1819,Valladolid,28,38,92,0,0,521,521,96,804,387,441,6,9,1,/en/squads/17859612/2018-2019/Valladolid-Stats
ESP-La Liga,1819,Villarreal,26,38,118,3,3,518,412,95,618,390,413,3,5,3,/en/squads/2a8183b3/2018-2019/Villarreal-Stats
ESP-La Liga,1920,Alavés,32,38,111,7,3,621,432,61,562,392,346,5,15,0,/en/squads/8d6fd021/2019-2020/Alaves-Stats
ESP-La Liga,1920,Athletic Club,26,38,90,2,0,522,436,84,754,373,324,4,7,2,/en/squads/2b390eca/2019-2020/Athletic-Club-Stats
ESP-La Liga,1920,Atlético Madrid,30,38,93,3,2,513,479,116,574,412,406,6,4,3,/en/squads/db3b9613/2019-2020/Atletico-Madrid-Stats
ESP-La Liga,1920,Barcelona,28,38,92,6,3,416,529,83,417,342,323,3,7,0,/en/squads/206d90db/2019-2020/Barcelona-Stats
ESP-La Liga,1920,Celta Vigo,30,38,104,6,3,473,527,70,636,396,357,6,5,0,/en/squads/f25da7fb/2019-2020/Celta-Vigo-Stats
ESP-La Liga,1920,Eibar,26,38,92,3,2,538,411,73,870,430,338,5,6,1,/en/squads/bea5c710/2019-2020/Eibar-Stats
ESP-La Liga,1920,Espanyol,31,38,107,9,6,581,469,65,710,360,364,1,7,2,/en/squads/a8661628/2019-2020/Espanyol-Stats
ESP-La Liga,1920,Getafe,30,38,135,5,2,706,495,106,833,367,341,4,6,2,/en/squads/7848bd64/2019-2020/Getafe-Stats
ESP-La Liga,1920,Granada,27,38,109,1,1,590,497,70,670,383,349,3,5,0,/en/squads/a0435291/2019-2020/Granada-Stats
ESP-La Liga,1920,Leganés,29,38,127,4,2,591,500,75,771,418,357,4,7,1,/en/squads/7c6f2c78/2019-2020/Leganes-Stats
ESP-La Liga,1920,Levante,29,38,79,5,4,468,460,81,697,331,288,5,7,2,/en/squads/9800b6a1/2019-2020/Levante-Stats
ESP-La Liga,1920,Mallorca,32,38,93,5,4,509,526,58,682,376,338,8,16,1,/en/squads/2aa12281/2019-2020/Mallorca-Stats
ESP-La Liga,1920,Osasuna,31,38,110,6,3,551,410,80,755,417,361,2,5,0,/en/squads/03c57e2b/2019-2020/Osasuna-Stats
ESP-La Liga,1920,Real Betis,27,38,108,9,3,473,577,84,624,302,299,6,11,1,/en/squads/fc536746/2019-2020/Real-Betis-Stats
ESP-La Liga,1920,Real Madrid,26,38,82,4,3,487,474,84,776,381,355,11,2,0,/en/squads/53a2f082/2019-2020/Real-Madrid-Stats
ESP-La Liga,1920,Real Sociedad,27,38,79,2,2,501,489,78,719,320,321,2,9,1,/en/squads/e31d1cd9/2019-2020/Real-Sociedad-Stats
ESP-La Liga,1920,Sevilla,26,38,97,1,1,522,480,92,880,346,344,4,4,1,/en/squads/ad2be733/2019-2020/Sevilla-Stats
ESP-La Liga,1920,Valencia,28,38,80,8,3,416,543,100,677,360,311,6,9,1,/en/squads/dcc91a7b/2019-2020/Valencia-Stats
ESP-La Liga,1920,Valladolid,30,38,84,0,0,484,530,81,645,390,327,6,8,0,/en/squads/17859612/2019-2020/Valladolid-Stats
ESP-La Liga,1920,Villarreal,25,38,78,1,0,483,422,71,619,339,323,10,9,2,/en/squads/2a8183b3/2019-2020/Villarreal-Stats
ESP-La Liga,2021,Alavés,30,38,96,8,5,513,487,73,645,428,292,5,3,0,/en/squads/8d6fd021/2020-2021/Alaves-Stats
ESP-La Liga,2021,Athletic Club,27,38,82,3,1,483,477,77,811,344,269,5,6,1,/en/squads/2b390eca/2020-2021/Athletic-Club-Stats
ESP-La Liga,2021,Atlético Madrid,25,38,100,0,0,489,443,96,597,386,367,6,4,3,/en/squads/db3b9613/2020-2021/Atletico-Madrid-Stats
ESP-La Liga,2021,Barcelona,25,38,72,2,2,357,523,90,494,361,293,6,5,2,/en/squads/206d90db/2020-2021/Barcelona-Stats
ESP-La Liga,2021,Celta Vigo,30,38,109,5,3,631,492,65,521,405,368,7,8,1,/en/squads/f25da7fb/2020-2021/Celta-Vigo-Stats
ESP-La Liga,2021,Cádiz,34,38,81,3,2,436,483,56,731,437,317,3,10,1,/en/squads/ee7c297c/2020-2021/Cadiz-Stats
ESP-La Liga,2021,Eibar,30,38,71,3,2,494,387,67,1052,434,309,4,5,0,/en/squads/bea5c710/2020-2021/Eibar-Stats
ESP-La Liga,2021,Elche,30,38,99,3,2,527,456,51,672,386,335,1,10,1,/en/squads/6c8b07df/2020-2021/Elche-Stats
ESP-La Liga,2021,Getafe,31,38,120,7,2,631,520,74,815,393,352,3,8,3,/en/squads/7848bd64/2020-2021/Getafe-Stats
ESP-La Liga,2021,Granada,34,38,97,6,1,533,469,82,613,392,279,4,12,1,/en/squads/a0435291/2020-2021/Granada-Stats
ESP-La Liga,2021,Huesca,27,38,69,2,1,528,518,101,824,437,322,2,5,2,/en/squads/c6c493e6/2020-2021/Huesca-Stats
ESP-La Liga,2021,Levante,29,38,68,1,0,509,397,69,697,432,283,5,4,2,/en/squads/9800b6a1/2020-2021/Levante-Stats
ESP-La Liga,2021,Osasuna,28,38,80,5,3,535,407,67,700,392,281,3,8,2,/en/squads/03c57e2b/2020-2021/Osasuna-Stats
ESP-La Liga,2021,Real Betis,25,38,93,8,4,521,483,65,586,452,314,9,10,3,/en/squads/fc536746/2020-2021/Real-Betis-Stats
ESP-La Liga,2021,Real Madrid,30,38,59,2,1,407,474,86,771,398,318,2,8,1,/en/squads/53a2f082/2020-2021/Real-Madrid-Stats
ESP-La Liga,2021,Real Sociedad,30,38,81,1,0,566,459,86,712,315,322,8,5,1,/en/squads/e31d1cd9/2020-2021/Real-Sociedad-Stats
ESP-La Liga,2021,Sevilla,26,38,79,2,2,491,488,69,731,362,297,4,6,2,/en/squads/ad2be733/2020-2021/Sevilla-Stats
ESP-La Liga,2021,Valencia,30,38,82,5,3,459,525,90,613,392,277,6,8,2,/en/squads/dcc91a7b/2020-2021/Valencia-Stats
ESP-La Liga,2021,Valladolid,32,38,93,4,0,510,510,75,744,431,321,8,7,0,/en/squads/17859612/2020-2021/Valladolid-Stats
ESP-La Liga,2021,Villarreal,29,38,67,5,1,449,465,88,579,371,313,7,9,2,/en/squads/2a8183b3/2020-2021/Villarreal-Stats
ESP-La Liga,2122,Alavés,33,38,93,4,3,529,455,72,758,376,324,6,9,0,/en/squads/8d6fd021/2021-2022/Alaves-Stats
ESP-La Liga,2122,Athletic Club,26,38,90,4,3,487,483,89,798,339,292,5,3,1,/en/squads/2b390eca/2021-2022/Athletic-Club-Stats
ESP-La Liga,2122,Atlético Madrid,26,38,111,7,3,473,503,85,703,365,346,4,8,3,/en/squads/db3b9613/2021-2022/Atletico-Madrid-Stats
ESP-La Liga,2122,Barcelona,38,38,97,5,3,499,489,99,798,325,331,6,3,0,/en/squads/206d90db/2021-2022/Barcelona-Stats
ESP-La Liga,2122,Celta Vigo,25,38,87,3,1,507,463,83,768,376,409,3,8,2,/en/squads/f25da7fb/2021-2022/Celta-Vigo-Stats
ESP-La Liga,2122,Cádiz,33,38,105,3,3,488,449,69,865,413,380,5,13,0,/en/squads/ee7c297c/2021-2022/Cadiz-Stats
ESP-La Liga,2122,Elche,28,38,104,6,1,518,471,74,720,305,325,1,10,0,/en/squads/6c8b07df/2021-2022/Elche-Stats
ESP-La Liga,2122,Espanyol,34,38,99,7,3,440,516,70,627,326,338,3,5,2,/en/squads/a8661628/2021-2022/Espanyol-Stats
ESP-La Liga,2122,Getafe,31,38,121,8,1,559,481,53,621,401,360,1,4,1,/en/squads/7848bd64/2021-2022/Getafe-Stats
ESP-La Liga,2122,Granada,32,38,105,4,1,477,466,62,691,326,343,2,9,2,/en/squads/a0435291/2021-2022/Granada-Stats
ESP-La Liga,2122,Levante,31,38,109,6,2,550,403,77,624,377,305,6,6,0,/en/squads/9800b6a1/2021-2022/Levante-Stats
ESP-La Liga,2122,Mallorca,33,38,114,7,4,554,535,67,597,344,332,6,8,4,/en/squads/2aa12281/2021-2022/Mallorca-Stats
ESP-La Liga,2122,Osasuna,29,38,84,2,1,498,391,66,864,368,331,3,7,2,/en/squads/03c57e2b/2021-2022/Osasuna-Stats
ESP-La Liga,2122,Rayo Vallecano,28,38,101,3,1,537,511,83,862,365,359,4,9,1,/en/squads/98e8af82/2021-2022/Rayo-Vallecano-Stats
ESP-La Liga,2122,Real Betis,31,38,87,6,1,485,470,71,547,361,392,4,3,2,/en/squads/fc536746/2021-2022/Real-Betis-Stats
ESP-La Liga,2122,Real Madrid,31,38,76,0,0,394,474,106,611,334,345,10,5,0,/en/squads/53a2f082/2021-2022/Real-Madrid-Stats
ESP-La Liga,2122,Real Sociedad,32,38,77,4,1,491,465,76,638,348,339,8,6,0,/en/squads/e31d1cd9/2021-2022/Real-Sociedad-Stats
ESP-La Liga,2122,Sevilla,33,38,97,4,2,462,462,80,787,270,302,3,4,0,/en/squads/ad2be733/2021-2022/Sevilla-Stats
ESP-La Liga,2122,Valencia,34,38,134,8,6,641,586,52,765,339,364,8,8,3,/en/squads/dcc91a7b/2021-2022/Valencia-Stats
ESP-La Liga,2122,Villarreal,29,38,81,1,1,472,459,91,574,329,312,3,5,1,/en/squads/2a8183b3/2021-2022/Villarreal-Stats
ESP-La Liga,2223,Almería,29,38,98,4,2,443,401,83,605,322,322,2,6,1,/en/squads/78ecf4bb/2022-2023/Almeria-Stats
ESP-La Liga,2223,Athletic Club,26,38,81,5,1,512,421,96,918,310,369,3,3,3,/en/squads/2b390eca/2022-2023/Athletic-Club-Stats
ESP-La Liga,2223,Atlético Madrid,27,38,92,8,3,440,418,79,625,304,408,0,5,0,/en/squads/db3b9613/2022-2023/Atletico-Madrid-Stats
ESP-La Liga,2223,Barcelona,29,38,84,6,3,433,452,98,744,253,324,0,3,3,/en/squads/206d90db/2022-2023/Barcelona-Stats
ESP-La Liga,2223,Celta Vigo,26,38,85,6,3,469,493,81,705,368,413,2,8,1,/en/squads/f25da7fb/2022-2023/Celta-Vigo-Stats
ESP-La Liga,2223,Cádiz,38,38,116,7,4,532,482,75,633,270,410,2,10,0,/en/squads/ee7c297c/2022-2023/Cadiz-Stats
ESP-La Liga,2223,Elche,32,38,99,12,3,525,394,81,750,323,363,4,10,2,/en/squads/6c8b07df/2022-2023/Elche-Stats
ESP-La Liga,2223,Espanyol,33,38,99,10,4,457,493,62,713,338,379,3,6,2,/en/squads/a8661628/2022-2023/Espanyol-Stats
ESP-La Liga,2223,Getafe,25,38,126,9,6,600,437,79,649,320,339,3,8,2,/en/squads/7848bd64/2022-2023/Getafe-Stats
ESP-La Liga,2223,Girona,29,38,92,3,2,440,507,87,713,266,321,7,8,0,/en/squads/9024a00a/2022-2023/Girona-Stats
ESP-La Liga,2223,Mallorca,31,38,120,5,0,611,457,77,635,318,344,4,7,0,/en/squads/2aa12281/2022-2023/Mallorca-Stats
ESP-La Liga,2223,Osasuna,26,38,93,7,1,544,410,60,794,315,328,5,4,2,/en/squads/03c57e2b/2022-2023/Osasuna-Stats
ESP-La Liga,2223,Rayo Vallecano,28,38,90,6,2,544,490,98,832,309,393,2,5,4,/en/squads/98e8af82/2022-2023/Rayo-Vallecano-Stats
ESP-La Liga,2223,Real Betis,30,38,83,15,3,414,535,74,514,364,421,4,3,1,/en/squads/fc536746/2022-2023/Real-Betis-Stats
ESP-La Liga,2223,Real Madrid,26,38,72,3,2,367,530,89,574,296,353,8,5,1,/en/squads/53a2f082/2022-2023/Real-Madrid-Stats
ESP-La Liga,2223,Real Sociedad,30,38,90,2,0,621,452,91,538,271,395,4,2,2,/en/squads/e31d1cd9/2022-2023/Real-Sociedad-Stats
ESP-La Liga,2223,Sevilla,35,38,121,13,4,474,460,106,827,339,367,4,3,3,/en/squads/ad2be733/2022-2023/Sevilla-Stats
ESP-La Liga,2223,Valencia,28,38,93,8,3,504,510,80,924,288,428,6,5,2,/en/squads/dcc91a7b/2022-2023/Valencia-Stats
ESP-La Liga,2223,Valladolid,36,38,94,6,2,460,516,98,683,345,396,4,10,1,/en/squads/17859612/2022-2023/Valladolid-Stats
ESP-La Liga,2223,Villarreal,32,38,91,4,2,450,482,87,520,262,370,5,4,1,/en/squads/2a8183b3/2022-2023/Villarreal-Stats
ESP-La Liga,2324,Alavés,30,38,84,1,0,481,449,69,830,279,347,7,8,2,/en/squads/8d6fd021/2023-2024/Alaves-Stats
ESP-La Liga,2324,Almería,35,38,93,6,4,478,493,75,659,313,372,2,9,0,/en/squads/78ecf4bb/2023-2024/Almeria-Stats
ESP-La Liga,2324,Athletic Club,27,38,80,5,3,511,428,78,845,278,362,4,5,4,/en/squads/2b390eca/2023-2024/Athletic-Club-Stats
ESP-La Liga,2324,Atlético Madrid,27,38,89,5,3,438,447,123,621,256,399,4,2,0,/en/squads/db3b9613/2023-2024/Atletico-Madrid-Stats
ESP-La Liga,2324,Barcelona,29,38,87,2,1,412,469,99,651,257,363,6,2,0,/en/squads/206d90db/2023-2024/Barcelona-Stats
ESP-La Liga,2324,Celta Vigo,31,38,66,5,2,463,485,63,661,297,382,4,8,3,/en/squads/f25da7fb/2023-2024/Celta-Vigo-Stats
ESP-La Liga,2324,Cádiz,34,38,107,7,0,576,498,90,791,298,398,2,2,1,/en/squads/ee7c297c/2023-2024/Cadiz-Stats
ESP-La Liga,2324,Getafe,33,38,135,10,5,648,437,78,701,307,364,3,7,0,/en/squads/7848bd64/2023-2024/Getafe-Stats
ESP-La Liga,2324,Girona,25,38,75,1,0,406,471,95,698,257,340,7,7,0,/en/squads/9024a00a/2023-2024/Girona-Stats
ESP-La Liga,2324,Granada,40,38,98,4,1,514,504,75,664,280,374,5,6,2,/en/squads/a0435291/2023-2024/Granada-Stats
ESP-La Liga,2324,Las Palmas,29,38,84,5,1,411,499,93,580,281,397,3,9,3,/en/squads/0049d422/2023-2024/Las-Palmas-Stats
ESP-La Liga,2324,Mallorca,25,38,105,4,2,567,412,104,763,365,388,2,5,1,/en/squads/2aa12281/2023-2024/Mallorca-Stats
ESP-La Liga,2324,Osasuna,29,38,78,5,1,518,392,68,813,263,311,4,2,0,/en/squads/03c57e2b/2023-2024/Osasuna-Stats
ESP-La Liga,2324,Rayo Vallecano,26,38,108,5,3,563,518,96,688,308,372,3,2,2,/en/squads/98e8af82/2023-2024/Rayo-Vallecano-Stats
ESP-La Liga,2324,Real Betis,35,38,87,3,1,429,497,73,636,345,440,1,8,3,/en/squads/fc536746/2023-2024/Real-Betis-Stats
ESP-La Liga,2324,Real Madrid,27,38,69,4,1,368,523,79,618,296,368,3,1,1,/en/squads/53a2f082/2023-2024/Real-Madrid-Stats
ESP-La Liga,2324,Real Sociedad,31,38,98,2,0,604,442,92,672,253,405,1,7,1,/en/squads/e31d1cd9/2023-2024/Real-Sociedad-Stats
ESP-La Liga,2324,Sevilla,35,38,108,4,0,477,443,77,934,313,463,1,5,2,/en/squads/ad2be733/2023-2024/Sevilla-Stats
ESP-La Liga,2324,Valencia,29,38,64,5,2,481,475,69,593,324,379,7,6,2,/en/squads/dcc91a7b/2023-2024/Valencia-Stats
ESP-La Liga,2324,Villarreal,32,38,110,8,4,488,462,92,592,304,348,5,6,1,/en/squads/2a8183b3/2023-2024/Villarreal-Stats
ESP-La Liga,2425,Alavés,29,38,107,5,2,623,476,77,798,309,459,8,11,2,/en/squads/8d6fd021/2024-2025/Alaves-Stats
ESP-La Liga,2425,Athletic Club,31,38,64,3,1,483,386,68,772,344,345,5,5,1,/en/squads/2b390eca/2024-2025/Athletic-Club-Stats
ESP-La Liga,2425,Atlético Madrid,24,38,75,3,0,412,427,72,675,260,375,4,5,2,/en/squads/db3b9613/2024-2025/Atletico-Madrid-Stats
ESP-La Liga,2425,Barcelona,28,38,63,3,1,368,465,65,709,227,332,8,4,0,/en/squads/206d90db/2024-2025/Barcelona-Stats
ESP-La Liga,2425,Celta Vigo,30,38,84,6,3,462,436,67,501,282,340,6,4,2,/en/squads/f25da7fb/2024-2025/Celta-Vigo-Stats
ESP-La Liga,2425,Espanyol,27,38,88,1,0,498,432,61,619,315,397,5,6,1,/en/squads/a8661628/2024-2025/Espanyol-Stats
ESP-La Liga,2425,Getafe,30,38,110,7,3,602,506,90,721,276,393,3,9,0,/en/squads/7848bd64/2024-2025/Getafe-Stats
ESP-La Liga,2425,Girona,30,38,76,2,0,437,439,79,804,279,348,4,6,1,/en/squads/9024a00a/2024-2025/Girona-Stats
ESP-La Liga,2425,Las Palmas,34,38,110,4,2,452,462,59,674,321,370,1,10,3,/en/squads/0049d422/2024-2025/Las-Palmas-Stats
ESP-La Liga,2425,Leganés,26,38,82,6,0,503,470,84,495,332,384,7,8,3,/en/squads/7c6f2c78/2024-2025/Leganes-Stats
ESP-La Liga,2425,Mallorca,28,38,81,6,1,466,432,78,735,326,361,4,3,1,/en/squads/2aa12281/2024-2025/Mallorca-Stats
ESP-La Liga,2425,Osasuna,25,38,88,0,0,508,379,66,819,266,365,9,7,1,/en/squads/03c57e2b/2024-2025/Osasuna-Stats
ESP-La Liga,2425,Rayo Vallecano,26,38,96,3,0,522,391,79,769,334,396,1,8,1,/en/squads/98e8af82/2024-2025/Rayo-Vallecano-Stats
ESP-La Liga,2425,Real Betis,36,38,75,4,0,433,524,56,627,356,397,9,4,1,/en/squads/fc536746/2024-2025/Real-Betis-Stats
ESP-La Liga,2425,Real Madrid,30,38,57,4,0,332,518,85,578,331,359,11,3,1,/en/squads/53a2f082/2024-2025/Real-Madrid-Stats
ESP-La Liga,2425,Real Sociedad,31,38,85,4,0,501,417,82,739,283,401,3,7,0,/en/squads/e31d1cd9/2024-2025/Real-Sociedad-Stats
ESP-La Liga,2425,Sevilla,35,38,98,8,3,494,402,70,612,367,390,1,6,1,/en/squads/ad2be733/2024-2025/Sevilla-Stats
ESP-La Liga,2425,Valencia,32,38,86,1,0,442,446,72,763,302,415,4,9,3,/en/squads/dcc91a7b/2024-2025/Valencia-Stats
ESP-La Liga,2425,Valladolid,38,38,91,5,2,459,486,67,671,311,357,3,7,1,/en/squads/17859612/2024-2025/Valladolid-Stats
ESP-La Liga,2425,Villarreal,31,38,96,4,1,442,463,77,674,281,396,6,8,1,/en/squads/2a8183b3/2024-2025/Villarreal-Stats
ESP-La Liga,2526,Alavés,28,38,95,5,5,568,489,74,754,299,403,,,1,/en/squads/8d6fd021/2025-2026/Alaves-Stats
ESP-La Liga,2526,Athletic Club,29,38,79,7,2,520,391,52,923,355,348,,,1,/en/squads/2b390eca/2025-2026/Athletic-Club-Stats
ESP-La Liga,2526,Atlético Madrid,36,38,79,5,2,425,345,79,770,298,389,,,0,/en/squads/db3b9613/2025-2026/Atletico-Madrid-Stats
ESP-La Liga,2526,Barcelona,29,38,60,2,2,360,431,83,548,287,371,,,0,/en/squads/206d90db/2025-2026/Barcelona-Stats
ESP-La Liga,2526,Celta Vigo,31,38,73,1,1,444,447,76,432,277,306,,,1,/en/squads/f25da7fb/2025-2026/Celta-Vigo-Stats
ESP-La Liga,2526,Elche,32,38,81,6,2,507,538,59,596,314,403,,,0,/en/squads/6c8b07df/2025-2026/Elche-Stats
ESP-La Liga,2526,Espanyol,25,38,91,5,3,524,458,70,801,308,373,,,1,/en/squads/a8661628/2025-2026/Espanyol-Stats
ESP-La Liga,2526,Getafe,33,38,109,8,3,577,531,91,713,342,426,,,2,/en/squads/7848bd64/2025-2026/Getafe-Stats
ESP-La Liga,2526,Girona,32,38,80,7,2,408,521,73,592,292,365,,,1,/en/squads/9024a00a/2025-2026/Girona-Stats
ESP-La Liga,2526,Levante,30,38,85,5,1,467,464,58,674,331,357,,,3,/en/squads/9800b6a1/2025-2026/Levante-Stats
ESP-La Liga,2526,Mallorca,30,38,83,5,2,467,444,50,725,270,322,,,2,/en/squads/2aa12281/2025-2026/Mallorca-Stats
ESP-La Liga,2526,Osasuna,24,38,91,7,1,511,415,51,787,303,317,,,0,/en/squads/03c57e2b/2025-2026/Osasuna-Stats
ESP-La Liga,2526,Oviedo,31,38,81,10,4,474,420,78,647,293,406,,,0,/en/squads/ab358912/2025-2026/Oviedo-Stats
ESP-La Liga,2526,Rayo Vallecano,28,38,103,9,3,511,397,79,767,320,414,,,1,/en/squads/98e8af82/2025-2026/Rayo-Vallecano-Stats
ESP-La Liga,2526,Real Betis,29,38,72,2,1,403,466,63,556,339,395,,,1,/en/squads/fc536746/2025-2026/Real-Betis-Stats
ESP-La Liga,2526,Real Madrid,35,38,70,7,1,380,522,78,579,246,355,,,1,/en/squads/53a2f082/2025-2026/Real-Madrid-Stats
ESP-La Liga,2526,Real Sociedad,36,38,88,4,0,541,436,90,652,305,409,,,3,/en/squads/e31d1cd9/2025-2026/Real-Sociedad-Stats
ESP-La Liga,2526,Sevilla,33,38,108,5,2,561,457,102,620,333,433,,,0,/en/squads/ad2be733/2025-2026/Sevilla-Stats
ESP-La Liga,2526,Valencia,27,38,70,3,0,459,431,65,696,289,360,,,3,/en/squads/dcc91a7b/2025-2026/Valencia-Stats
ESP-La Liga,2526,Villarreal,33,38,78,3,1,454,444,68,459,344,396,,,2,/en/squads/2a8183b3/2025-2026/Villarreal-Stats
FRA-Ligue 1,1415,Bastia,31,38,80,0,,560,,,,,,,,,/en/squads/6283be2c/2014-2015/Bastia-Stats
FRA-Ligue 1,1415,Bordeaux,30,38,66,0,,502,,,,,,,,,/en/squads/123f3efe/2014-2015/Bordeaux-Stats
FRA-Ligue 1,1415,Caen,23,38,45,0,,468,,,,,,,,,/en/squads/74229020/2014-2015/Caen-Stats
FRA-Ligue 1,1415,Evian,29,38,70,0,,531,,,,,,,,,/en/squads/633fbb6e/2014-2015/Evian-Stats
FRA-Ligue 1,1415,Guingamp,28,38,62,0,,476,,,,,,,,,/en/squads/d41b5f53/2014-2015/Guingamp-Stats
FRA-Ligue 1,1415,Lens,27,38,76,,,555,,,,,,,,,/en/squads/fd4e0f7d/2014-2015/Lens-Stats
FRA-Ligue 1,1415,Lille,27,38,63,0,,463,,,,,,,,,/en/squads/cb188c0c/2014-2015/Lille-Stats
FRA-Ligue 1,1415,Lorient,32,38,56,0,,458,,,,,,,,,/en/squads/d2c87802/2014-2015/Lorient-Stats
FRA-Ligue 1,1415,Lyon,26,38,64,0,,576,,,,,,,,,/en/squads/d53c0b06/2014-2015/Lyon-Stats
FRA-Ligue 1,1415,Marseille,25,38,69,0,,548,,,,,,,,,/en/squads/5725cc7b/2014-2015/Marseille-Stats
FRA-Ligue 1,1415,Metz,31,38,76,,,595,,,,,,,,,/en/squads/f83960ae/2014-2015/Metz-Stats
FRA-Ligue 1,1415,Monaco,27,38,63,0,,506,,,,,,,,,/en/squads/fd6114db/2014-2015/Monaco-Stats
FRA-Ligue 1,1415,Montpellier,26,38,51,0,,512,,,,,,,,,/en/squads/281b0e73/2014-2015/Montpellier-Stats
FRA-Ligue 1,1415,Nantes,27,38,73,0,,568,,,,,,,,,/en/squads/d7a486cd/2014-2015/Nantes-Stats
FRA-Ligue 1,1415,Nice,30,38,89,0,,554,,,,,,,,,/en/squads/132ebc33/2014-2015/Nice-Stats
FRA-Ligue 1,1415,PSG,23,38,66,0,,443,,,,,,,,,/en/squads/e2d8892c/2014-2015/Paris-Saint-Germain-Stats
FRA-Ligue 1,1415,Reims,30,38,79,0,,544,,,,,,,,,/en/squads/7fdd64e0/2014-2015/Reims-Stats
FRA-Ligue 1,1415,Rennes,22,38,56,,,485,,,,,,,,,/en/squads/b3072e00/2014-2015/Rennes-Stats
FRA-Ligue 1,1415,Saint-Étienne,24,38,70,,,556,,,,,,,,,/en/squads/d298ef2c/2014-2015/Saint-Etienne-Stats
FRA-Ligue 1,1415,Toulouse,27,38,63,,,582,,,,,,,,,/en/squads/3f8c4b5f/2014-2015/Toulouse-Stats
FRA-Ligue 1,1516,Angers,29,38,71,0,,584,,,,,,,,,/en/squads/69236f98/2015-2016/Angers-Stats
FRA-Ligue 1,1516,Bastia,26,38,85,0,,525,,,,,,,,,/en/squads/6283be2c/2015-2016/Bastia-Stats
FRA-Ligue 1,1516,Bordeaux,35,38,86,0,,492,,,,,,,,,/en/squads/123f3efe/2015-2016/Bordeaux-Stats
FRA-Ligue 1,1516,Caen,24,38,58,0,,455,,,,,,,,,/en/squads/74229020/2015-2016/Caen-Stats
FRA-Ligue 1,1516,Gazélec Ajaccio,23,38,98,0,,575,,,,,,,,,/en/squads/73905dde/2015-2016/Gazelec-Ajaccio-Stats
FRA-Ligue 1,1516,Guingamp,28,38,81,0,,505,,,,,,,,,/en/squads/d41b5f53/2015-2016/Guingamp-Stats
FRA-Ligue 1,1516,Lille,32,38,86,0,,572,,,,,,,,,/en/squads/cb188c0c/2015-2016/Lille-Stats
FRA-Ligue 1,1516,Lorient,31,38,66,0,,478,,,,,,,,,/en/squads/d2c87802/2015-2016/Lorient-Stats
FRA-Ligue 1,1516,Lyon,30,38,69,0,,521,,,,,,,,,/en/squads/d53c0b06/2015-2016/Lyon-Stats
FRA-Ligue 1,1516,Marseille,28,38,74,0,,521,,,,,,,,,/en/squads/5725cc7b/2015-2016/Marseille-Stats
FRA-Ligue 1,1516,Monaco,31,38,86,0,,547,,,,,,,,,/en/squads/fd6114db/2015-2016/Monaco-Stats
FRA-Ligue 1,1516,Montpellier,30,38,62,0,,470,,,,,,,,,/en/squads/281b0e73/2015-2016/Montpellier-Stats
FRA-Ligue 1,1516,Nantes,29,38,81,0,,606,,,,,,,,,/en/squads/d7a486cd/2015-2016/Nantes-Stats
FRA-Ligue 1,1516,Nice,33,38,68,0,,461,,,,,,,,,/en/squads/132ebc33/2015-2016/Nice-Stats
FRA-Ligue 1,1516,PSG,28,38,47,0,,392,,,,,,,,,/en/squads/e2d8892c/2015-2016/Paris-Saint-Germain-Stats
FRA-Ligue 1,1516,Reims,31,38,88,0,,514,,,,,,,,,/en/squads/7fdd64e0/2015-2016/Reims-Stats
FRA-Ligue 1,1516,Rennes,31,38,74,,,498,,,,,,,,,/en/squads/b3072e00/2015-2016/Rennes-Stats
FRA-Ligue 1,1516,Saint-Étienne,31,38,76,,,592,,,,,,,,,/en/squads/d298ef2c/2015-2016/Saint-Etienne-Stats
FRA-Ligue 1,1516,Toulouse,25,38,80,,,537,,,,,,,,,/en/squads/3f8c4b5f/2015-2016/Toulouse-Stats
FRA-Ligue 1,1516,Troyes,33,38,76,0,,418,,,,,,,,,/en/squads/54195385/2015-2016/Troyes-Stats
FRA-Ligue 1,1617,Angers,29,38,60,1,1,435,386,55,732,570,496,4,2,4,/en/squads/69236f98/2016-2017/Angers-Stats
FRA-Ligue 1,1617,Bastia,29,38,85,7,7,445,501,50,580,608,472,1,8,2,/en/squads/6283be2c/2016-2017/Bastia-Stats
FRA-Ligue 1,1617,Bordeaux,27,38,67,1,1,441,501,103,690,516,563,6,4,2,/en/squads/123f3efe/2016-2017/Bordeaux-Stats
FRA-Ligue 1,1617,Caen,27,38,61,1,1,439,457,57,963,693,556,6,8,2,/en/squads/74229020/2016-2017/Caen-Stats
FRA-Ligue 1,1617,Dijon,27,38,74,3,3,493,472,80,698,628,600,3,11,1,/en/squads/8dfb7350/2016-2017/Dijon-Stats
FRA-Ligue 1,1617,Guingamp,25,38,63,3,3,501,506,101,735,576,480,4,11,1,/en/squads/d41b5f53/2016-2017/Guingamp-Stats
FRA-Ligue 1,1617,Lille,31,38,64,3,3,540,533,57,685,583,465,8,6,1,/en/squads/cb188c0c/2016-2017/Lille-Stats
FRA-Ligue 1,1617,Lorient,30,38,68,0,0,439,383,73,770,595,431,4,6,2,/en/squads/d2c87802/2016-2017/Lorient-Stats
FRA-Ligue 1,1617,Lyon,27,38,65,2,2,503,523,103,655,498,531,11,6,1,/en/squads/d53c0b06/2016-2017/Lyon-Stats
FRA-Ligue 1,1617,Marseille,27,38,71,1,1,520,386,105,693,596,538,4,2,1,/en/squads/5725cc7b/2016-2017/Marseille-Stats
FRA-Ligue 1,1617,Metz,31,38,75,,2,515,436,91,698,697,502,9,7,1,/en/squads/f83960ae/2016-2017/Metz-Stats
FRA-Ligue 1,1617,Monaco,29,38,53,1,1,465,449,84,949,534,525,11,5,0,/en/squads/fd6114db/2016-2017/Monaco-Stats
FRA-Ligue 1,1617,Montpellier,32,38,48,2,2,401,455,66,821,595,467,1,8,2,/en/squads/281b0e73/2016-2017/Montpellier-Stats
FRA-Ligue 1,1617,Nancy,27,38,78,1,1,499,459,127,685,659,525,1,9,2,/en/squads/e88fc6e5/2016-2017/Nancy-Stats
FRA-Ligue 1,1617,Nantes,27,38,78,1,1,543,395,108,814,524,642,4,9,1,/en/squads/d7a486cd/2016-2017/Nantes-Stats
FRA-Ligue 1,1617,Nice,27,38,60,1,1,424,572,75,411,434,472,8,5,1,/en/squads/132ebc33/2016-2017/Nice-Stats
FRA-Ligue 1,1617,PSG,28,38,54,1,1,404,409,129,909,521,478,10,3,1,/en/squads/e2d8892c/2016-2017/Paris-Saint-Germain-Stats
FRA-Ligue 1,1617,Rennes,31,38,59,,1,460,418,80,672,499,523,3,4,1,/en/squads/b3072e00/2016-2017/Rennes-Stats
FRA-Ligue 1,1617,Saint-Étienne,34,38,58,,2,484,449,95,761,641,502,6,4,0,/en/squads/d298ef2c/2016-2017/Saint-Etienne-Stats
FRA-Ligue 1,1617,Toulouse,30,38,90,,1,558,470,47,639,554,536,9,9,0,/en/squads/3f8c4b5f/2016-2017/Toulouse-Stats
FRA-Ligue 1,1718,Amiens,30,38,74,5,2,504,459,69,590,523,445,4,4,0,/en/squads/25622401/2017-2018/Amiens-Stats
FRA-Ligue 1,1718,Angers,27,38,70,3,2,492,436,59,653,410,427,3,7,4,/en/squads/69236f98/2017-2018/Angers-Stats
FRA-Ligue 1,1718,Bordeaux,31,38,74,2,1,532,470,76,736,464,459,5,8,1,/en/squads/123f3efe/2017-2018/Bordeaux-Stats
FRA-Ligue 1,1718,Caen,26,38,68,4,0,523,433,76,971,476,478,5,5,4,/en/squads/74229020/2017-2018/Caen-Stats
FRA-Ligue 1,1718,Dijon,26,38,70,5,1,492,471,73,567,544,462,5,14,3,/en/squads/8dfb7350/2017-2018/Dijon-Stats
FRA-Ligue 1,1718,Guingamp,23,38,67,2,2,498,517,100,727,475,437,5,7,1,/en/squads/d41b5f53/2017-2018/Guingamp-Stats
FRA-Ligue 1,1718,Lille,25,38,61,6,2,482,430,87,614,492,453,2,7,3,/en/squads/cb188c0c/2017-2018/Lille-Stats
FRA-Ligue 1,1718,Lyon,26,38,72,2,1,475,530,80,572,450,411,6,8,3,/en/squads/d53c0b06/2017-2018/Lyon-Stats
FRA-Ligue 1,1718,Marseille,26,38,81,2,0,508,481,78,864,448,505,7,6,2,/en/squads/5725cc7b/2017-2018/Marseille-Stats
FRA-Ligue 1,1718,Metz,36,38,80,7,2,532,435,56,701,511,458,2,5,2,/en/squads/f83960ae/2017-2018/Metz-Stats
FRA-Ligue 1,1718,Monaco,32,38,71,4,1,508,517,73,764,497,433,8,5,1,/en/squads/fd6114db/2017-2018/Monaco-Stats
FRA-Ligue 1,1718,Montpellier,23,38,72,1,0,447,528,83,849,499,450,2,6,0,/en/squads/281b0e73/2017-2018/Montpellier-Stats
FRA-Ligue 1,1718,Nantes,30,38,68,6,5,490,409,85,789,426,510,4,4,1,/en/squads/d7a486cd/2017-2018/Nantes-Stats
FRA-Ligue 1,1718,Nice,31,38,82,4,2,445,533,63,572,437,398,9,5,3,/en/squads/132ebc33/2017-2018/Nice-Stats
FRA-Ligue 1,1718,PSG,28,38,69,6,4,425,493,93,682,329,435,7,5,1,/en/squads/e2d8892c/2017-2018/Paris-Saint-Germain-Stats
FRA-Ligue 1,1718,Rennes,28,38,67,5,3,479,525,89,766,415,409,7,8,2,/en/squads/b3072e00/2017-2018/Rennes-Stats
FRA-Ligue 1,1718,Saint-Étienne,30,38,72,8,1,510,492,90,657,401,447,10,7,1,/en/squads/d298ef2c/2017-2018/Saint-Etienne-Stats
FRA-Ligue 1,1718,Strasbourg,25,38,72,4,1,523,437,76,776,515,490,7,7,0,/en/squads/c0d3eab4/2017-2018/Strasbourg-Stats
FRA-Ligue 1,1718,Toulouse,25,38,93,3,1,590,495,75,822,479,465,9,6,2,/en/squads/3f8c4b5f/2017-2018/Toulouse-Stats
FRA-Ligue 1,1718,Troyes,25,38,78,7,2,495,388,63,689,437,410,3,5,1,/en/squads/54195385/2017-2018/Troyes-Stats
FRA-Ligue 1,1819,Amiens,26,38,62,6,3,521,519,65,586,396,384,1,9,2,/en/squads/25622401/2018-2019/Amiens-Stats
FRA-Ligue 1,1819,Angers,24,38,49,4,0,449,445,51,628,420,399,10,5,2,/en/squads/69236f98/2018-2019/Angers-Stats
FRA-Ligue 1,1819,Bordeaux,33,38,74,5,0,545,497,60,658,391,447,3,7,0,/en/squads/123f3efe/2018-2019/Bordeaux-Stats
FRA-Ligue 1,1819,Caen,26,38,83,6,4,559,500,50,647,489,435,3,8,2,/en/squads/74229020/2018-2019/Caen-Stats
FRA-Ligue 1,1819,Dijon,26,38,79,7,4,573,443,59,606,482,408,1,3,1,/en/squads/8dfb7350/2018-2019/Dijon-Stats
FRA-Ligue 1,1819,Guingamp,30,38,58,5,0,486,464,54,809,421,431,4,6,0,/en/squads/d41b5f53/2018-2019/Guingamp-Stats
FRA-Ligue 1,1819,Lille,25,38,71,4,1,479,510,39,575,387,378,10,10,0,/en/squads/cb188c0c/2018-2019/Lille-Stats
FRA-Ligue 1,1819,Lyon,25,38,57,3,2,443,469,94,684,363,384,9,5,3,/en/squads/d53c0b06/2018-2019/Lyon-Stats
FRA-Ligue 1,1819,Marseille,24,38,83,8,1,501,455,46,827,401,489,2,12,0,/en/squads/5725cc7b/2018-2019/Marseille-Stats
FRA-Ligue 1,1819,Monaco,42,38,92,6,1,528,505,55,748,386,422,5,8,2,/en/squads/fd6114db/2018-2019/Monaco-Stats
FRA-Ligue 1,1819,Montpellier,25,38,61,4,1,537,478,58,749,484,431,2,5,2,/en/squads/281b0e73/2018-2019/Montpellier-Stats
FRA-Ligue 1,1819,Nantes,33,38,75,6,3,493,496,77,725,435,478,7,8,0,/en/squads/d7a486cd/2018-2019/Nantes-Stats
FRA-Ligue 1,1819,Nice,30,38,73,5,1,425,518,40,495,450,420,7,6,1,/en/squads/132ebc33/2018-2019/Nice-Stats
FRA-Ligue 1,1819,Nîmes,23,38,71,5,2,487,494,40,736,443,442,3,5,1,/en/squads/1cbf5f9e/2018-2019/Nimes-Stats
FRA-Ligue 1,1819,PSG,30,38,64,4,0,474,444,92,588,342,434,10,6,4,/en/squads/e2d8892c/2018-2019/Paris-Saint-Germain-Stats
FRA-Ligue 1,1819,Reims,27,38,67,2,0,532,467,79,633,486,454,2,7,2,/en/squads/7fdd64e0/2018-2019/Reims-Stats
FRA-Ligue 1,1819,Rennes,28,38,70,3,2,490,486,61,663,389,395,9,5,1,/en/squads/b3072e00/2018-2019/Rennes-Stats
FRA-Ligue 1,1819,Saint-Étienne,29,38,67,7,4,454,456,60,770,441,406,4,9,1,/en/squads/d298ef2c/2018-2019/Saint-Etienne-Stats
FRA-Ligue 1,1819,Strasbourg,26,38,71,4,1,512,404,43,719,428,405,5,9,1,/en/squads/c0d3eab4/2018-2019/Strasbourg-Stats
FRA-Ligue 1,1819,Toulouse,29,38,77,5,2,558,468,69,629,384,418,8,6,1,/en/squads/3f8c4b5f/2018-2019/Toulouse-Stats
FRA-Ligue 1,1920,Amiens,27,28,59,4,2,403,320,37,463,300,238,5,1,1,/en/squads/25622401/2019-2020/Amiens-Stats
FRA-Ligue 1,1920,Angers,26,28,43,2,1,336,315,28,550,267,279,1,3,0,/en/squads/69236f98/2019-2020/Angers-Stats
FRA-Ligue 1,1920,Bordeaux,26,28,55,0,0,379,361,40,425,302,284,1,3,1,/en/squads/123f3efe/2019-2020/Bordeaux-Stats
FRA-Ligue 1,1920,Brest,24,28,45,2,0,329,286,35,520,352,282,4,6,0,/en/squads/fb08dbb3/2019-2020/Brest-Stats
FRA-Ligue 1,1920,Dijon,28,28,43,2,0,351,334,32,451,332,304,0,1,2,/en/squads/8dfb7350/2019-2020/Dijon-Stats
FRA-Ligue 1,1920,Lille,25,28,51,3,2,385,343,60,528,278,237,7,6,3,/en/squads/cb188c0c/2019-2020/Lille-Stats
FRA-Ligue 1,1920,Lyon,27,28,50,4,1,342,312,26,495,311,304,4,3,3,/en/squads/d53c0b06/2019-2020/Lyon-Stats
FRA-Ligue 1,1920,Marseille,23,28,68,3,1,376,318,23,499,312,325,4,5,2,/en/squads/5725cc7b/2019-2020/Marseille-Stats
FRA-Ligue 1,1920,Metz,24,28,45,4,0,335,344,31,447,312,337,2,4,0,/en/squads/f83960ae/2019-2020/Metz-Stats
FRA-Ligue 1,1920,Monaco,28,28,61,10,1,336,345,44,510,281,307,3,6,1,/en/squads/fd6114db/2019-2020/Monaco-Stats
FRA-Ligue 1,1920,Montpellier,27,28,57,5,2,421,386,42,614,308,286,4,5,2,/en/squads/281b0e73/2019-2020/Montpellier-Stats
FRA-Ligue 1,1920,Nantes,29,28,52,2,1,376,340,44,464,305,347,0,6,1,/en/squads/d7a486cd/2019-2020/Nantes-Stats
FRA-Ligue 1,1920,Nice,31,28,58,7,4,295,362,22,395,343,279,4,7,2,/en/squads/132ebc33/2019-2020/Nice-Stats
FRA-Ligue 1,1920,Nîmes,28,28,44,6,3,360,401,39,544,329,302,2,4,1,/en/squads/1cbf5f9e/Nimes-Stats
FRA-Ligue 1,1920,PSG,31,27,51,1,1,333,291,57,520,255,295,5,0,1,/en/squads/e2d8892c/2019-2020/Paris-Saint-Germain-Stats
FRA-Ligue 1,1920,Reims,26,28,57,5,5,384,385,45,539,325,324,4,6,0,/en/squads/7fdd64e0/2019-2020/Reims-Stats
FRA-Ligue 1,1920,Rennes,26,28,51,1,0,387,404,40,478,272,296,5,5,1,/en/squads/b3072e00/2019-2020/Rennes-Stats
FRA-Ligue 1,1920,Saint-Étienne,31,28,61,3,2,371,324,43,563,376,318,3,6,0,/en/squads/d298ef2c/2019-2020/Saint-Etienne-Stats
FRA-Ligue 1,1920,Strasbourg,25,27,47,1,1,367,311,33,579,301,293,4,7,0,/en/squads/c0d3eab4/2019-2020/Strasbourg-Stats
FRA-Ligue 1,1920,Toulouse,30,28,49,5,1,396,295,30,534,320,346,4,5,1,/en/squads/3f8c4b5f/2019-2020/Toulouse-Stats
FRA-Ligue 1,2021,Angers,31,38,65,2,1,461,483,39,662,443,376,6,8,1,/en/squads/69236f98/2020-2021/Angers-Stats
FRA-Ligue 1,2021,Bordeaux,28,38,78,4,2,465,480,49,609,503,329,3,8,1,/en/squads/123f3efe/2020-2021/Bordeaux-Stats
FRA-Ligue 1,2021,Brest,26,38,62,4,1,491,434,59,720,463,355,4,11,2,/en/squads/fb08dbb3/2020-2021/Brest-Stats
FRA-Ligue 1,2021,Dijon,33,38,76,5,1,515,421,54,569,471,367,4,10,2,/en/squads/8dfb7350/2020-2021/Dijon-Stats
FRA-Ligue 1,2021,Lens,27,38,94,7,5,541,465,49,760,508,358,11,11,3,/en/squads/fd4e0f7d/2020-2021/Lens-Stats
FRA-Ligue 1,2021,Lille,21,38,68,2,1,487,450,64,637,424,370,5,2,2,/en/squads/cb188c0c/2020-2021/Lille-Stats
FRA-Ligue 1,2021,Lorient,27,38,69,3,1,475,469,46,606,527,424,9,11,1,/en/squads/d2c87802/2020-2021/Lorient-Stats
FRA-Ligue 1,2021,Lyon,29,38,66,10,3,484,439,63,710,408,344,11,7,2,/en/squads/d53c0b06/2020-2021/Lyon-Stats
FRA-Ligue 1,2021,Marseille,31,38,98,9,2,500,473,52,647,442,391,3,3,1,/en/squads/5725cc7b/2020-2021/Marseille-Stats
FRA-Ligue 1,2021,Metz,27,38,84,4,1,516,474,50,659,572,417,6,13,1,/en/squads/f83960ae/2020-2021/Metz-Stats
FRA-Ligue 1,2021,Monaco,30,38,78,7,2,486,470,70,746,436,432,11,5,1,/en/squads/fd6114db/2020-2021/Monaco-Stats
FRA-Ligue 1,2021,Montpellier,25,38,65,7,0,513,452,48,807,420,334,4,12,2,/en/squads/281b0e73/2020-2021/Montpellier-Stats
FRA-Ligue 1,2021,Nantes,25,38,70,4,2,514,498,54,676,465,384,8,12,1,/en/squads/d7a486cd/2020-2021/Nantes-Stats
FRA-Ligue 1,2021,Nice,31,38,73,4,2,459,438,40,599,435,364,6,7,0,/en/squads/132ebc33/2020-2021/Nice-Stats
FRA-Ligue 1,2021,Nîmes,33,38,60,5,2,424,533,50,617,501,372,6,10,0,/en/squads/1cbf5f9e/2020-2021/Nimes-Stats
FRA-Ligue 1,2021,PSG,33,38,79,7,3,463,431,65,695,373,385,11,2,1,/en/squads/e2d8892c/2020-2021/Paris-Saint-Germain-Stats
FRA-Ligue 1,2021,Reims,29,38,77,8,1,442,414,61,539,487,372,3,8,1,/en/squads/7fdd64e0/2020-2021/Reims-Stats
FRA-Ligue 1,2021,Rennes,32,38,79,5,0,502,486,34,764,361,337,3,4,1,/en/squads/b3072e00/2020-2021/Rennes-Stats
FRA-Ligue 1,2021,Saint-Étienne,40,38,76,2,0,529,490,49,779,471,428,5,9,2,/en/squads/d298ef2c/2020-2021/Saint-Etienne-Stats
FRA-Ligue 1,2021,Strasbourg,26,38,58,3,1,499,412,39,713,521,396,7,8,1,/en/squads/c0d3eab4/2020-2021/Strasbourg-Stats
FRA-Ligue 1,2122,Angers,30,38,70,4,3,471,461,46,572,423,370,7,5,3,/en/squads/69236f98/2021-2022/Angers-Stats
FRA-Ligue 1,2122,Bordeaux,39,38,91,5,2,460,391,58,611,454,377,2,9,3,/en/squads/123f3efe/2021-2022/Bordeaux-Stats
FRA-Ligue 1,2122,Brest,25,38,59,2,0,427,417,47,710,469,400,4,4,2,/en/squads/fb08dbb3/2021-2022/Brest-Stats
FRA-Ligue 1,2122,Clermont Foot,28,38,65,8,3,387,482,53,713,386,361,2,5,3,/en/squads/d9676424/2021-2022/Clermont-Foot-Stats
FRA-Ligue 1,2122,Lens,28,38,73,7,1,421,357,58,699,455,359,3,5,0,/en/squads/fd4e0f7d/2021-2022/Lens-Stats
FRA-Ligue 1,2122,Lille,26,38,98,6,3,446,441,89,621,377,359,5,6,2,/en/squads/cb188c0c/2021-2022/Lille-Stats
FRA-Ligue 1,2122,Lorient,29,38,69,4,3,475,423,55,588,412,412,3,6,3,/en/squads/d2c87802/2021-2022/Lorient-Stats
FRA-Ligue 1,2122,Lyon,30,38,65,6,2,436,424,62,571,396,367,6,8,3,/en/squads/d53c0b06/2021-2022/Lyon-Stats
FRA-Ligue 1,2122,Marseille,27,38,61,3,1,347,459,60,619,327,319,10,4,1,/en/squads/5725cc7b/2021-2022/Marseille-Stats
FRA-Ligue 1,2122,Metz,36,38,94,9,2,514,417,48,581,507,442,1,5,2,/en/squads/f83960ae/2021-2022/Metz-Stats
FRA-Ligue 1,2122,Monaco,27,38,85,4,3,496,408,94,705,424,435,5,9,3,/en/squads/fd6114db/2021-2022/Monaco-Stats
FRA-Ligue 1,2122,Montpellier,27,38,77,8,4,411,465,53,697,356,380,3,6,1,/en/squads/281b0e73/2021-2022/Montpellier-Stats
FRA-Ligue 1,2122,Nantes,26,38,80,4,2,500,372,55,731,415,405,2,7,1,/en/squads/d7a486cd/2021-2022/Nantes-Stats
FRA-Ligue 1,2122,Nice,27,38,77,6,2,456,371,53,742,441,369,6,5,0,/en/squads/132ebc33/2021-2022/Nice-Stats
FRA-Ligue 1,2122,PSG,36,38,79,4,1,357,416,93,459,303,360,6,3,1,/en/squads/e2d8892c/2021-2022/Paris-Saint-Germain-Stats
FRA-Ligue 1,2122,Reims,35,38,68,7,4,449,451,76,629,493,365,5,7,0,/en/squads/7fdd64e0/2021-2022/Reims-Stats
FRA-Ligue 1,2122,Rennes,28,38,56,2,1,434,377,59,698,315,318,4,6,1,/en/squads/b3072e00/2021-2022/Rennes-Stats
FRA-Ligue 1,2122,Saint-Étienne,39,38,81,5,1,464,441,51,697,452,397,4,8,4,/en/squads/d298ef2c/2021-2022/Saint-Etienne-Stats
FRA-Ligue 1,2122,Strasbourg,26,38,72,3,1,497,400,61,797,433,392,6,4,1,/en/squads/c0d3eab4/2021-2022/Strasbourg-Stats
FRA-Ligue 1,2122,Troyes,35,38,75,6,3,442,473,53,708,430,351,7,10,2,/en/squads/54195385/2021-2022/Troyes-Stats
FRA-Ligue 1,2223,Ajaccio,36,38,86,10,2,541,495,63,631,420,382,8,10,2,/en/squads/7a54bb4f/2022-2023/Ajaccio-Stats
FRA-Ligue 1,2223,Angers,33,38,69,5,3,492,422,47,584,375,386,4,11,4,/en/squads/69236f98/2022-2023/Angers-Stats
FRA-Ligue 1,2223,Auxerre,33,38,54,6,4,462,419,48,617,454,378,6,6,1,/en/squads/5ae09109/2022-2023/Auxerre-Stats
FRA-Ligue 1,2223,Brest,29,38,63,2,0,499,462,59,755,475,417,7,9,2,/en/squads/fb08dbb3/2022-2023/Brest-Stats
FRA-Ligue 1,2223,Clermont Foot,28,38,72,5,2,426,592,52,564,440,398,7,12,0,/en/squads/d9676424/2022-2023/Clermont-Foot-Stats
FRA-Ligue 1,2223,Lens,29,38,63,3,0,492,481,62,791,339,323,7,3,1,/en/squads/fd4e0f7d/2022-2023/Lens-Stats
FRA-Ligue 1,2223,Lille,26,38,82,1,0,497,480,64,624,301,370,10,5,3,/en/squads/cb188c0c/2022-2023/Lille-Stats
FRA-Ligue 1,2223,Lorient,30,38,48,4,3,397,501,49,434,369,420,5,2,1,/en/squads/d2c87802/2022-2023/Lorient-Stats
FRA-Ligue 1,2223,Lyon,29,38,61,3,1,500,453,57,649,481,423,5,11,3,/en/squads/d53c0b06/2022-2023/Lyon-Stats
FRA-Ligue 1,2223,Marseille,30,38,63,4,1,533,419,68,751,420,404,3,5,3,/en/squads/5725cc7b/2022-2023/Marseille-Stats
FRA-Ligue 1,2223,Monaco,27,38,64,5,3,488,411,84,661,426,400,8,5,3,/en/squads/fd6114db/2022-2023/Monaco-Stats
FRA-Ligue 1,2223,Montpellier,31,38,68,10,1,488,523,71,673,404,413,6,11,2,/en/squads/281b0e73/2022-2023/Montpellier-Stats
FRA-Ligue 1,2223,Nantes,29,38,65,4,2,481,414,54,820,431,431,3,9,4,/en/squads/d7a486cd/2022-2023/Nantes-Stats
FRA-Ligue 1,2223,Nice,34,38,53,3,1,383,376,51,690,413,467,5,5,0,/en/squads/132ebc33/2022-2023/Nice-Stats
FRA-Ligue 1,2223,PSG,26,38,57,5,2,380,416,77,399,296,362,5,5,1,/en/squads/e2d8892c/2022-2023/Paris-Saint-Germain-Stats
FRA-Ligue 1,2223,Reims,34,38,70,9,2,507,423,85,707,397,407,7,3,2,/en/squads/7fdd64e0/2022-2023/Reims-Stats
FRA-Ligue 1,2223,Rennes,32,38,58,6,2,465,379,54,564,341,335,3,5,1,/en/squads/b3072e00/2022-2023/Rennes-Stats
FRA-Ligue 1,2223,Strasbourg,29,38,73,7,2,529,474,43,647,437,409,6,11,0,/en/squads/c0d3eab4/2022-2023/Strasbourg-Stats
FRA-Ligue 1,2223,Toulouse,29,38,62,3,3,473,413,74,660,409,406,2,7,3,/en/squads/3f8c4b5f/2022-2023/Toulouse-Stats
FRA-Ligue 1,2223,Troyes,32,38,55,5,1,402,404,57,517,398,361,4,8,2,/en/squads/54195385/2022-2023/Troyes-Stats
FRA-Ligue 1,2324,Brest,25,34,84,5,2,414,422,34,792,321,427,2,3,0,/en/squads/fb08dbb3/2023-2024/Brest-Stats
FRA-Ligue 1,2324,Clermont Foot,31,34,60,7,1,396,429,51,551,347,358,7,9,1,/en/squads/d9676424/2023-2024/Clermont-Foot-Stats
FRA-Ligue 1,2324,Le Havre,27,34,67,6,3,433,368,52,544,363,332,7,4,2,/en/squads/5c2737db/2023-2024/Le-Havre-Stats
FRA-Ligue 1,2324,Lens,27,34,78,4,1,445,424,75,736,298,339,5,8,1,/en/squads/fd4e0f7d/2023-2024/Lens-Stats
FRA-Ligue 1,2324,Lille,28,34,67,3,1,376,489,46,533,292,370,3,5,2,/en/squads/cb188c0c/2023-2024/Lille-Stats
FRA-Ligue 1,2324,Lorient,38,34,66,1,0,403,416,56,565,337,326,1,8,1,/en/squads/d2c87802/2023-2024/Lorient-Stats
FRA-Ligue 1,2324,Lyon,35,34,57,6,1,425,367,52,560,304,331,4,6,1,/en/squads/d53c0b06/2023-2024/Lyon-Stats
FRA-Ligue 1,2324,Marseille,33,34,61,5,2,374,426,69,713,332,371,4,3,1,/en/squads/5725cc7b/2023-2024/Marseille-Stats
FRA-Ligue 1,2324,Metz,30,34,54,3,0,419,374,45,563,348,334,5,6,0,/en/squads/f83960ae/2023-2024/Metz-Stats
FRA-Ligue 1,2324,Monaco,30,34,79,8,4,481,400,73,517,394,412,5,6,2,/en/squads/fd6114db/2023-2024/Monaco-Stats
FRA-Ligue 1,2324,Montpellier,31,34,68,4,0,432,447,55,601,308,379,4,5,3,/en/squads/281b0e73/2023-2024/Montpellier-Stats
FRA-Ligue 1,2324,Nantes,35,34,67,3,0,448,375,51,627,332,352,5,10,0,/en/squads/d7a486cd/2023-2024/Nantes-Stats
FRA-Ligue 1,2324,Nice,27,34,62,4,0,402,373,52,605,292,308,7,8,1,/en/squads/132ebc33/2023-2024/Nice-Stats
FRA-Ligue 1,2324,PSG,29,34,51,3,1,353,362,53,513,268,360,9,5,0,/en/squads/e2d8892c/2023-2024/Paris-Saint-Germain-Stats
FRA-Ligue 1,2324,Reims,29,34,70,3,2,444,324,84,618,342,392,4,7,1,/en/squads/7fdd64e0/2023-2024/Reims-Stats
FRA-Ligue 1,2324,Rennes,29,34,66,4,0,424,438,36,554,328,311,10,3,3,/en/squads/b3072e00/2023-2024/Rennes-Stats
FRA-Ligue 1,2324,Strasbourg,30,34,59,2,1,462,413,35,554,347,383,4,5,3,/en/squads/c0d3eab4/2023-2024/Strasbourg-Stats
FRA-Ligue 1,2324,Toulouse,26,34,77,1,1,501,448,50,526,294,358,9,4,0,/en/squads/3f8c4b5f/2023-2024/Toulouse-Stats
FRA-Ligue 1,2425,Angers,30,34,49,2,0,380,398,69,575,336,392,6,5,0,/en/squads/69236f98/2024-2025/Angers-Stats
FRA-Ligue 1,2425,Auxerre,29,34,68,4,1,404,362,48,542,350,403,4,8,3,/en/squads/5ae09109/2024-2025/Auxerre-Stats
FRA-Ligue 1,2425,Brest,30,34,69,3,1,430,413,42,641,316,426,5,10,2,/en/squads/fb08dbb3/2024-2025/Brest-Stats
FRA-Ligue 1,2425,Le Havre,31,34,56,4,1,379,403,50,695,324,387,6,6,1,/en/squads/5c2737db/2024-2025/Le-Havre-Stats
FRA-Ligue 1,2425,Lens,33,34,86,8,3,499,360,84,706,321,365,2,9,0,/en/squads/fd4e0f7d/2024-2025/Lens-Stats
FRA-Ligue 1,2425,Lille,27,34,77,2,1,410,376,48,535,271,356,8,4,1,/en/squads/cb188c0c/2024-2025/Lille-Stats
FRA-Ligue 1,2425,Lyon,31,34,60,0,0,407,357,71,598,282,340,6,3,0,/en/squads/d53c0b06/2024-2025/Lyon-Stats
FRA-Ligue 1,2425,Marseille,32,34,64,6,4,394,371,53,609,280,358,5,6,2,/en/squads/5725cc7b/2024-2025/Marseille-Stats
FRA-Ligue 1,2425,Monaco,28,34,60,4,2,462,444,69,563,357,429,3,3,0,/en/squads/fd6114db/2024-2025/Monaco-Stats
FRA-Ligue 1,2425,Montpellier,35,34,87,7,2,427,438,65,646,273,389,3,9,3,/en/squads/281b0e73/2024-2025/Montpellier-Stats
FRA-Ligue 1,2425,Nantes,30,34,71,4,0,413,389,31,611,283,376,3,8,3,/en/squads/d7a486cd/2024-2025/Nantes-Stats
FRA-Ligue 1,2425,Nice,31,34,59,5,2,391,417,56,599,365,399,5,3,1,/en/squads/132ebc33/2024-2025/Nice-Stats
FRA-Ligue 1,2425,PSG,28,34,37,0,0,307,336,54,562,265,386,6,3,1,/en/squads/e2d8892c/2024-2025/Paris-Saint-Germain-Stats
FRA-Ligue 1,2425,Reims,34,34,66,6,2,392,372,59,611,289,359,1,5,0,/en/squads/7fdd64e0/2024-2025/Reims-Stats
FRA-Ligue 1,2425,Rennes,35,34,67,2,0,445,382,48,580,337,363,4,6,2,/en/squads/b3072e00/2024-2025/Rennes-Stats
FRA-Ligue 1,2425,Saint-Étienne,32,34,65,3,1,449,361,46,402,328,382,4,15,2,/en/squads/d298ef2c/2024-2025/Saint-Etienne-Stats
FRA-Ligue 1,2425,Strasbourg,30,34,71,3,1,393,417,48,496,282,335,2,9,2,/en/squads/c0d3eab4/2024-2025/Strasbourg-Stats
FRA-Ligue 1,2425,Toulouse,27,34,54,3,0,441,415,46,580,281,364,4,2,3,/en/squads/3f8c4b5f/2024-2025/Toulouse-Stats
FRA-Ligue 1,2526,Angers,30,34,52,2,1,377,355,59,531,303,390,,,1,/en/squads/69236f98/2025-2026/Angers-Stats
FRA-Ligue 1,2526,Auxerre,30,34,69,7,3,467,438,44,544,353,400,,,2,/en/squads/5ae09109/2025-2026/Auxerre-Stats
FRA-Ligue 1,2526,Brest,27,34,58,5,0,434,366,45,555,348,383,,,1,/en/squads/fb08dbb3/2025-2026/Brest-Stats
FRA-Ligue 1,2526,Le Havre,31,34,65,4,0,466,453,69,744,317,345,,,3,/en/squads/5c2737db/2025-2026/Le-Havre-Stats
FRA-Ligue 1,2526,Lens,30,34,66,5,2,432,384,67,773,360,389,,,0,/en/squads/fd4e0f7d/2025-2026/Lens-Stats
FRA-Ligue 1,2526,Lille,30,34,78,5,0,370,428,47,650,313,323,,,1,/en/squads/cb188c0c/2025-2026/Lille-Stats
FRA-Ligue 1,2526,Lorient,26,34,55,1,0,326,425,55,539,295,311,,,4,/en/squads/d2c87802/2025-2026/Lorient-Stats
FRA-Ligue 1,2526,Lyon,32,34,61,7,2,442,423,42,676,237,307,,,2,/en/squads/d53c0b06/2025-2026/Lyon-Stats
FRA-Ligue 1,2526,Marseille,38,34,80,4,1,432,352,41,601,278,306,,,2,/en/squads/5725cc7b/2025-2026/Marseille-Stats
FRA-Ligue 1,2526,Metz,33,34,55,4,1,387,359,45,620,273,358,,,3,/en/squads/f83960ae/2025-2026/Metz-Stats
FRA-Ligue 1,2526,Monaco,32,34,75,6,2,441,347,72,589,354,380,,,2,/en/squads/fd6114db/2025-2026/Monaco-Stats
FRA-Ligue 1,2526,Nantes,33,33,67,2,0,420,440,41,542,273,351,,,1,/en/squads/d7a486cd/2025-2026/Nantes-Stats
FRA-Ligue 1,2526,Nice,36,34,69,3,1,419,373,61,626,333,316,,,0,/en/squads/132ebc33/2025-2026/Nice-Stats
FRA-Ligue 1,2526,PSG,28,34,37,2,1,312,300,42,508,246,319,,,1,/en/squads/e2d8892c/2025-2026/Paris-Saint-Germain-Stats
FRA-Ligue 1,2526,Paris FC,31,34,72,5,3,363,336,73,544,269,331,,,1,/en/squads/056a5a75/2025-2026/Paris-FC-Stats
FRA-Ligue 1,2526,Rennes,33,34,58,4,1,421,390,82,664,283,325,,,0,/en/squads/b3072e00/2025-2026/Rennes-Stats
FRA-Ligue 1,2526,Strasbourg,35,34,60,5,1,383,419,62,555,257,311,,,2,/en/squads/c0d3eab4/2025-2026/Strasbourg-Stats
FRA-Ligue 1,2526,Toulouse,26,33,78,5,1,474,349,36,489,315,322,,,0,/en/squads/3f8c4b5f/2025-2026/Toulouse-Stats
ITA-Serie A,1415,Atalanta,32,38,113,0,,617,,,,,,,,,/en/squads/922493f3/2014-2015/Atalanta-Stats
ITA-Serie A,1415,Cagliari,29,38,115,0,,577,,,,,,,,,/en/squads/c4260e09/2014-2015/Cagliari-Stats
ITA-Serie A,1415,Cesena,33,38,107,0,,601,,,,,,,,,/en/squads/283f2557/2014-2015/Cesena-Stats
ITA-Serie A,1415,Chievo,27,38,86,0,,610,,,,,,,,,/en/squads/cc919b35/2014-2015/Chievo-Stats
ITA-Serie A,1415,Empoli,26,38,64,0,,480,,,,,,,,,/en/squads/a3d88bd8/2014-2015/Empoli-Stats
ITA-Serie A,1415,Fiorentina,30,38,86,0,,521,,,,,,,,,/en/squads/421387cf/2014-2015/Fiorentina-Stats
ITA-Serie A,1415,Genoa,33,38,108,0,,612,,,,,,,,,/en/squads/658bf2de/2014-2015/Genoa-Stats
ITA-Serie A,1415,Hellas Verona,30,38,105,0,,505,,,,,,,,,/en/squads/0e72edf2/2014-2015/Hellas-Verona-Stats
ITA-Serie A,1415,Inter,34,38,101,0,,546,,,,,,,,,/en/squads/d609edc0/2014-2015/Internazionale-Stats
ITA-Serie A,1415,Juventus,28,38,76,0,,513,,,,,,,,,/en/squads/e0652b02/2014-2015/Juventus-Stats
ITA-Serie A,1415,Lazio,29,38,114,0,,654,,,,,,,,,/en/squads/7213da33/2014-2015/Lazio-Stats
ITA-Serie A,1415,Milan,35,38,96,0,,523,,,,,,,,,/en/squads/dc56fe14/2014-2015/Milan-Stats
ITA-Serie A,1415,Napoli,26,38,86,0,,506,,,,,,,,,/en/squads/d48ad4ff/2014-2015/Napoli-Stats
ITA-Serie A,1415,Palermo,31,38,89,0,,565,,,,,,,,,/en/squads/ee058a17/2014-2015/Palermo-Stats
ITA-Serie A,1415,Parma,38,38,110,0,,634,,,,,,,,,/en/squads/eab4234c/2014-2015/Parma-Stats
ITA-Serie A,1415,Roma,32,38,111,0,,510,,,,,,,,,/en/squads/cf74a709/2014-2015/Roma-Stats
ITA-Serie A,1415,Sampdoria,30,38,103,0,,588,,,,,,,,,/en/squads/8ff9e3b3/2014-2015/Sampdoria-Stats
ITA-Serie A,1415,Sassuolo,27,38,115,0,,563,,,,,,,,,/en/squads/e2befd26/2014-2015/Sassuolo-Stats
ITA-Serie A,1415,Torino,31,38,100,0,,528,,,,,,,,,/en/squads/105360fe/2014-2015/Torino-Stats
ITA-Serie A,1415,Udinese,28,38,99,0,,514,,,,,,,,,/en/squads/04eea015/2014-2015/Udinese-Stats
ITA-Serie A,1516,Atalanta,33,38,114,0,,643,,,,,,,,,/en/squads/922493f3/2015-2016/Atalanta-Stats
ITA-Serie A,1516,Bologna,31,38,98,0,,531,,,,,,,,,/en/squads/1d8099f8/2015-2016/Bologna-Stats
ITA-Serie A,1516,Carpi,35,38,115,0,,631,,,,,,,,,/en/squads/71f07916/2015-2016/Carpi-Stats
ITA-Serie A,1516,Chievo,26,38,108,0,,638,,,,,,,,,/en/squads/cc919b35/2015-2016/Chievo-Stats
ITA-Serie A,1516,Empoli,29,38,101,0,,509,,,,,,,,,/en/squads/a3d88bd8/2015-2016/Empoli-Stats
ITA-Serie A,1516,Fiorentina,26,38,102,0,,535,,,,,,,,,/en/squads/421387cf/2015-2016/Fiorentina-Stats
ITA-Serie A,1516,Frosinone,28,38,116,0,,640,,,,,,,,,/en/squads/6a7ad59d/2015-2016/Frosinone-Stats
ITA-Serie A,1516,Genoa,30,38,91,0,,645,,,,,,,,,/en/squads/658bf2de/2015-2016/Genoa-Stats
ITA-Serie A,1516,Hellas Verona,32,38,97,0,,625,,,,,,,,,/en/squads/0e72edf2/2015-2016/Hellas-Verona-Stats
ITA-Serie A,1516,Inter,28,38,104,0,,514,,,,,,,,,/en/squads/d609edc0/2015-2016/Internazionale-Stats
ITA-Serie A,1516,Juventus,28,38,97,0,,570,,,,,,,,,/en/squads/e0652b02/2015-2016/Juventus-Stats
ITA-Serie A,1516,Lazio,27,38,107,0,,592,,,,,,,,,/en/squads/7213da33/2015-2016/Lazio-Stats
ITA-Serie A,1516,Milan,30,38,96,0,,554,,,,,,,,,/en/squads/dc56fe14/2015-2016/Milan-Stats
ITA-Serie A,1516,Napoli,22,38,72,0,,464,,,,,,,,,/en/squads/d48ad4ff/2015-2016/Napoli-Stats
ITA-Serie A,1516,Palermo,31,38,103,0,,644,,,,,,,,,/en/squads/ee058a17/2015-2016/Palermo-Stats
ITA-Serie A,1516,Roma,32,38,87,0,,533,,,,,,,,,/en/squads/cf74a709/2015-2016/Roma-Stats
ITA-Serie A,1516,Sampdoria,35,38,111,0,,578,,,,,,,,,/en/squads/8ff9e3b3/2015-2016/Sampdoria-Stats
ITA-Serie A,1516,Sassuolo,26,38,98,0,,585,,,,,,,,,/en/squads/e2befd26/2015-2016/Sassuolo-Stats
ITA-Serie A,1516,Torino,27,38,99,0,,652,,,,,,,,,/en/squads/105360fe/2015-2016/Torino-Stats
ITA-Serie A,1516,Udinese,28,38,105,0,,579,,,,,,,,,/en/squads/04eea015/2015-2016/Udinese-Stats
ITA-Serie A,1617,Atalanta,32,38,90,2,2,600,555,80,863,698,491,6,4,1,/en/squads/922493f3/2016-2017/Atalanta-Stats
ITA-Serie A,1617,Bologna,28,38,87,2,2,485,519,96,627,605,534,1,5,2,/en/squads/1d8099f8/2016-2017/Bologna-Stats
ITA-Serie A,1617,Cagliari,34,38,104,3,3,543,505,99,553,574,556,7,12,2,/en/squads/c4260e09/2016-2017/Cagliari-Stats
ITA-Serie A,1617,Chievo,29,38,88,3,3,565,535,103,722,536,463,6,6,1,/en/squads/cc919b35/2016-2017/Chievo-Stats
ITA-Serie A,1617,Crotone,31,38,93,3,3,584,478,111,748,620,533,3,10,0,/en/squads/3074d7b1/2016-2017/Crotone-Stats
ITA-Serie A,1617,Empoli,29,38,107,0,0,535,609,94,752,529,471,4,11,2,/en/squads/a3d88bd8/2016-2017/Empoli-Stats
ITA-Serie A,1617,Fiorentina,30,38,98,3,3,537,535,87,833,504,434,7,6,0,/en/squads/421387cf/2016-2017/Fiorentina-Stats
ITA-Serie A,1617,Genoa,33,38,97,4,4,625,450,86,917,526,510,2,10,5,/en/squads/658bf2de/2016-2017/Genoa-Stats
ITA-Serie A,1617,Inter,29,38,81,3,3,540,516,81,1212,570,571,4,6,1,/en/squads/d609edc0/2016-2017/Internazionale-Stats
ITA-Serie A,1617,Juventus,27,38,70,0,0,484,562,95,786,557,457,2,1,1,/en/squads/e0652b02/2016-2017/Juventus-Stats
ITA-Serie A,1617,Lazio,30,38,96,3,3,542,432,106,792,538,591,12,9,3,/en/squads/7213da33/2016-2017/Lazio-Stats
ITA-Serie A,1617,Milan,28,38,98,9,9,519,518,98,799,411,487,10,10,2,/en/squads/dc56fe14/2016-2017/Milan-Stats
ITA-Serie A,1617,Napoli,26,38,58,0,0,376,430,85,790,442,487,6,7,1,/en/squads/d48ad4ff/2016-2017/Napoli-Stats
ITA-Serie A,1617,Palermo,30,38,107,6,6,568,534,87,665,657,494,1,6,1,/en/squads/ee058a17/2016-2017/Palermo-Stats
ITA-Serie A,1617,Pescara,34,38,98,3,3,551,537,117,661,549,512,7,6,1,/en/squads/b985784c/2016-2017/Pescara-Stats
ITA-Serie A,1617,Roma,22,38,64,0,0,461,488,88,916,622,526,12,4,0,/en/squads/cf74a709/2016-2017/Roma-Stats
ITA-Serie A,1617,Sampdoria,24,38,75,1,1,511,502,81,782,468,511,6,8,0,/en/squads/8ff9e3b3/2016-2017/Sampdoria-Stats
ITA-Serie A,1617,Sassuolo,28,38,90,0,0,517,541,75,751,590,534,8,9,1,/en/squads/e2befd26/2016-2017/Sassuolo-Stats
ITA-Serie A,1617,Torino,29,38,88,3,3,581,497,91,750,594,508,10,7,1,/en/squads/105360fe/2016-2017/Torino-Stats
ITA-Serie A,1617,Udinese,29,38,85,0,0,481,516,42,853,526,507,3,9,2,/en/squads/04eea015/2016-2017/Udinese-Stats
ITA-Serie A,1718,Atalanta,25,38,66,,3,490,465,79,751,476,488,9,2,0,/en/squads/922493f3/2017-2018/Atalanta-Stats
ITA-Serie A,1718,Benevento,41,38,79,,4,486,465,83,661,449,409,2,13,2,/en/squads/4fcb34fd/2017-2018/Benevento-Stats
ITA-Serie A,1718,Bologna,30,38,101,,4,482,466,66,553,462,456,2,4,3,/en/squads/1d8099f8/2017-2018/Bologna-Stats
ITA-Serie A,1718,Cagliari,29,38,96,,4,611,458,84,732,431,447,5,12,1,/en/squads/c4260e09/2017-2018/Cagliari-Stats
ITA-Serie A,1718,Chievo,25,38,75,,1,478,460,102,801,444,367,2,7,4,/en/squads/cc919b35/2017-2018/Chievo-Stats
ITA-Serie A,1718,Crotone,29,38,65,,1,501,466,88,635,578,440,2,8,0,/en/squads/3074d7b1/2017-2018/Crotone-Stats
ITA-Serie A,1718,Fiorentina,27,38,89,,3,551,428,82,823,489,497,6,3,0,/en/squads/421387cf/2017-2018/Fiorentina-Stats
ITA-Serie A,1718,Genoa,33,38,75,,0,555,474,86,769,394,395,5,4,2,/en/squads/658bf2de/2017-2018/Genoa-Stats
ITA-Serie A,1718,Hellas Verona,32,38,98,,4,511,404,79,665,541,459,3,8,2,/en/squads/0e72edf2/2017-2018/Hellas-Verona-Stats
ITA-Serie A,1718,Inter,22,38,69,,0,452,395,94,1042,402,435,6,2,4,/en/squads/d609edc0/2017-2018/Internazionale-Stats
ITA-Serie A,1718,Juventus,24,38,66,,1,432,493,79,672,421,359,5,4,2,/en/squads/e0652b02/2017-2018/Juventus-Stats
ITA-Serie A,1718,Lazio,24,38,79,,3,435,350,97,734,494,450,9,10,2,/en/squads/7213da33/2017-2018/Lazio-Stats
ITA-Serie A,1718,Milan,24,38,75,,4,495,478,88,872,354,376,4,3,1,/en/squads/dc56fe14/2017-2018/Milan-Stats
ITA-Serie A,1718,Napoli,23,38,58,,1,349,369,80,672,341,407,7,2,0,/en/squads/d48ad4ff/2017-2018/Napoli-Stats
ITA-Serie A,1718,Roma,27,38,48,,1,396,439,71,962,477,384,4,5,0,/en/squads/cf74a709/2017-2018/Roma-Stats
ITA-Serie A,1718,SPAL,29,38,101,,2,479,640,91,727,527,414,5,12,4,/en/squads/1d2fe027/2017-2018/SPAL-Stats
ITA-Serie A,1718,Sampdoria,27,38,69,,2,426,485,54,777,335,423,6,10,2,/en/squads/8ff9e3b3/2017-2018/Sampdoria-Stats
ITA-Serie A,1718,Sassuolo,28,38,89,,4,488,556,80,793,506,375,6,3,2,/en/squads/e2befd26/2017-2018/Sassuolo-Stats
ITA-Serie A,1718,Torino,27,38,78,,4,568,508,71,612,421,405,2,8,0,/en/squads/105360fe/2017-2018/Torino-Stats
ITA-Serie A,1718,Udinese,27,38,72,,0,531,392,60,711,459,415,5,6,5,/en/squads/04eea015/2017-2018/Udinese-Stats
ITA-Serie A,1819,Atalanta,27,38,63,3,1,445,501,71,801,454,397,3,5,3,/en/squads/922493f3/2018-2019/Atalanta-Stats
ITA-Serie A,1819,Bologna,29,38,94,6,3,516,519,83,737,372,430,2,4,1,/en/squads/1d8099f8/2018-2019/Bologna-Stats
ITA-Serie A,1819,Cagliari,30,38,99,9,5,573,454,58,794,344,388,3,10,2,/en/squads/c4260e09/2018-2019/Cagliari-Stats
ITA-Serie A,1819,Chievo,36,38,116,7,6,588,476,78,677,471,374,3,4,2,/en/squads/cc919b35/2018-2019/Chievo-Stats
ITA-Serie A,1819,Empoli,29,38,74,3,1,458,440,77,636,333,328,5,8,2,/en/squads/a3d88bd8/2018-2019/Empoli-Stats
ITA-Serie A,1819,Fiorentina,27,38,91,5,2,562,507,48,780,413,371,5,6,3,/en/squads/421387cf/2018-2019/Fiorentina-Stats
ITA-Serie A,1819,Frosinone,33,38,99,2,0,560,536,73,815,384,353,5,5,1,/en/squads/6a7ad59d/2018-2019/Frosinone-Stats
ITA-Serie A,1819,Genoa,31,38,96,7,2,559,481,65,797,424,424,4,6,2,/en/squads/658bf2de/2018-2019/Genoa-Stats
ITA-Serie A,1819,Inter,23,38,75,3,2,468,488,64,1092,311,409,5,5,3,/en/squads/d609edc0/2018-2019/Internazionale-Stats
ITA-Serie A,1819,Juventus,31,38,78,4,2,471,469,75,867,396,355,5,4,1,/en/squads/e0652b02/2018-2019/Juventus-Stats
ITA-Serie A,1819,Lazio,30,38,90,4,1,502,391,97,738,432,406,3,6,3,/en/squads/7213da33/2018-2019/Lazio-Stats
ITA-Serie A,1819,Milan,23,38,82,5,2,445,478,63,752,373,382,2,5,1,/en/squads/dc56fe14/2018-2019/Milan-Stats
ITA-Serie A,1819,Napoli,26,38,75,5,3,410,414,85,774,358,359,0,4,0,/en/squads/d48ad4ff/2018-2019/Napoli-Stats
ITA-Serie A,1819,Parma,31,38,84,3,2,493,433,91,511,399,351,5,8,5,/en/squads/eab4234c/2018-2019/Parma-Stats
ITA-Serie A,1819,Roma,26,38,90,2,2,461,395,50,855,419,344,5,7,1,/en/squads/cf74a709/2018-2019/Roma-Stats
ITA-Serie A,1819,SPAL,28,38,113,3,1,499,550,37,863,388,374,7,5,0,/en/squads/1d2fe027/2018-2019/SPAL-Stats
ITA-Serie A,1819,Sampdoria,24,38,92,3,3,493,510,70,641,364,425,7,8,1,/en/squads/8ff9e3b3/2018-2019/Sampdoria-Stats
ITA-Serie A,1819,Sassuolo,29,38,90,8,3,528,528,73,660,378,328,4,8,2,/en/squads/e2befd26/2018-2019/Sassuolo-Stats
ITA-Serie A,1819,Torino,25,38,89,4,1,617,570,75,751,451,394,5,5,0,/en/squads/105360fe/2018-2019/Torino-Stats
ITA-Serie A,1819,Udinese,31,38,92,4,2,505,469,66,585,381,387,7,9,1,/en/squads/04eea015/2018-2019/Udinese-Stats
ITA-Serie A,1920,Atalanta,30,38,80,2,1,534,518,50,767,418,351,9,6,3,/en/squads/922493f3/2019-2020/Atalanta-Stats
ITA-Serie A,1920,Bologna,31,38,109,7,3,595,567,85,733,412,338,6,8,1,/en/squads/1d8099f8/2019-2020/Bologna-Stats
ITA-Serie A,1920,Brescia,32,38,95,6,3,504,583,68,641,361,273,3,11,3,/en/squads/4ef57aeb/2019-2020/Brescia-Stats
ITA-Serie A,1920,Cagliari,33,38,108,6,3,534,449,56,762,337,338,3,9,3,/en/squads/c4260e09/2019-2020/Cagliari-Stats
ITA-Serie A,1920,Fiorentina,33,38,105,5,3,546,500,50,726,347,333,8,11,0,/en/squads/421387cf/2019-2020/Fiorentina-Stats
ITA-Serie A,1920,Genoa,34,38,107,10,5,571,514,57,723,385,335,12,9,2,/en/squads/658bf2de/2019-2020/Genoa-Stats
ITA-Serie A,1920,Hellas Verona,30,38,87,7,2,555,490,91,750,398,290,7,9,1,/en/squads/0e72edf2/2019-2020/Hellas-Verona-Stats
ITA-Serie A,1920,Inter,29,38,104,6,3,563,450,96,790,370,287,10,4,1,/en/squads/d609edc0/2019-2020/Internazionale-Stats
ITA-Serie A,1920,Juventus,30,38,87,3,2,508,486,73,698,370,318,10,12,0,/en/squads/e0652b02/2019-2020/Juventus-Stats
ITA-Serie A,1920,Lazio,27,38,99,2,1,462,399,71,741,378,311,12,9,1,/en/squads/7213da33/2019-2020/Lazio-Stats
ITA-Serie A,1920,Lecce,30,38,98,5,2,469,490,67,711,383,293,10,13,3,/en/squads/ffcbe334/2019-2020/Lecce-Stats
ITA-Serie A,1920,Milan,32,38,97,6,2,545,460,63,713,419,345,4,10,1,/en/squads/dc56fe14/2019-2020/Milan-Stats
ITA-Serie A,1920,Napoli,25,38,73,2,0,421,523,54,813,330,295,2,8,1,/en/squads/d48ad4ff/2019-2020/Napoli-Stats
ITA-Serie A,1920,Parma,25,38,81,1,0,519,467,60,597,394,348,4,11,0,/en/squads/eab4234c/2019-2020/Parma-Stats
ITA-Serie A,1920,Roma,31,38,111,7,4,541,435,45,781,400,303,7,10,0,/en/squads/cf74a709/2019-2020/Roma-Stats
ITA-Serie A,1920,SPAL,34,38,98,4,1,541,525,53,693,394,327,6,8,3,/en/squads/1d2fe027/2019-2020/SPAL-Stats
ITA-Serie A,1920,Sampdoria,31,38,111,7,5,563,459,63,814,396,354,10,9,4,/en/squads/8ff9e3b3/2019-2020/Sampdoria-Stats
ITA-Serie A,1920,Sassuolo,31,38,99,3,1,498,560,64,562,348,332,4,9,4,/en/squads/e2befd26/2019-2020/Sassuolo-Stats
ITA-Serie A,1920,Torino,27,38,96,7,5,606,539,63,756,495,314,3,11,3,/en/squads/105360fe/2019-2020/Torino-Stats
ITA-Serie A,1920,Udinese,25,38,77,3,2,506,414,65,730,375,340,0,10,0,/en/squads/04eea015/2019-2020/Udinese-Stats
ITA-Serie A,2021,Atalanta,30,38,67,3,1,580,473,56,657,516,343,5,8,1,/en/squads/922493f3/2020-2021/Atalanta-Stats
ITA-Serie A,2021,Benevento,29,38,95,5,2,496,593,61,645,383,288,7,5,6,/en/squads/4fcb34fd/2020-2021/Benevento-Stats
ITA-Serie A,2021,Bologna,37,38,82,4,2,536,476,73,669,424,313,3,9,2,/en/squads/1d8099f8/2020-2021/Bologna-Stats
ITA-Serie A,2021,Cagliari,32,38,77,3,2,516,469,57,721,388,336,4,5,0,/en/squads/c4260e09/2020-2021/Cagliari-Stats
ITA-Serie A,2021,Crotone,31,38,89,4,2,531,490,57,544,380,311,7,5,2,/en/squads/3074d7b1/2020-2021/Crotone-Stats
ITA-Serie A,2021,Fiorentina,30,38,86,5,0,523,523,61,740,388,263,4,11,2,/en/squads/421387cf/2020-2021/Fiorentina-Stats
ITA-Serie A,2021,Genoa,34,38,87,2,1,520,466,79,579,519,309,2,7,2,/en/squads/658bf2de/2020-2021/Genoa-Stats
ITA-Serie A,2021,Hellas Verona,32,38,91,1,0,622,520,108,732,492,269,3,7,2,/en/squads/0e72edf2/2020-2021/Hellas-Verona-Stats
ITA-Serie A,2021,Inter,25,38,61,2,1,472,426,65,702,371,286,6,7,1,/en/squads/d609edc0/2020-2021/Internazionale-Stats
ITA-Serie A,2021,Juventus,30,38,80,6,2,505,470,93,754,458,323,8,9,2,/en/squads/e0652b02/2020-2021/Juventus-Stats
ITA-Serie A,2021,Lazio,30,38,107,5,3,498,427,87,744,445,346,8,10,2,/en/squads/7213da33/2020-2021/Lazio-Stats
ITA-Serie A,2021,Milan,29,38,83,4,1,513,474,92,688,382,357,15,5,1,/en/squads/dc56fe14/2020-2021/Milan-Stats
ITA-Serie A,2021,Napoli,25,38,76,3,2,386,548,72,665,369,345,7,5,1,/en/squads/d48ad4ff/2020-2021/Napoli-Stats
ITA-Serie A,2021,Parma,42,38,91,1,0,525,481,78,643,463,317,4,3,3,/en/squads/eab4234c/2020-2021/Parma-Stats
ITA-Serie A,2021,Roma,31,38,91,3,3,553,425,62,679,489,273,6,6,3,/en/squads/cf74a709/2020-2021/Roma-Stats
ITA-Serie A,2021,Sampdoria,27,38,83,3,1,509,485,62,787,453,326,3,9,1,/en/squads/8ff9e3b3/2020-2021/Sampdoria-Stats
ITA-Serie A,2021,Sassuolo,28,38,79,4,2,494,475,57,588,426,310,12,5,1,/en/squads/e2befd26/2020-2021/Sassuolo-Stats
ITA-Serie A,2021,Spezia,35,38,100,5,4,588,529,82,602,395,318,5,10,0,/en/squads/68449f6d/2020-2021/Spezia-Stats
ITA-Serie A,2021,Torino,29,38,78,4,3,577,602,59,740,444,306,6,10,0,/en/squads/105360fe/2020-2021/Torino-Stats
ITA-Serie A,2021,Udinese,33,38,65,2,1,511,522,82,703,440,294,3,14,0,/en/squads/04eea015/2020-2021/Udinese-Stats
ITA-Serie A,2122,Atalanta,32,38,87,2,1,513,454,68,661,441,341,3,6,3,/en/squads/922493f3/2021-2022/Atalanta-Stats
ITA-Serie A,2122,Bologna,36,38,92,7,4,443,497,56,601,370,298,3,9,2,/en/squads/1d8099f8/2021-2022/Bologna-Stats
ITA-Serie A,2122,Cagliari,33,38,96,5,3,549,490,70,675,397,303,3,10,1,/en/squads/c4260e09/2021-2022/Cagliari-Stats
ITA-Serie A,2122,Empoli,28,38,87,5,3,506,463,83,704,352,327,6,10,6,/en/squads/a3d88bd8/2021-2022/Empoli-Stats
ITA-Serie A,2122,Fiorentina,28,38,89,8,6,464,565,57,776,244,301,8,5,2,/en/squads/421387cf/2021-2022/Fiorentina-Stats
ITA-Serie A,2122,Genoa,40,38,92,3,2,566,499,72,661,449,416,4,5,2,/en/squads/658bf2de/2021-2022/Genoa-Stats
ITA-Serie A,2122,Hellas Verona,31,38,100,7,5,560,429,97,593,392,308,6,4,2,/en/squads/0e72edf2/2021-2022/Hellas-Verona-Stats
ITA-Serie A,2122,Inter,27,38,71,0,0,466,412,57,809,332,332,7,4,1,/en/squads/d609edc0/2021-2022/Internazionale-Stats
ITA-Serie A,2122,Juventus,32,38,77,2,1,508,503,74,550,332,316,5,7,1,/en/squads/e0652b02/2021-2022/Juventus-Stats
ITA-Serie A,2122,Lazio,27,38,88,5,3,441,450,44,574,315,339,6,6,1,/en/squads/7213da33/2021-2022/Lazio-Stats
ITA-Serie A,2122,Milan,28,38,76,3,1,465,513,80,672,355,421,5,5,2,/en/squads/dc56fe14/2021-2022/Milan-Stats
ITA-Serie A,2122,Napoli,27,38,63,2,0,460,482,67,553,296,327,9,1,1,/en/squads/d48ad4ff/2021-2022/Napoli-Stats
ITA-Serie A,2122,Roma,29,38,111,8,6,500,474,60,735,385,362,5,6,2,/en/squads/cf74a709/2021-2022/Roma-Stats
ITA-Serie A,2122,Salernitana,42,38,94,5,3,494,522,41,698,353,321,4,8,2,/en/squads/c5577084/2021-2022/Salernitana-Stats
ITA-Serie A,2122,Sampdoria,34,38,94,4,1,495,513,82,645,443,327,3,4,2,/en/squads/8ff9e3b3/2021-2022/Sampdoria-Stats
ITA-Serie A,2122,Sassuolo,29,38,92,4,2,461,479,43,541,314,271,6,9,1,/en/squads/e2befd26/2021-2022/Sassuolo-Stats
ITA-Serie A,2122,Spezia,30,38,88,4,1,508,439,77,534,372,343,4,13,3,/en/squads/68449f6d/2021-2022/Spezia-Stats
ITA-Serie A,2122,Torino,31,38,89,3,2,636,460,84,663,423,314,4,11,0,/en/squads/105360fe/2021-2022/Torino-Stats
ITA-Serie A,2122,Udinese,29,38,95,6,3,564,461,78,519,351,350,4,7,1,/en/squads/04eea015/2021-2022/Udinese-Stats
ITA-Serie A,2122,Venezia,39,38,110,9,2,522,457,61,585,388,352,5,12,2,/en/squads/af5d5982/2021-2022/Venezia-Stats
ITA-Serie A,2223,Atalanta,27,38,83,3,1,470,385,58,652,421,364,6,3,2,/en/squads/922493f3/2022-2023/Atalanta-Stats
ITA-Serie A,2223,Bologna,27,38,84,3,2,477,426,77,558,302,373,5,9,3,/en/squads/1d8099f8/2022-2023/Bologna-Stats
ITA-Serie A,2223,Cremonese,33,38,81,3,0,458,407,68,659,393,400,5,5,1,/en/squads/9aad3a77/2022-2023/Cremonese-Stats
ITA-Serie A,2223,Empoli,32,38,88,7,3,441,459,54,611,280,364,2,6,1,/en/squads/a3d88bd8/2022-2023/Empoli-Stats
ITA-Serie A,2223,Fiorentina,30,38,93,3,2,488,511,56,880,260,337,3,8,2,/en/squads/421387cf/2022-2023/Fiorentina-Stats
ITA-Serie A,2223,Hellas Verona,36,38,103,3,0,540,383,74,652,337,357,1,2,3,/en/squads/0e72edf2/2022-2023/Hellas-Verona-Stats
ITA-Serie A,2223,Inter,25,38,65,3,2,444,406,68,885,315,325,4,3,3,/en/squads/d609edc0/2022-2023/Internazionale-Stats
ITA-Serie A,2223,Juventus,29,38,74,6,1,456,409,62,731,307,352,6,5,0,/en/squads/e0652b02/2022-2023/Juventus-Stats
ITA-Serie A,2223,Lazio,24,38,87,2,0,400,471,54,483,310,349,6,2,1,/en/squads/7213da33/2022-2023/Lazio-Stats
ITA-Serie A,2223,Lecce,29,38,86,2,1,553,439,68,709,368,427,4,6,3,/en/squads/ffcbe334/2022-2023/Lecce-Stats
ITA-Serie A,2223,Milan,30,38,90,2,2,449,438,61,671,289,422,3,5,1,/en/squads/dc56fe14/2022-2023/Milan-Stats
ITA-Serie A,2223,Monza,31,38,90,4,1,489,495,69,596,334,355,6,3,1,/en/squads/21680aa4/2022-2023/Monza-Stats
ITA-Serie A,2223,Napoli,27,38,47,1,0,389,468,60,681,287,313,8,2,0,/en/squads/d48ad4ff/2022-2023/Napoli-Stats
ITA-Serie A,2223,Roma,30,38,83,4,2,446,505,56,595,368,340,6,3,1,/en/squads/cf74a709/2022-2023/Roma-Stats
ITA-Serie A,2223,Salernitana,30,38,85,4,1,473,439,67,559,329,337,1,11,0,/en/squads/c5577084/2022-2023/Salernitana-Stats
ITA-Serie A,2223,Sampdoria,40,38,108,3,2,507,512,55,599,317,351,1,11,2,/en/squads/8ff9e3b3/2022-2023/Sampdoria-Stats
ITA-Serie A,2223,Sassuolo,31,38,90,6,3,408,443,43,625,278,281,6,4,2,/en/squads/e2befd26/2022-2023/Sassuolo-Stats
ITA-Serie A,2223,Spezia,34,38,103,6,4,519,379,55,655,301,359,2,7,3,/en/squads/68449f6d/2022-2023/Spezia-Stats
ITA-Serie A,2223,Torino,28,38,81,0,0,506,382,80,610,292,265,2,6,0,/en/squads/105360fe/2022-2023/Torino-Stats
ITA-Serie A,2223,Udinese,30,38,88,3,1,478,476,51,564,314,365,1,7,2,/en/squads/04eea015/2022-2023/Udinese-Stats
ITA-Serie A,2324,Atalanta,29,38,76,1,1,486,367,63,710,340,369,4,9,1,/en/squads/922493f3/2023-2024/Atalanta-Stats
ITA-Serie A,2324,Bologna,28,38,85,2,2,458,456,55,510,258,385,3,7,1,/en/squads/1d8099f8/2023-2024/Bologna-Stats
ITA-Serie A,2324,Cagliari,29,38,77,4,2,464,418,64,852,265,315,3,5,3,/en/squads/c4260e09/2023-2024/Cagliari-Stats
ITA-Serie A,2324,Empoli,34,38,88,1,1,524,514,82,672,263,378,4,8,1,/en/squads/a3d88bd8/2023-2024/Empoli-Stats
ITA-Serie A,2324,Fiorentina,30,38,80,0,0,459,450,57,748,236,320,6,9,0,/en/squads/421387cf/2023-2024/Fiorentina-Stats
ITA-Serie A,2324,Frosinone,34,38,68,2,1,388,442,48,524,241,322,8,8,2,/en/squads/6a7ad59d/2023-2024/Frosinone-Stats
ITA-Serie A,2324,Genoa,34,38,79,3,3,450,406,47,610,332,352,3,4,1,/en/squads/658bf2de/2023-2024/Genoa-Stats
ITA-Serie A,2324,Hellas Verona,36,38,88,6,2,541,447,61,724,302,387,4,2,1,/en/squads/0e72edf2/2023-2024/Hellas-Verona-Stats
ITA-Serie A,2324,Inter,27,38,46,1,0,405,408,77,804,280,321,11,4,0,/en/squads/d609edc0/2023-2024/Internazionale-Stats
ITA-Serie A,2324,Juventus,31,38,87,2,1,478,376,72,708,253,369,3,3,2,/en/squads/e0652b02/2023-2024/Juventus-Stats
ITA-Serie A,2324,Lazio,22,38,101,5,2,473,435,72,624,295,348,3,3,0,/en/squads/7213da33/2023-2024/Lazio-Stats
ITA-Serie A,2324,Lecce,26,38,89,5,2,504,481,56,650,308,374,4,6,1,/en/squads/ffcbe334/2023-2024/Lecce-Stats
ITA-Serie A,2324,Milan,35,38,82,8,2,429,410,57,660,252,333,6,8,1,/en/squads/dc56fe14/2023-2024/Milan-Stats
ITA-Serie A,2324,Monza,31,38,88,5,4,458,408,40,584,279,334,2,9,0,/en/squads/21680aa4/2023-2024/Monza-Stats
ITA-Serie A,2324,Napoli,29,38,77,5,3,381,451,71,737,241,326,8,4,0,/en/squads/d48ad4ff/2023-2024/Napoli-Stats
ITA-Serie A,2324,Roma,30,38,95,3,1,455,430,66,654,242,336,7,5,3,/en/squads/cf74a709/2023-2024/Roma-Stats
ITA-Serie A,2324,Salernitana,39,38,91,3,1,450,470,61,596,279,327,1,10,2,/en/squads/c5577084/2023-2024/Salernitana-Stats
ITA-Serie A,2324,Sassuolo,30,38,71,4,2,387,398,26,661,267,310,6,11,4,/en/squads/e2befd26/2023-2024/Sassuolo-Stats
ITA-Serie A,2324,Torino,30,38,75,2,1,471,419,63,761,329,275,2,7,0,/en/squads/105360fe/2023-2024/Torino-Stats
ITA-Serie A,2324,Udinese,32,38,94,5,3,496,418,57,556,327,381,4,9,1,/en/squads/04eea015/2023-2024/Udinese-Stats
ITA-Serie A,2425,Atalanta,32,38,67,1,1,435,393,54,778,296,347,5,2,2,/en/squads/922493f3/2024-2025/Atalanta-Stats
ITA-Serie A,2425,Bologna,30,38,61,4,1,537,604,63,756,258,346,6,3,2,/en/squads/1d8099f8/2024-2025/Bologna-Stats
ITA-Serie A,2425,Cagliari,28,38,68,3,3,500,397,65,758,276,303,2,6,0,/en/squads/c4260e09/2024-2025/Cagliari-Stats
ITA-Serie A,2425,Como,38,38,87,7,3,503,518,65,568,279,412,1,7,0,/en/squads/28c9c3cd/2024-2025/Como-Stats
ITA-Serie A,2425,Empoli,34,38,68,5,2,570,459,57,620,323,396,3,3,1,/en/squads/a3d88bd8/2024-2025/Empoli-Stats
ITA-Serie A,2425,Fiorentina,34,38,82,3,2,440,550,88,588,275,313,6,3,1,/en/squads/421387cf/2024-2025/Fiorentina-Stats
ITA-Serie A,2425,Genoa,37,38,71,1,0,497,448,55,663,308,385,1,8,3,/en/squads/658bf2de/2024-2025/Genoa-Stats
ITA-Serie A,2425,Hellas Verona,32,38,98,9,5,579,352,55,562,329,434,1,4,1,/en/squads/0e72edf2/2024-2025/Hellas-Verona-Stats
ITA-Serie A,2425,Inter,26,38,56,1,1,417,405,90,751,227,288,6,4,1,/en/squads/d609edc0/2024-2025/Internazionale-Stats
ITA-Serie A,2425,Juventus,29,38,67,3,1,480,378,52,630,215,353,3,5,0,/en/squads/e0652b02/2024-2025/Juventus-Stats
ITA-Serie A,2425,Lazio,27,38,93,7,3,425,484,46,864,295,319,4,4,2,/en/squads/7213da33/2024-2025/Lazio-Stats
ITA-Serie A,2425,Lecce,31,38,61,7,1,466,427,52,628,285,372,2,10,3,/en/squads/ffcbe334/2024-2025/Lecce-Stats
ITA-Serie A,2425,Milan,35,38,70,6,1,415,428,60,634,234,349,7,2,3,/en/squads/dc56fe14/2024-2025/Milan-Stats
ITA-Serie A,2425,Monza,36,38,90,3,2,512,529,54,656,305,315,0,4,3,/en/squads/21680aa4/2024-2025/Monza-Stats
ITA-Serie A,2425,Napoli,27,38,47,0,0,415,445,55,681,270,323,4,4,2,/en/squads/d48ad4ff/2024-2025/Napoli-Stats
ITA-Serie A,2425,Parma,32,38,78,6,3,405,458,31,427,279,293,5,5,2,/en/squads/eab4234c/2024-2025/Parma-Stats
ITA-Serie A,2425,Roma,28,38,66,1,1,405,484,59,636,282,328,6,4,1,/en/squads/cf74a709/2024-2025/Roma-Stats
ITA-Serie A,2425,Torino,31,38,80,3,1,483,386,57,675,278,261,2,7,2,/en/squads/105360fe/2024-2025/Torino-Stats
ITA-Serie A,2425,Udinese,31,38,88,5,3,543,379,50,679,302,346,2,8,5,/en/squads/04eea015/2024-2025/Udinese-Stats
ITA-Serie A,2425,Venezia,36,38,75,2,2,503,451,58,529,279,361,4,11,3,/en/squads/af5d5982/2024-2025/Venezia-Stats
ITA-Serie A,2526,Atalanta,27,38,60,2,1,450,365,73,711,313,361,,,1,/en/squads/922493f3/2025-2026/Atalanta-Stats
ITA-Serie A,2526,Bologna,30,38,67,6,2,500,528,73,671,279,311,,,1,/en/squads/1d8099f8/2025-2026/Bologna-Stats
ITA-Serie A,2526,Cagliari,31,38,81,2,2,524,530,61,543,334,359,,,0,/en/squads/c4260e09/2025-2026/Cagliari-Stats
ITA-Serie A,2526,Como,24,38,81,3,1,509,449,43,617,263,374,,,0,/en/squads/28c9c3cd/2025-2026/Como-Stats
ITA-Serie A,2526,Cremonese,32,38,73,6,0,514,463,63,685,267,300,,,2,/en/squads/9aad3a77/2025-2026/Cremonese-Stats
ITA-Serie A,2526,Fiorentina,34,38,82,3,1,475,569,62,717,269,273,,,2,/en/squads/421387cf/2025-2026/Fiorentina-Stats
ITA-Serie A,2526,Genoa,36,38,62,3,1,470,537,50,643,274,427,,,2,/en/squads/658bf2de/2025-2026/Genoa-Stats
ITA-Serie A,2526,Hellas Verona,34,38,89,5,3,598,336,63,585,397,439,,,4,/en/squads/0e72edf2/2025-2026/Hellas-Verona-Stats
ITA-Serie A,2526,Inter,29,38,64,0,0,499,396,61,875,248,356,,,1,/en/squads/d609edc0/2025-2026/Internazionale-Stats
ITA-Serie A,2526,Juventus,27,38,52,2,1,461,365,65,745,245,366,,,2,/en/squads/e0652b02/2025-2026/Juventus-Stats
ITA-Serie A,2526,Lazio,30,38,78,9,1,402,522,37,511,295,304,,,0,/en/squads/7213da33/2025-2026/Lazio-Stats
ITA-Serie A,2526,Lecce,30,38,69,2,0,480,493,46,643,261,391,,,1,/en/squads/ffcbe334/2025-2026/Lecce-Stats
ITA-Serie A,2526,Milan,26,38,64,3,2,384,424,71,639,242,315,,,1,/en/squads/dc56fe14/2025-2026/Milan-Stats
ITA-Serie A,2526,Napoli,29,38,49,2,1,425,438,56,668,234,269,,,0,/en/squads/d48ad4ff/2025-2026/Napoli-Stats
ITA-Serie A,2526,Parma,32,38,65,5,4,413,483,50,640,259,317,,,1,/en/squads/eab4234c/2025-2026/Parma-Stats
ITA-Serie A,2526,Pisa,35,38,78,5,1,501,415,62,649,354,376,,,1,/en/squads/4cceedfc/2025-2026/Pisa-Stats
ITA-Serie A,2526,Roma,29,38,68,3,1,523,506,64,694,360,339,,,0,/en/squads/cf74a709/2025-2026/Roma-Stats
ITA-Serie A,2526,Sassuolo,34,38,83,4,1,455,462,66,445,299,308,,,2,/en/squads/e2befd26/2025-2026/Sassuolo-Stats
ITA-Serie A,2526,Torino,30,38,71,1,0,530,377,63,665,309,337,,,0,/en/squads/105360fe/2025-2026/Torino-Stats
ITA-Serie A,2526,Udinese,30,38,71,2,0,514,407,54,560,321,375,,,1,/en/squads/04eea015/2025-2026/Udinese-Stats
GER-Bundesliga,1415,Augsburg,25,34,63,0,,533,,,,,,,,,/en/squads/0cdc4311/2014-2015/Augsburg-Stats
GER-Bundesliga,1415,Bayern Munich,28,34,37,0,,393,,,,,,,,,/en/squads/054efa67/2014-2015/Bayern-Munich-Stats
GER-Bundesliga,1415,Dortmund,28,34,54,,,436,,,,,,,,,/en/squads/add600ae/2014-2015/Dortmund-Stats
GER-Bundesliga,1415,Frankfurt,26,34,89,0,,544,,,,,,,,,/en/squads/f0ac8ee6/2014-2015/Eintracht-Frankfurt-Stats
GER-Bundesliga,1415,Freiburg,27,34,66,0,,481,,,,,,,,,/en/squads/a486e511/2014-2015/Freiburg-Stats
GER-Bundesliga,1415,Gladbach,19,34,56,0,,400,,,,,,,,,/en/squads/32f3ee20/2014-2015/Monchengladbach-Stats
GER-Bundesliga,1415,Hamburger SV,31,34,89,0,,590,,,,,,,,,/en/squads/26790c6a/2014-2015/Hamburger-SV-Stats
GER-Bundesliga,1415,Hannover 96,25,34,83,0,,545,,,,,,,,,/en/squads/60b5e41f/2014-2015/Hannover-96-Stats
GER-Bundesliga,1415,Hertha BSC,26,34,78,0,,575,,,,,,,,,/en/squads/2818f8bc/2014-2015/Hertha-BSC-Stats
GER-Bundesliga,1415,Hoffenheim,23,34,68,0,,577,,,,,,,,,/en/squads/033ea6b8/2014-2015/Hoffenheim-Stats
GER-Bundesliga,1415,Köln,23,34,48,0,,392,,,,,,,,,/en/squads/bc357bf7/2014-2015/Koln-Stats
GER-Bundesliga,1415,Leverkusen,22,34,80,0,,577,,,,,,,,,/en/squads/c7a9f859/2014-2015/Leverkusen-Stats
GER-Bundesliga,1415,Mainz 05,29,34,52,0,,472,,,,,,,,,/en/squads/a224b06a/2014-2015/Mainz-05-Stats
GER-Bundesliga,1415,Paderborn 07,24,34,53,0,,465,,,,,,,,,/en/squads/d9f93f02/2014-2015/Paderborn-07-Stats
GER-Bundesliga,1415,Schalke 04,29,34,68,0,,503,,,,,,,,,/en/squads/c539e393/2014-2015/Schalke-04-Stats
GER-Bundesliga,1415,Stuttgart,24,34,64,0,,492,,,,,,,,,/en/squads/598bc722/2014-2015/Stuttgart-Stats
GER-Bundesliga,1415,Werder Bremen,31,34,70,0,,556,,,,,,,,,/en/squads/62add3bf/2014-2015/Werder-Bremen-Stats
GER-Bundesliga,1415,Wolfsburg,22,34,45,0,,430,,,,,,,,,/en/squads/4eaa11d7/2014-2015/Wolfsburg-Stats
GER-Bundesliga,1516,Augsburg,27,34,82,0,,533,,,,,,,,,/en/squads/0cdc4311/2015-2016/Augsburg-Stats
GER-Bundesliga,1516,Bayern Munich,25,34,50,0,,393,,,,,,,,,/en/squads/054efa67/2015-2016/Bayern-Munich-Stats
GER-Bundesliga,1516,Darmstadt 98,23,34,88,0,,552,,,,,,,,,/en/squads/6a6967fc/2015-2016/Darmstadt-98-Stats
GER-Bundesliga,1516,Dortmund,26,34,39,,,386,,,,,,,,,/en/squads/add600ae/2015-2016/Dortmund-Stats
GER-Bundesliga,1516,Frankfurt,30,34,99,0,,519,,,,,,,,,/en/squads/f0ac8ee6/2015-2016/Eintracht-Frankfurt-Stats
GER-Bundesliga,1516,Gladbach,26,34,49,0,,454,,,,,,,,,/en/squads/32f3ee20/2015-2016/Monchengladbach-Stats
GER-Bundesliga,1516,Hamburger SV,28,34,75,0,,583,,,,,,,,,/en/squads/26790c6a/2015-2016/Hamburger-SV-Stats
GER-Bundesliga,1516,Hannover 96,33,34,66,0,,513,,,,,,,,,/en/squads/60b5e41f/2015-2016/Hannover-96-Stats
GER-Bundesliga,1516,Hertha BSC,26,34,71,0,,479,,,,,,,,,/en/squads/2818f8bc/2015-2016/Hertha-BSC-Stats
GER-Bundesliga,1516,Hoffenheim,26,34,63,0,,473,,,,,,,,,/en/squads/033ea6b8/2015-2016/Hoffenheim-Stats
GER-Bundesliga,1516,Ingolstadt,25,34,83,0,,513,,,,,,,,,/en/squads/12eb2039/2015-2016/Ingolstadt-Stats
GER-Bundesliga,1516,Köln,23,34,56,0,,437,,,,,,,,,/en/squads/bc357bf7/2015-2016/Koln-Stats
GER-Bundesliga,1516,Leverkusen,27,34,70,0,,526,,,,,,,,,/en/squads/c7a9f859/2015-2016/Leverkusen-Stats
GER-Bundesliga,1516,Mainz 05,29,34,54,0,,523,,,,,,,,,/en/squads/a224b06a/2015-2016/Mainz-05-Stats
GER-Bundesliga,1516,Schalke 04,28,34,64,0,,504,,,,,,,,,/en/squads/c539e393/2015-2016/Schalke-04-Stats
GER-Bundesliga,1516,Stuttgart,31,34,72,0,,499,,,,,,,,,/en/squads/598bc722/2015-2016/Stuttgart-Stats
GER-Bundesliga,1516,Werder Bremen,30,34,80,0,,512,,,,,,,,,/en/squads/62add3bf/2015-2016/Werder-Bremen-Stats
GER-Bundesliga,1516,Wolfsburg,29,34,59,0,,459,,,,,,,,,/en/squads/4eaa11d7/2015-2016/Wolfsburg-Stats
GER-Bundesliga,1617,Augsburg,28,34,71,2,2,481,441,68,426,794,512,4,4,1,/en/squads/0cdc4311/2016-2017/Augsburg-Stats
GER-Bundesliga,1617,Bayern Munich,22,34,47,0,0,351,411,92,661,686,421,4,3,0,/en/squads/054efa67/2016-2017/Bayern-Munich-Stats
GER-Bundesliga,1617,Darmstadt 98,31,34,76,5,5,496,450,87,446,688,484,6,8,2,/en/squads/6a6967fc/2016-2017/Darmstadt-98-Stats
GER-Bundesliga,1617,Dortmund,27,34,57,,1,334,550,81,468,566,432,5,2,1,/en/squads/add600ae/2016-2017/Dortmund-Stats
GER-Bundesliga,1617,Frankfurt,26,34,86,1,1,527,468,69,518,849,436,5,4,1,/en/squads/f0ac8ee6/2016-2017/Eintracht-Frankfurt-Stats
GER-Bundesliga,1617,Freiburg,25,34,56,0,0,429,468,58,351,566,471,8,6,0,/en/squads/a486e511/2016-2017/Freiburg-Stats
GER-Bundesliga,1617,Gladbach,24,34,50,2,2,411,445,88,396,655,518,2,5,0,/en/squads/32f3ee20/2016-2017/Monchengladbach-Stats
GER-Bundesliga,1617,Hamburger SV,29,34,77,2,2,549,456,79,501,737,553,2,6,1,/en/squads/26790c6a/2016-2017/Hamburger-SV-Stats
GER-Bundesliga,1617,Hertha BSC,26,34,67,2,2,471,482,55,426,676,457,5,5,1,/en/squads/2818f8bc/2016-2017/Hertha-BSC-Stats
GER-Bundesliga,1617,Hoffenheim,23,34,63,0,0,502,518,84,417,676,424,5,3,2,/en/squads/033ea6b8/2016-2017/Hoffenheim-Stats
GER-Bundesliga,1617,Ingolstadt,22,34,75,3,3,538,549,77,559,733,500,7,9,2,/en/squads/12eb2039/2016-2017/Ingolstadt-Stats
GER-Bundesliga,1617,Köln,26,34,74,1,1,466,472,95,410,729,484,4,4,1,/en/squads/bc357bf7/2016-2017/Koln-Stats
GER-Bundesliga,1617,Leverkusen,24,34,56,3,3,462,399,78,407,708,516,7,3,1,/en/squads/c7a9f859/2016-2017/Leverkusen-Stats
GER-Bundesliga,1617,Mainz 05,28,34,73,3,3,480,477,107,491,787,472,7,4,0,/en/squads/a224b06a/2016-2017/Mainz-05-Stats
GER-Bundesliga,1617,RB Leipzig,23,34,68,1,1,508,471,120,429,770,582,4,5,1,/en/squads/acbb6a5b/2016-2017/RB-Leipzig-Stats
GER-Bundesliga,1617,Schalke 04,29,34,69,0,0,494,441,96,566,805,450,4,10,1,/en/squads/c539e393/2016-2017/Schalke-04-Stats
GER-Bundesliga,1617,Werder Bremen,31,34,67,0,0,452,515,58,371,718,438,6,11,1,/en/squads/62add3bf/2016-2017/Werder-Bremen-Stats
GER-Bundesliga,1617,Wolfsburg,31,34,69,2,2,498,486,61,548,701,438,3,5,1,/en/squads/4eaa11d7/2016-2017/Wolfsburg-Stats
GER-Bundesliga,1718,Augsburg,27,34,68,,1,490,411,70,757,400,543,4,3,0,/en/squads/0cdc4311/2017-2018/Augsburg-Stats
GER-Bundesliga,1718,Bayern Munich,28,34,42,,0,366,413,67,893,355,467,7,4,3,/en/squads/054efa67/2017-2018/Bayern-Munich-Stats
GER-Bundesliga,1718,Dortmund,30,34,41,,1,403,422,83,585,336,510,4,3,0,/en/squads/add600ae/2017-2018/Dortmund-Stats
GER-Bundesliga,1718,Frankfurt,28,34,72,,0,526,453,85,586,409,483,2,3,2,/en/squads/f0ac8ee6/2017-2018/Eintracht-Frankfurt-Stats
GER-Bundesliga,1718,Freiburg,29,34,56,,3,446,429,40,471,392,465,8,5,4,/en/squads/a486e511/2017-2018/Freiburg-Stats
GER-Bundesliga,1718,Gladbach,27,34,47,,0,398,411,73,490,384,488,5,4,1,/en/squads/32f3ee20/2017-2018/Monchengladbach-Stats
GER-Bundesliga,1718,Hamburger SV,29,34,63,,3,499,467,61,668,367,543,3,4,1,/en/squads/26790c6a/2017-2018/Hamburger-SV-Stats
GER-Bundesliga,1718,Hannover 96,26,34,63,,0,487,503,53,579,382,490,5,4,0,/en/squads/60b5e41f/2017-2018/Hannover-96-Stats
GER-Bundesliga,1718,Hertha BSC,25,34,49,,0,494,465,47,528,386,488,5,7,1,/en/squads/2818f8bc/2017-2018/Hertha-BSC-Stats
GER-Bundesliga,1718,Hoffenheim,26,34,71,,0,506,438,78,592,345,516,5,4,2,/en/squads/033ea6b8/2017-2018/Hoffenheim-Stats
GER-Bundesliga,1718,Köln,31,34,70,,1,479,478,81,663,389,502,2,9,0,/en/squads/bc357bf7/2017-2018/Koln-Stats
GER-Bundesliga,1718,Leverkusen,24,34,57,,1,451,485,58,658,390,482,4,6,0,/en/squads/c7a9f859/2017-2018/Leverkusen-Stats
GER-Bundesliga,1718,Mainz 05,27,34,63,,2,531,435,67,546,402,522,3,7,1,/en/squads/a224b06a/2017-2018/Mainz-05-Stats
GER-Bundesliga,1718,RB Leipzig,23,34,48,,3,452,485,87,521,397,509,4,5,0,/en/squads/acbb6a5b/2017-2018/RB-Leipzig-Stats
GER-Bundesliga,1718,Schalke 04,24,34,66,,1,549,504,81,583,498,534,9,6,1,/en/squads/c539e393/2017-2018/Schalke-04-Stats
GER-Bundesliga,1718,Stuttgart,26,34,59,,2,462,429,72,610,414,496,2,6,0,/en/squads/598bc722/2017-2018/Stuttgart-Stats
GER-Bundesliga,1718,Werder Bremen,25,34,55,,0,522,443,69,655,421,435,0,4,2,/en/squads/62add3bf/2017-2018/Werder-Bremen-Stats
GER-Bundesliga,1718,Wolfsburg,29,34,65,,5,444,499,57,556,403,430,6,9,2,/en/squads/4eaa11d7/2017-2018/Wolfsburg-Stats
GER-Bundesliga,1819,Augsburg,30,34,55,1,0,458,349,85,603,467,376,2,2,2,/en/squads/0cdc4311/2018-2019/Augsburg-Stats
GER-Bundesliga,1819,Bayern Munich,24,34,44,2,2,312,342,88,777,336,294,4,6,1,/en/squads/054efa67/2018-2019/Bayern-Munich-Stats
GER-Bundesliga,1819,Dortmund,23,34,40,3,0,292,385,66,458,384,319,3,5,0,/en/squads/add600ae/2018-2019/Dortmund-Stats
GER-Bundesliga,1819,Düsseldorf,24,34,67,1,0,432,404,49,544,419,384,3,7,0,/en/squads/b1278397/2018-2019/Dusseldorf-Stats
GER-Bundesliga,1819,Frankfurt,30,34,60,3,2,420,346,81,678,360,371,1,1,1,/en/squads/f0ac8ee6/2018-2019/Eintracht-Frankfurt-Stats
GER-Bundesliga,1819,Freiburg,28,34,57,3,3,412,408,51,528,374,357,4,7,0,/en/squads/a486e511/2018-2019/Freiburg-Stats
GER-Bundesliga,1819,Gladbach,22,34,43,0,0,333,357,70,565,310,292,5,3,0,/en/squads/32f3ee20/2018-2019/Monchengladbach-Stats
GER-Bundesliga,1819,Hannover 96,32,34,64,4,3,421,420,58,522,459,342,2,7,1,/en/squads/60b5e41f/2018-2019/Hannover-96-Stats
GER-Bundesliga,1819,Hertha BSC,26,34,67,5,3,447,374,75,554,381,352,3,6,2,/en/squads/2818f8bc/2018-2019/Hertha-BSC-Stats
GER-Bundesliga,1819,Hoffenheim,29,34,69,2,2,471,348,66,667,399,363,5,7,1,/en/squads/033ea6b8/2018-2019/Hoffenheim-Stats
GER-Bundesliga,1819,Leverkusen,21,34,50,1,0,367,383,65,633,358,368,3,6,3,/en/squads/c7a9f859/2018-2019/Leverkusen-Stats
GER-Bundesliga,1819,Mainz 05,28,34,56,0,0,430,359,83,646,395,309,3,4,0,/en/squads/a224b06a/2018-2019/Mainz-05-Stats
GER-Bundesliga,1819,Nürnberg,27,34,59,4,1,394,381,53,495,354,350,5,4,2,/en/squads/6f2c108c/2018-2019/Nurnberg-Stats
GER-Bundesliga,1819,RB Leipzig,23,34,61,1,0,465,393,87,616,416,398,3,6,1,/en/squads/acbb6a5b/2018-2019/RB-Leipzig-Stats
GER-Bundesliga,1819,Schalke 04,32,34,73,5,1,454,397,79,521,419,381,7,6,1,/en/squads/c539e393/2018-2019/Schalke-04-Stats
GER-Bundesliga,1819,Stuttgart,26,34,66,5,2,374,399,67,727,399,362,0,3,4,/en/squads/598bc722/2018-2019/Stuttgart-Stats
GER-Bundesliga,1819,Werder Bremen,24,34,64,3,3,437,346,40,676,407,344,4,5,0,/en/squads/62add3bf/2018-2019/Werder-Bremen-Stats
GER-Bundesliga,1819,Wolfsburg,25,34,62,0,0,358,439,67,682,426,343,3,6,0,/en/squads/4eaa11d7/2018-2019/Wolfsburg-Stats
GER-Bundesliga,1920,Augsburg,28,34,68,2,2,378,384,81,479,434,314,4,1,3,/en/squads/0cdc4311/2019-2020/Augsburg-Stats
GER-Bundesliga,1920,Bayern Munich,29,34,54,3,2,322,355,78,850,342,293,6,4,1,/en/squads/054efa67/2019-2020/Bayern-Munich-Stats
GER-Bundesliga,1920,Dortmund,27,34,49,1,1,305,327,56,510,375,329,1,3,3,/en/squads/add600ae/2019-2020/Dortmund-Stats
GER-Bundesliga,1920,Düsseldorf,28,34,78,0,0,407,430,56,705,376,307,3,5,4,/en/squads/b1278397/2019-2020/Dusseldorf-Stats
GER-Bundesliga,1920,Frankfurt,27,34,71,4,2,425,368,57,892,376,377,1,3,2,/en/squads/f0ac8ee6/2019-2020/Eintracht-Frankfurt-Stats
GER-Bundesliga,1920,Freiburg,26,34,43,2,1,329,437,56,649,354,252,5,4,0,/en/squads/a486e511/2019-2020/Freiburg-Stats
GER-Bundesliga,1920,Gladbach,25,34,77,3,3,424,446,91,570,381,322,5,2,0,/en/squads/32f3ee20/2019-2020/Monchengladbach-Stats
GER-Bundesliga,1920,Hertha BSC,32,34,78,4,2,465,350,57,527,409,341,3,7,2,/en/squads/2818f8bc/2019-2020/Hertha-BSC-Stats
GER-Bundesliga,1920,Hoffenheim,31,34,66,2,1,383,416,61,579,349,309,3,8,2,/en/squads/033ea6b8/2019-2020/Hoffenheim-Stats
GER-Bundesliga,1920,Köln,29,34,79,4,1,487,436,75,708,435,413,3,6,2,/en/squads/bc357bf7/2019-2020/Koln-Stats
GER-Bundesliga,1920,Leverkusen,24,34,61,6,3,394,369,92,713,333,353,2,2,0,/en/squads/c7a9f859/2019-2020/Leverkusen-Stats
GER-Bundesliga,1920,Mainz 05,25,34,75,3,2,462,401,70,615,363,331,3,5,1,/en/squads/a224b06a/2019-2020/Mainz-05-Stats
GER-Bundesliga,1920,Paderborn 07,27,34,84,3,2,426,358,62,572,364,400,2,5,2,/en/squads/d9f93f02/2019-2020/Paderborn-07-Stats
GER-Bundesliga,1920,RB Leipzig,29,34,53,3,3,373,370,78,628,364,361,3,2,0,/en/squads/acbb6a5b/2019-2020/RB-Leipzig-Stats
GER-Bundesliga,1920,Schalke 04,29,34,64,2,1,400,380,81,472,407,361,1,6,2,/en/squads/c539e393/2019-2020/Schalke-04-Stats
GER-Bundesliga,1920,Union Berlin,26,34,71,5,3,523,374,64,628,421,322,3,4,1,/en/squads/7a41008f/2019-2020/Union-Berlin-Stats
GER-Bundesliga,1920,Werder Bremen,30,34,80,4,4,461,450,53,601,423,345,4,1,3,/en/squads/62add3bf/2019-2020/Werder-Bremen-Stats
GER-Bundesliga,1920,Wolfsburg,26,34,71,4,2,490,399,72,651,377,363,3,5,0,/en/squads/4eaa11d7/2019-2020/Wolfsburg-Stats
GER-Bundesliga,2021,Arminia,26,34,52,1,0,390,417,49,471,418,328,2,6,1,/en/squads/247c4b67/2020-2021/Arminia-Bielefeld-Stats
GER-Bundesliga,2021,Augsburg,25,34,71,4,3,395,403,67,500,454,308,3,9,3,/en/squads/0cdc4311/2020-2021/Augsburg-Stats
GER-Bundesliga,2021,Bayern Munich,29,34,44,3,0,317,374,74,828,399,316,7,3,0,/en/squads/054efa67/2020-2021/Bayern-Munich-Stats
GER-Bundesliga,2021,Dortmund,26,34,44,1,1,359,373,69,532,413,318,6,6,1,/en/squads/add600ae/2020-2021/Dortmund-Stats
GER-Bundesliga,2021,Frankfurt,25,34,82,1,1,459,366,69,776,428,352,6,6,2,/en/squads/f0ac8ee6/2020-2021/Eintracht-Frankfurt-Stats
GER-Bundesliga,2021,Freiburg,24,34,62,0,0,437,401,56,636,452,247,5,6,2,/en/squads/a486e511/2020-2021/Freiburg-Stats
GER-Bundesliga,2021,Gladbach,23,34,61,2,0,395,412,82,561,436,307,9,6,0,/en/squads/32f3ee20/2020-2021/Monchengladbach-Stats
GER-Bundesliga,2021,Hertha BSC,32,34,67,3,2,469,428,77,585,417,270,6,8,1,/en/squads/2818f8bc/2020-2021/Hertha-BSC-Stats
GER-Bundesliga,2021,Hoffenheim,30,34,68,4,2,442,407,49,658,431,296,4,9,2,/en/squads/033ea6b8/2020-2021/Hoffenheim-Stats
GER-Bundesliga,2021,Köln,28,34,63,1,1,422,429,57,655,429,328,4,9,0,/en/squads/bc357bf7/2020-2021/Koln-Stats
GER-Bundesliga,2021,Leverkusen,30,34,58,0,0,433,335,72,674,322,282,1,2,2,/en/squads/c7a9f859/2020-2021/Leverkusen-Stats
GER-Bundesliga,2021,Mainz 05,31,34,63,1,1,500,379,57,605,500,364,4,7,1,/en/squads/a224b06a/2020-2021/Mainz-05-Stats
GER-Bundesliga,2021,RB Leipzig,25,34,57,0,0,435,404,81,649,353,305,9,3,0,/en/squads/acbb6a5b/2020-2021/RB-Leipzig-Stats
GER-Bundesliga,2021,Schalke 04,42,34,74,2,2,415,403,68,425,411,337,3,8,5,/en/squads/c539e393/2020-2021/Schalke-04-Stats
GER-Bundesliga,2021,Stuttgart,29,34,65,2,1,420,434,55,539,426,294,6,7,1,/en/squads/598bc722/2020-2021/Stuttgart-Stats
GER-Bundesliga,2021,Union Berlin,27,34,57,2,1,434,375,84,640,405,283,6,5,2,/en/squads/7a41008f/2020-2021/Union-Berlin-Stats
GER-Bundesliga,2021,Werder Bremen,27,34,67,3,2,396,467,68,548,407,333,3,6,3,/en/squads/62add3bf/2020-2021/Werder-Bremen-Stats
GER-Bundesliga,2021,Wolfsburg,26,34,58,3,1,442,379,77,643,477,363,1,5,1,/en/squads/4eaa11d7/2020-2021/Wolfsburg-Stats
GER-Bundesliga,2122,Arminia,26,34,55,2,1,433,307,54,487,421,311,2,7,2,/en/squads/247c4b67/2021-2022/Arminia-Bielefeld-Stats
GER-Bundesliga,2122,Augsburg,26,34,74,0,0,448,357,73,592,363,335,4,5,2,/en/squads/0cdc4311/2021-2022/Augsburg-Stats
GER-Bundesliga,2122,Bayern Munich,30,34,36,2,0,305,354,76,656,349,338,1,2,1,/en/squads/054efa67/2021-2022/Bayern-Munich-Stats
GER-Bundesliga,2122,Bochum,28,34,55,2,0,424,391,75,600,429,353,4,8,4,/en/squads/b42c6323/2021-2022/Bochum-Stats
GER-Bundesliga,2122,Dortmund,33,34,63,1,1,362,398,73,491,347,322,6,6,2,/en/squads/add600ae/2021-2022/Dortmund-Stats
GER-Bundesliga,2122,Frankfurt,27,34,61,1,1,422,299,53,697,377,330,1,4,1,/en/squads/f0ac8ee6/2021-2022/Eintracht-Frankfurt-Stats
GER-Bundesliga,2122,Freiburg,26,34,34,0,0,392,375,58,633,355,299,4,2,1,/en/squads/a486e511/2021-2022/Freiburg-Stats
GER-Bundesliga,2122,Gladbach,26,34,67,1,0,359,472,73,440,326,345,6,5,0,/en/squads/32f3ee20/2021-2022/Monchengladbach-Stats
GER-Bundesliga,2122,Greuther Fürth,29,34,61,0,0,437,434,69,478,374,336,3,6,5,/en/squads/12192a4c/2021-2022/Greuther-Furth-Stats
GER-Bundesliga,2122,Hertha BSC,36,34,62,2,0,421,430,73,505,406,321,3,8,0,/en/squads/2818f8bc/2021-2022/Hertha-BSC-Stats
GER-Bundesliga,2122,Hoffenheim,32,34,75,0,0,429,348,70,703,285,291,0,4,1,/en/squads/033ea6b8/2021-2022/Hoffenheim-Stats
GER-Bundesliga,2122,Köln,26,34,68,1,1,419,459,67,829,426,361,1,1,2,/en/squads/bc357bf7/2021-2022/Koln-Stats
GER-Bundesliga,2122,Leverkusen,29,34,66,2,1,364,329,64,537,360,281,5,4,1,/en/squads/c7a9f859/2021-2022/Leverkusen-Stats
GER-Bundesliga,2122,Mainz 05,28,34,62,4,2,495,386,63,598,439,305,3,6,1,/en/squads/a224b06a/2021-2022/Mainz-05-Stats
GER-Bundesliga,2122,RB Leipzig,29,34,49,0,0,360,426,66,523,349,289,5,3,1,/en/squads/acbb6a5b/2021-2022/RB-Leipzig-Stats
GER-Bundesliga,2122,Stuttgart,34,34,64,2,1,371,419,53,550,342,307,1,4,1,/en/squads/598bc722/2021-2022/Stuttgart-Stats
GER-Bundesliga,2122,Union Berlin,28,34,62,1,1,423,333,64,663,376,296,2,2,4,/en/squads/7a41008f/2021-2022/Union-Berlin-Stats
GER-Bundesliga,2122,Wolfsburg,30,34,61,3,1,411,415,74,619,388,298,3,7,1,/en/squads/4eaa11d7/2021-2022/Wolfsburg-Stats
GER-Bundesliga,2223,Augsburg,34,34,96,5,2,433,356,58,548,286,299,3,4,2,/en/squads/0cdc4311/2022-2023/Augsburg-Stats
GER-Bundesliga,2223,Bayern Munich,28,34,49,3,2,306,335,84,603,287,387,5,10,0,/en/squads/054efa67/2022-2023/Bayern-Munich-Stats
GER-Bundesliga,2223,Bochum,26,34,64,1,0,429,354,66,568,337,386,3,14,3,/en/squads/b42c6323/2022-2023/Bochum-Stats
GER-Bundesliga,2223,Dortmund,30,34,66,0,0,322,407,41,677,298,334,6,1,1,/en/squads/add600ae/2022-2023/Dortmund-Stats
GER-Bundesliga,2223,Frankfurt,28,34,71,1,1,429,377,70,616,284,357,6,2,1,/en/squads/f0ac8ee6/2022-2023/Eintracht-Frankfurt-Stats
GER-Bundesliga,2223,Freiburg,27,34,62,2,1,404,424,57,547,325,289,7,6,0,/en/squads/a486e511/2022-2023/Freiburg-Stats
GER-Bundesliga,2223,Gladbach,27,34,62,3,1,338,447,72,441,267,275,3,6,1,/en/squads/32f3ee20/2022-2023/Monchengladbach-Stats
GER-Bundesliga,2223,Hertha BSC,32,34,82,1,1,422,394,58,516,366,344,4,6,0,/en/squads/2818f8bc/2022-2023/Hertha-BSC-Stats
GER-Bundesliga,2223,Hoffenheim,31,34,80,5,3,471,368,78,577,285,323,7,3,1,/en/squads/033ea6b8/2022-2023/Hoffenheim-Stats
GER-Bundesliga,2223,Köln,27,34,75,3,3,400,352,68,790,372,370,2,5,3,/en/squads/bc357bf7/2022-2023/Koln-Stats
GER-Bundesliga,2223,Leverkusen,27,34,75,7,3,382,409,51,461,294,280,6,7,2,/en/squads/c7a9f859/2022-2023/Leverkusen-Stats
GER-Bundesliga,2223,Mainz 05,27,34,69,1,0,476,334,74,610,433,341,5,8,0,/en/squads/a224b06a/2022-2023/Mainz-05-Stats
GER-Bundesliga,2223,RB Leipzig,25,34,69,2,1,393,402,80,489,310,312,5,8,2,/en/squads/acbb6a5b/2022-2023/RB-Leipzig-Stats
GER-Bundesliga,2223,Schalke 04,35,34,68,1,0,427,391,70,764,306,329,3,6,1,/en/squads/c539e393/2022-2023/Schalke-04-Stats
GER-Bundesliga,2223,Stuttgart,30,34,72,5,4,346,407,56,597,308,316,4,6,1,/en/squads/598bc722/2022-2023/Stuttgart-Stats
GER-Bundesliga,2223,Union Berlin,28,34,65,2,1,445,345,62,708,262,278,4,7,0,/en/squads/7a41008f/2022-2023/Union-Berlin-Stats
GER-Bundesliga,2223,Werder Bremen,25,34,76,1,0,426,369,65,514,321,349,3,3,2,/en/squads/62add3bf/2022-2023/Werder-Bremen-Stats
GER-Bundesliga,2223,Wolfsburg,28,34,63,0,0,390,451,50,568,292,324,6,7,3,/en/squads/4eaa11d7/2022-2023/Wolfsburg-Stats
GER-Bundesliga,2324,Augsburg,29,34,71,3,1,454,338,81,631,295,319,5,10,2,/en/squads/0cdc4311/2023-2024/Augsburg-Stats
GER-Bundesliga,2324,Bayern Munich,30,34,47,2,1,304,306,60,655,288,323,2,4,0,/en/squads/054efa67/2023-2024/Bayern-Munich-Stats
GER-Bundesliga,2324,Bochum,25,34,97,2,0,446,409,83,649,308,366,4,11,4,/en/squads/b42c6323/2023-2024/Bochum-Stats
GER-Bundesliga,2324,Darmstadt 98,32,34,83,4,0,429,351,57,514,317,323,2,2,2,/en/squads/6a6967fc/2023-2024/Darmstadt-98-Stats
GER-Bundesliga,2324,Dortmund,32,34,59,4,2,315,391,44,522,251,356,5,6,2,/en/squads/add600ae/2023-2024/Dortmund-Stats
GER-Bundesliga,2324,Frankfurt,34,34,70,5,4,355,318,51,557,302,359,2,11,0,/en/squads/f0ac8ee6/2023-2024/Eintracht-Frankfurt-Stats
GER-Bundesliga,2324,Freiburg,25,34,64,4,1,364,376,52,593,272,319,7,5,1,/en/squads/a486e511/2023-2024/Freiburg-Stats
GER-Bundesliga,2324,Gladbach,27,34,66,2,1,337,372,53,574,333,337,4,6,0,/en/squads/32f3ee20/2023-2024/Monchengladbach-Stats
GER-Bundesliga,2324,Heidenheim,22,34,54,1,0,442,325,38,663,302,352,1,10,3,/en/squads/18d9d2a7/2023-2024/Heidenheim-Stats
GER-Bundesliga,2324,Hoffenheim,30,34,86,5,4,339,366,52,603,357,304,5,5,1,/en/squads/033ea6b8/2023-2024/Hoffenheim-Stats
GER-Bundesliga,2324,Köln,26,34,71,4,3,418,364,53,779,305,375,5,3,0,/en/squads/bc357bf7/2023-2024/Koln-Stats
GER-Bundesliga,2324,Leverkusen,24,34,59,0,0,305,342,73,586,224,277,7,0,0,/en/squads/c7a9f859/2023-2024/Leverkusen-Stats
GER-Bundesliga,2324,Mainz 05,30,34,99,3,1,473,410,59,633,346,328,4,4,1,/en/squads/a224b06a/2023-2024/Mainz-05-Stats
GER-Bundesliga,2324,RB Leipzig,26,34,61,1,1,354,388,67,608,240,317,7,5,1,/en/squads/acbb6a5b/2023-2024/RB-Leipzig-Stats
GER-Bundesliga,2324,Stuttgart,27,34,56,1,1,329,373,50,537,269,316,7,3,3,/en/squads/598bc722/2023-2024/Stuttgart-Stats
GER-Bundesliga,2324,Union Berlin,30,34,67,7,3,402,339,61,662,305,352,3,7,1,/en/squads/7a41008f/2023-2024/Union-Berlin-Stats
GER-Bundesliga,2324,Werder Bremen,30,34,73,2,0,396,396,70,543,284,351,5,6,1,/en/squads/62add3bf/2023-2024/Werder-Bremen-Stats
GER-Bundesliga,2324,Wolfsburg,28,34,86,5,2,415,412,41,593,268,303,3,3,3,/en/squads/4eaa11d7/2023-2024/Wolfsburg-Stats
GER-Bundesliga,2425,Augsburg,29,34,78,5,2,351,373,59,578,341,300,2,5,2,/en/squads/0cdc4311/2024-2025/Augsburg-Stats
GER-Bundesliga,2425,Bayern Munich,29,34,48,1,0,295,341,56,612,232,300,6,2,0,/en/squads/054efa67/2024-2025/Bayern-Munich-Stats
GER-Bundesliga,2425,Bochum,27,34,71,2,1,465,293,63,679,294,360,3,6,0,/en/squads/b42c6323/2024-2025/Bochum-Stats
GER-Bundesliga,2425,Dortmund,28,34,71,6,3,330,343,43,698,249,319,5,4,1,/en/squads/add600ae/2024-2025/Dortmund-Stats
GER-Bundesliga,2425,Frankfurt,26,34,55,1,1,341,304,57,539,287,341,2,3,2,/en/squads/f0ac8ee6/2024-2025/Eintracht-Frankfurt-Stats
GER-Bundesliga,2425,Freiburg,26,34,54,2,1,316,325,61,589,276,317,3,4,1,/en/squads/a486e511/2024-2025/Freiburg-Stats
GER-Bundesliga,2425,Gladbach,26,34,53,3,2,339,326,65,617,317,284,5,8,2,/en/squads/32f3ee20/2024-2025/Monchengladbach-Stats
GER-Bundesliga,2425,Heidenheim,27,34,66,1,0,385,390,50,581,312,356,3,6,0,/en/squads/18d9d2a7/2024-2025/Heidenheim-Stats
GER-Bundesliga,2425,Hoffenheim,35,34,66,2,0,391,366,70,732,291,336,2,6,3,/en/squads/033ea6b8/2024-2025/Hoffenheim-Stats
GER-Bundesliga,2425,Holstein Kiel,27,34,77,4,2,407,350,44,482,294,328,4,7,3,/en/squads/2ac661d9/2024-2025/Holstein-Kiel-Stats
GER-Bundesliga,2425,Leverkusen,23,34,62,1,1,325,352,64,735,234,259,5,4,4,/en/squads/c7a9f859/2024-2025/Leverkusen-Stats
GER-Bundesliga,2425,Mainz 05,25,34,71,5,3,408,329,78,658,352,325,3,5,0,/en/squads/a224b06a/2024-2025/Mainz-05-Stats
GER-Bundesliga,2425,RB Leipzig,29,34,68,5,2,376,333,83,563,268,333,4,3,0,/en/squads/acbb6a5b/2024-2025/RB-Leipzig-Stats
GER-Bundesliga,2425,St Pauli,28,34,53,4,3,353,352,66,600,257,315,2,5,1,/en/squads/54864664/2024-2025/St-Pauli-Stats
GER-Bundesliga,2425,Stuttgart,29,34,72,5,3,358,411,62,637,298,282,4,3,1,/en/squads/598bc722/2024-2025/Stuttgart-Stats
GER-Bundesliga,2425,Union Berlin,28,34,72,1,0,419,313,67,608,312,318,3,6,1,/en/squads/7a41008f/2024-2025/Union-Berlin-Stats
GER-Bundesliga,2425,Werder Bremen,23,34,75,4,3,335,402,72,667,315,321,4,3,3,/en/squads/62add3bf/2024-2025/Werder-Bremen-Stats
GER-Bundesliga,2425,Wolfsburg,27,34,75,3,0,350,366,49,574,312,301,4,3,1,/en/squads/4eaa11d7/2024-2025/Wolfsburg-Stats
GER-Bundesliga,2526,Augsburg,29,34,82,1,1,375,371,72,626,289,335,,,2,/en/squads/0cdc4311/2025-2026/Augsburg-Stats
GER-Bundesliga,2526,Bayern Munich,32,34,58,2,1,299,291,83,549,286,283,,,0,/en/squads/054efa67/2025-2026/Bayern-Munich-Stats
GER-Bundesliga,2526,Dortmund,27,34,63,2,0,396,327,40,669,271,310,,,0,/en/squads/add600ae/2025-2026/Dortmund-Stats
GER-Bundesliga,2526,Frankfurt,29,34,62,4,4,352,315,44,507,314,339,,,1,/en/squads/f0ac8ee6/2025-2026/Eintracht-Frankfurt-Stats
GER-Bundesliga,2526,Freiburg,26,34,51,3,1,318,394,67,590,283,275,,,1,/en/squads/a486e511/2025-2026/Freiburg-Stats
GER-Bundesliga,2526,Gladbach,28,34,60,3,0,367,356,64,528,322,337,,,2,/en/squads/32f3ee20/2025-2026/Monchengladbach-Stats
GER-Bundesliga,2526,Hamburger SV,32,34,78,8,5,402,416,59,535,300,304,,,0,/en/squads/26790c6a/2025-2026/Hamburger-SV-Stats
GER-Bundesliga,2526,Heidenheim,30,34,48,1,0,334,341,64,578,323,322,,,1,/en/squads/18d9d2a7/2025-2026/Heidenheim-Stats
GER-Bundesliga,2526,Hoffenheim,26,34,73,3,1,474,291,59,698,274,321,,,0,/en/squads/033ea6b8/2025-2026/Hoffenheim-Stats
GER-Bundesliga,2526,Köln,27,34,64,3,1,283,332,61,639,275,311,,,0,/en/squads/bc357bf7/2025-2026/Koln-Stats
GER-Bundesliga,2526,Leverkusen,28,34,70,2,2,292,358,42,619,255,290,,,1,/en/squads/c7a9f859/2025-2026/Leverkusen-Stats
GER-Bundesliga,2526,Mainz 05,30,34,70,5,1,373,326,79,684,346,322,,,2,/en/squads/a224b06a/2025-2026/Mainz-05-Stats
GER-Bundesliga,2526,RB Leipzig,29,34,52,0,0,315,335,48,574,302,346,,,1,/en/squads/acbb6a5b/2025-2026/RB-Leipzig-Stats
GER-Bundesliga,2526,St Pauli,24,34,54,2,1,327,297,66,586,317,358,,,1,/en/squads/54864664/2025-2026/St-Pauli-Stats
GER-Bundesliga,2526,Stuttgart,26,34,63,2,0,327,401,69,680,283,294,,,1,/en/squads/598bc722/2025-2026/Stuttgart-Stats
GER-Bundesliga,2526,Union Berlin,26,34,71,3,0,417,326,55,674,289,296,,,1,/en/squads/7a41008f/2025-2026/Union-Berlin-Stats
GER-Bundesliga,2526,Werder Bremen,28,34,77,5,3,337,304,60,611,320,354,,,2,/en/squads/62add3bf/2025-2026/Werder-Bremen-Stats
GER-Bundesliga,2526,Wolfsburg,30,34,68,3,2,392,291,40,520,294,348,,,4,/en/squads/4eaa11d7/2025-2026/Wolfsburg-Stats
