league,season,team,players_used,MP,Starts,Min,90s,GA,GA90,SoTA,Saves,Save%,W,D,L,CS,CS%,PKatt,PKA,PKsv,PKm,PK_Save%,url
ENG-Premier League,1415,Arsenal,3,38,38,3420,38,36,0.95,128,92,71.9,22,9,7,13,34.2,,,,,,/en/squads/18bb7c10/2014-2015/Arsenal-Stats
ENG-Premier League,1415,Aston Villa,3,38,38,3420,38,57,1.5,168,111,66.1,10,8,20,10,26.3,,,,,,/en/squads/8602292d/2014-2015/Aston-Villa-Stats
ENG-Premier League,1415,Burnley,1,38,38,3420,38,53,1.39,178,125,70.2,7,12,19,10,26.3,,,,,,/en/squads/943e8050/2014-2015/Burnley-Stats
ENG-Premier League,1415,Chelsea,2,38,38,3420,38,32,0.84,121,89,73.6,26,9,3,17,44.7,,,,,,/en/squads/cff3d9bb/2014-2015/Chelsea-Stats
ENG-Premier League,1415,Crystal Palace,2,38,38,3420,38,51,1.34,144,93,64.6,13,9,16,7,18.4,,,,,,/en/squads/47c64c55/2014-2015/Crystal-Palace-Stats
ENG-Premier League,1415,Everton,2,38,38,3420,38,50,1.32,128,78,60.9,12,11,15,10,26.3,,,,,,/en/squads/d3fd31cc/2014-2015/Everton-Stats
ENG-Premier League,1415,Hull City,3,38,38,3420,38,51,1.34,153,102,66.7,8,11,19,10,26.3,,,,,,/en/squads/bd8769d1/2014-2015/Hull-City-Stats
ENG-Premier League,1415,Leicester City,3,38,38,3420,38,55,1.45,172,117,68.0,11,8,19,10,26.3,,,,,,/en/squads/a2d435b3/2014-2015/Leicester-City-Stats
ENG-Premier League,1415,Liverpool,2,38,38,3420,38,48,1.26,139,91,65.5,18,8,12,14,36.8,,,,,,/en/squads/822bd0ba/2014-2015/Liverpool-Stats
ENG-Premier League,1415,Manchester City,2,38,38,3420,38,38,1.0,128,90,70.3,24,7,7,14,36.8,,,,,,/en/squads/b8fd03ef/2014-2015/Manchester-City-Stats
ENG-Premier League,1415,Manchester Utd,2,38,38,3420,38,37,0.97,134,97,72.4,20,10,8,11,28.9,,,,,,/en/squads/19538871/2014-2015/Manchester-United-Stats
ENG-Premier League,1415,Newcastle,3,38,38,3420,38,63,1.66,161,98,60.9,10,9,19,8,21.1,,,,,,/en/squads/b2b47a98/2014-2015/Newcastle-United-Stats
ENG-Premier League,1415,QPR,2,38,38,3420,38,73,1.92,209,136,65.1,8,6,24,6,15.8,,,,,,/en/squads/a757999c/2014-2015/Queens-Park-Rangers-Stats
ENG-Premier League,1415,Southampton,3,38,38,3420,38,33,0.87,109,76,69.7,18,6,14,15,39.5,,,,,,/en/squads/33c895d4/2014-2015/Southampton-Stats
ENG-Premier League,1415,Stoke City,2,38,38,3420,38,45,1.18,139,94,67.6,15,9,14,9,23.7,,,,,,/en/squads/17892952/2014-2015/Stoke-City-Stats
ENG-Premier League,1415,Sunderland,2,38,38,3420,38,53,1.39,191,138,72.3,7,17,14,13,34.2,,,,,,/en/squads/8ef52968/2014-2015/Sunderland-Stats
ENG-Premier League,1415,Swansea City,2,38,38,3420,38,49,1.29,188,139,73.9,16,8,14,13,34.2,,,,,,/en/squads/fb10988f/2014-2015/Swansea-City-Stats
ENG-Premier League,1415,Tottenham,2,38,38,3420,38,53,1.39,170,117,68.8,19,7,12,9,23.7,,,,,,/en/squads/361ca564/2014-2015/Tottenham-Hotspur-Stats
ENG-Premier League,1415,West Brom,2,38,38,3420,38,51,1.34,182,131,72.0,11,11,16,16,42.1,,,,,,/en/squads/60c6b05f/2014-2015/West-Bromwich-Albion-Stats
ENG-Premier League,1415,West Ham,2,38,38,3420,38,47,1.24,174,127,73.0,12,11,15,9,23.7,,,,,,/en/squads/7c21e445/2014-2015/West-Ham-United-Stats
ENG-Premier League,1516,Arsenal,2,38,38,3420,38,36,0.95,148,112,75.7,20,11,7,18,47.4,,,,,,/en/squads/18bb7c10/2015-2016/Arsenal-Stats
ENG-Premier League,1516,Aston Villa,2,38,38,3420,38,76,2.0,186,110,59.1,3,8,27,6,15.8,,,,,,/en/squads/8602292d/2015-2016/Aston-Villa-Stats
ENG-Premier League,1516,Bournemouth,3,38,38,3420,38,67,1.76,152,85,55.9,11,9,18,7,18.4,,,,,,/en/squads/4ba7cbea/2015-2016/Bournemouth-Stats
ENG-Premier League,1516,Chelsea,2,38,38,3419,38,53,1.4,172,119,69.2,12,14,12,9,23.7,,,,,,/en/squads/cff3d9bb/2015-2016/Chelsea-Stats
ENG-Premier League,1516,Crystal Palace,3,38,38,3420,38,51,1.34,168,117,69.6,11,9,18,8,21.1,,,,,,/en/squads/47c64c55/2015-2016/Crystal-Palace-Stats
ENG-Premier League,1516,Everton,2,38,38,3420,38,55,1.45,179,124,69.3,11,14,13,10,26.3,,,,,,/en/squads/d3fd31cc/2015-2016/Everton-Stats
ENG-Premier League,1516,Leicester City,1,38,38,3420,38,36,0.95,136,100,73.5,23,12,3,15,39.5,,,,,,/en/squads/a2d435b3/2015-2016/Leicester-City-Stats
ENG-Premier League,1516,Liverpool,3,38,38,3420,38,50,1.32,130,80,61.5,16,12,10,11,28.9,,,,,,/en/squads/822bd0ba/2015-2016/Liverpool-Stats
ENG-Premier League,1516,Manchester City,2,38,38,3420,38,41,1.08,125,84,67.2,19,9,10,16,42.1,,,,,,/en/squads/b8fd03ef/2015-2016/Manchester-City-Stats
ENG-Premier League,1516,Manchester Utd,2,38,38,3420,38,35,0.92,120,85,70.8,19,9,10,18,47.4,,,,,,/en/squads/19538871/2015-2016/Manchester-United-Stats
ENG-Premier League,1516,Newcastle,3,38,38,3420,38,65,1.71,178,113,63.5,9,10,19,8,21.1,,,,,,/en/squads/b2b47a98/2015-2016/Newcastle-United-Stats
ENG-Premier League,1516,Norwich City,2,38,38,3420,38,67,1.76,165,98,59.4,9,7,22,5,13.2,,,,,,/en/squads/1c781004/2015-2016/Norwich-City-Stats
ENG-Premier League,1516,Southampton,4,38,38,3420,38,41,1.08,133,92,69.2,18,9,11,12,31.6,,,,,,/en/squads/33c895d4/2015-2016/Southampton-Stats
ENG-Premier League,1516,Stoke City,3,38,38,3420,38,55,1.45,175,120,68.6,14,9,15,10,26.3,,,,,,/en/squads/17892952/2015-2016/Stoke-City-Stats
ENG-Premier League,1516,Sunderland,3,38,38,3420,38,62,1.63,213,151,70.9,9,12,17,7,18.4,,,,,,/en/squads/8ef52968/2015-2016/Sunderland-Stats
ENG-Premier League,1516,Swansea City,2,38,38,3420,38,52,1.37,165,113,68.5,12,11,15,9,23.7,,,,,,/en/squads/fb10988f/2015-2016/Swansea-City-Stats
ENG-Premier League,1516,Tottenham,2,38,38,3420,38,35,0.92,121,86,71.1,19,13,6,13,34.2,,,,,,/en/squads/361ca564/2015-2016/Tottenham-Hotspur-Stats
ENG-Premier League,1516,Watford,2,38,38,3420,38,50,1.32,123,73,59.3,12,9,17,11,28.9,,,,,,/en/squads/2abfe087/2015-2016/Watford-Stats
ENG-Premier League,1516,West Brom,2,38,38,3420,38,48,1.26,155,107,69.0,10,13,15,11,28.9,,,,,,/en/squads/60c6b05f/2015-2016/West-Bromwich-Albion-Stats
ENG-Premier League,1516,West Ham,2,38,38,3420,38,51,1.34,162,111,68.5,16,14,8,11,28.9,,,,,,/en/squads/7c21e445/2015-2016/West-Ham-United-Stats
ENG-Premier League,1617,Arsenal,3,38,38,3420,38,44,1.16,167,123,73.7,23,6,9,13,34.2,10,10,0,0,0.0,/en/squads/18bb7c10/2016-2017/Arsenal-Stats
ENG-Premier League,1617,Bournemouth,3,38,38,3420,38,67,1.76,189,122,64.6,12,10,16,10,26.3,5,2,2,1,50.0,/en/squads/4ba7cbea/2016-2017/Bournemouth-Stats
ENG-Premier League,1617,Burnley,2,38,38,3420,38,55,1.45,208,153,73.6,11,7,20,10,26.3,5,4,1,0,20.0,/en/squads/943e8050/2016-2017/Burnley-Stats
ENG-Premier League,1617,Chelsea,2,38,38,3420,38,33,0.87,105,72,68.6,30,3,5,16,42.1,2,2,0,0,0.0,/en/squads/cff3d9bb/2016-2017/Chelsea-Stats
ENG-Premier League,1617,Crystal Palace,2,38,38,3420,38,63,1.66,176,113,64.2,12,5,21,7,18.4,2,2,0,0,0.0,/en/squads/47c64c55/2016-2017/Crystal-Palace-Stats
ENG-Premier League,1617,Everton,2,38,38,3420,38,44,1.16,148,104,70.3,17,10,11,13,34.2,5,3,1,1,25.0,/en/squads/d3fd31cc/2016-2017/Everton-Stats
ENG-Premier League,1617,Hull City,2,38,38,3420,38,80,2.11,214,134,62.6,9,7,22,5,13.2,14,11,2,1,15.4,/en/squads/bd8769d1/2016-2017/Hull-City-Stats
ENG-Premier League,1617,Leicester City,2,38,38,3420,38,63,1.66,190,127,66.8,12,8,18,9,23.7,3,3,0,0,0.0,/en/squads/a2d435b3/2016-2017/Leicester-City-Stats
ENG-Premier League,1617,Liverpool,2,38,38,3420,38,42,1.11,114,72,63.2,22,10,6,12,31.6,5,3,2,0,40.0,/en/squads/822bd0ba/2016-2017/Liverpool-Stats
ENG-Premier League,1617,Manchester City,2,38,38,3420,38,39,1.03,105,66,62.9,23,9,6,12,31.6,5,2,1,2,33.3,/en/squads/b8fd03ef/2016-2017/Manchester-City-Stats
ENG-Premier League,1617,Manchester Utd,3,38,38,3420,38,29,0.76,116,87,75.0,18,15,5,17,44.7,5,4,1,0,20.0,/en/squads/19538871/2016-2017/Manchester-United-Stats
ENG-Premier League,1617,Middlesbrough,2,38,38,3420,38,53,1.39,171,118,69.0,5,13,20,11,28.9,5,4,0,1,0.0,/en/squads/7f59c601/2016-2017/Middlesbrough-Stats
ENG-Premier League,1617,Southampton,1,38,38,3420,38,48,1.26,130,82,63.1,12,10,16,14,36.8,9,6,1,2,14.3,/en/squads/33c895d4/2016-2017/Southampton-Stats
ENG-Premier League,1617,Stoke City,3,38,38,3420,38,56,1.47,180,124,68.9,11,11,16,11,28.9,2,1,1,0,50.0,/en/squads/17892952/2016-2017/Stoke-City-Stats
ENG-Premier League,1617,Sunderland,2,38,38,3420,38,69,1.82,248,179,72.2,6,6,26,6,15.8,4,4,0,0,0.0,/en/squads/8ef52968/2016-2017/Sunderland-Stats
ENG-Premier League,1617,Swansea City,2,38,38,3420,38,70,1.84,179,109,60.9,12,5,21,8,21.1,8,6,1,1,14.3,/en/squads/fb10988f/2016-2017/Swansea-City-Stats
ENG-Premier League,1617,Tottenham,2,38,38,3420,38,26,0.68,110,84,76.4,26,8,4,17,44.7,2,2,0,0,0.0,/en/squads/361ca564/2016-2017/Tottenham-Hotspur-Stats
ENG-Premier League,1617,Watford,2,38,38,3420,38,68,1.79,187,119,63.6,11,7,20,7,18.4,4,3,1,0,25.0,/en/squads/2abfe087/2016-2017/Watford-Stats
ENG-Premier League,1617,West Brom,1,38,38,3420,38,51,1.34,160,109,68.1,12,9,17,6,15.8,3,3,0,0,0.0,/en/squads/60c6b05f/2016-2017/West-Bromwich-Albion-Stats
ENG-Premier League,1617,West Ham,2,38,38,3420,38,64,1.68,182,118,64.8,12,9,17,10,26.3,8,5,1,2,16.7,/en/squads/7c21e445/2016-2017/West-Ham-United-Stats
ENG-Premier League,1718,Arsenal,2,38,38,3420,38,51,1.34,147,94,65.3,19,6,13,13,34.2,6,5,1,0,16.7,/en/squads/18bb7c10/2017-2018/Arsenal-Stats
ENG-Premier League,1718,Bournemouth,1,38,38,3420,38,61,1.61,170,109,64.1,11,11,16,6,15.8,3,2,1,0,33.3,/en/squads/4ba7cbea/2017-2018/Bournemouth-Stats
ENG-Premier League,1718,Brighton,1,38,38,3420,38,54,1.42,175,121,69.1,9,13,16,10,26.3,3,1,2,0,66.7,/en/squads/d07537b9/2017-2018/Brighton-and-Hove-Albion-Stats
ENG-Premier League,1718,Burnley,2,38,38,3420,38,39,1.03,160,121,75.6,14,12,12,12,31.6,5,3,1,1,25.0,/en/squads/943e8050/2017-2018/Burnley-Stats
ENG-Premier League,1718,Chelsea,2,38,38,3420,38,38,1.0,119,81,68.1,21,7,10,16,42.1,2,2,0,0,0.0,/en/squads/cff3d9bb/2017-2018/Chelsea-Stats
ENG-Premier League,1718,Crystal Palace,2,38,38,3420,38,55,1.45,172,117,68.0,11,11,16,9,23.7,2,2,0,0,0.0,/en/squads/47c64c55/2017-2018/Crystal-Palace-Stats
ENG-Premier League,1718,Everton,1,38,38,3420,38,58,1.53,178,119,67.4,13,10,15,10,26.3,5,3,1,1,25.0,/en/squads/d3fd31cc/2017-2018/Everton-Stats
ENG-Premier League,1718,Huddersfield,1,38,38,3420,38,58,1.53,158,99,63.3,9,10,19,10,26.3,6,4,2,0,33.3,/en/squads/f5922ca5/2017-2018/Huddersfield-Town-Stats
ENG-Premier League,1718,Leicester City,3,38,38,3420,38,60,1.58,164,104,63.4,12,11,15,9,23.7,4,2,2,0,50.0,/en/squads/a2d435b3/2017-2018/Leicester-City-Stats
ENG-Premier League,1718,Liverpool,2,38,38,3420,38,38,1.0,104,64,63.5,21,12,5,17,44.7,6,4,2,0,33.3,/en/squads/822bd0ba/2017-2018/Liverpool-Stats
ENG-Premier League,1718,Manchester City,2,38,38,3420,38,27,0.71,85,58,68.2,32,4,2,18,47.4,2,0,2,0,100.0,/en/squads/b8fd03ef/2017-2018/Manchester-City-Stats
ENG-Premier League,1718,Manchester Utd,2,38,38,3420,38,28,0.74,143,117,80.4,25,6,7,19,50.0,1,1,0,0,0.0,/en/squads/19538871/2017-2018/Manchester-United-Stats
ENG-Premier League,1718,Newcastle,3,38,38,3420,38,47,1.24,148,102,68.2,12,8,18,9,23.7,6,4,2,0,33.3,/en/squads/b2b47a98/2017-2018/Newcastle-United-Stats
ENG-Premier League,1718,Southampton,2,38,38,3420,38,56,1.47,165,108,66.1,7,15,16,8,21.1,2,1,1,0,50.0,/en/squads/33c895d4/2017-2018/Southampton-Stats
ENG-Premier League,1718,Stoke City,2,38,38,3420,38,68,1.79,216,150,68.5,7,12,19,6,15.8,5,5,0,0,0.0,/en/squads/17892952/2017-2018/Stoke-City-Stats
ENG-Premier League,1718,Swansea City,1,38,38,3420,38,56,1.47,190,133,70.5,8,9,21,9,23.7,6,3,3,0,50.0,/en/squads/fb10988f/2017-2018/Swansea-City-Stats
ENG-Premier League,1718,Tottenham,3,38,38,3420,38,36,0.95,124,89,71.0,23,8,7,16,42.1,3,2,0,1,0.0,/en/squads/361ca564/2017-2018/Tottenham-Hotspur-Stats
ENG-Premier League,1718,Watford,2,38,38,3420,38,64,1.68,156,93,59.0,11,8,19,9,23.7,6,6,0,0,0.0,/en/squads/2abfe087/2017-2018/Watford-Stats
ENG-Premier League,1718,West Brom,2,38,38,3420,38,56,1.47,154,100,63.6,6,13,19,10,26.3,1,1,0,0,0.0,/en/squads/60c6b05f/2017-2018/West-Bromwich-Albion-Stats
ENG-Premier League,1718,West Ham,2,38,38,3420,38,68,1.79,187,119,63.6,10,12,16,10,26.3,6,5,1,0,16.7,/en/squads/7c21e445/2017-2018/West-Ham-United-Stats
ENG-Premier League,1819,Arsenal,2,38,38,3420,38,51,1.34,182,132,72.0,21,7,10,8,21.1,7,7,0,0,0.0,/en/squads/18bb7c10/2018-2019/Arsenal-Stats
ENG-Premier League,1819,Bournemouth,3,38,38,3420,38,70,1.84,173,106,59.5,13,6,19,10,26.3,5,5,0,0,0.0,/en/squads/4ba7cbea/2018-2019/Bournemouth-Stats
ENG-Premier League,1819,Brighton,2,38,38,3420,38,60,1.58,170,110,64.7,9,9,20,7,18.4,10,10,0,0,0.0,/en/squads/d07537b9/2018-2019/Brighton-and-Hove-Albion-Stats
ENG-Premier League,1819,Burnley,2,38,38,3420,38,68,1.79,202,134,66.3,11,7,20,8,21.1,3,2,1,0,33.3,/en/squads/943e8050/2018-2019/Burnley-Stats
ENG-Premier League,1819,Cardiff City,1,38,38,3420,38,69,1.82,207,135,66.7,10,4,24,10,26.3,7,4,3,0,42.9,/en/squads/75fae011/2018-2019/Cardiff-City-Stats
ENG-Premier League,1819,Chelsea,2,38,38,3420,38,39,1.03,124,84,68.5,21,9,8,16,42.1,2,1,1,0,50.0,/en/squads/cff3d9bb/2018-2019/Chelsea-Stats
ENG-Premier League,1819,Crystal Palace,3,38,38,3420,38,53,1.39,163,110,67.5,14,7,17,12,31.6,5,4,1,0,20.0,/en/squads/47c64c55/2018-2019/Crystal-Palace-Stats
ENG-Premier League,1819,Everton,1,38,38,3420,38,46,1.21,136,89,66.2,15,9,14,14,36.8,5,2,3,0,60.0,/en/squads/d3fd31cc/2018-2019/Everton-Stats
ENG-Premier League,1819,Fulham,3,38,38,3420,38,81,2.13,226,146,64.2,7,5,26,5,13.2,7,5,1,1,16.7,/en/squads/fd962109/2018-2019/Fulham-Stats
ENG-Premier League,1819,Huddersfield,3,38,38,3420,38,76,2.0,186,110,59.1,3,7,28,5,13.2,8,7,1,0,12.5,/en/squads/f5922ca5/2018-2019/Huddersfield-Town-Stats
ENG-Premier League,1819,Leicester City,1,38,38,3420,38,48,1.26,138,90,65.2,15,7,16,10,26.3,5,5,0,0,0.0,/en/squads/a2d435b3/2018-2019/Leicester-City-Stats
ENG-Premier League,1819,Liverpool,1,38,38,3420,38,22,0.58,96,74,77.1,30,7,1,21,55.3,1,0,0,1,,/en/squads/822bd0ba/2018-2019/Liverpool-Stats
ENG-Premier League,1819,Manchester City,1,38,38,3420,38,23,0.61,81,58,71.6,32,2,4,20,52.6,4,4,0,0,0.0,/en/squads/b8fd03ef/2018-2019/Manchester-City-Stats
ENG-Premier League,1819,Manchester Utd,1,38,38,3420,38,54,1.42,171,120,68.4,19,9,10,7,18.4,6,6,0,0,0.0,/en/squads/19538871/2018-2019/Manchester-United-Stats
ENG-Premier League,1819,Newcastle,1,38,38,3420,38,48,1.26,140,93,65.7,12,9,17,11,28.9,6,6,0,0,0.0,/en/squads/b2b47a98/2018-2019/Newcastle-United-Stats
ENG-Premier League,1819,Southampton,3,38,38,3420,38,65,1.71,175,112,62.9,9,12,17,7,18.4,3,2,1,0,33.3,/en/squads/33c895d4/2018-2019/Southampton-Stats
ENG-Premier League,1819,Tottenham,3,38,38,3420,38,39,1.03,156,118,75.0,23,2,13,13,34.2,5,3,2,0,40.0,/en/squads/361ca564/2018-2019/Tottenham-Hotspur-Stats
ENG-Premier League,1819,Watford,1,38,38,3420,38,59,1.55,180,123,67.2,14,8,16,7,18.4,5,4,1,0,20.0,/en/squads/2abfe087/2018-2019/Watford-Stats
ENG-Premier League,1819,West Ham,1,38,38,3420,38,55,1.45,198,143,72.2,15,7,16,7,18.4,5,4,1,0,20.0,/en/squads/7c21e445/2018-2019/West-Ham-United-Stats
ENG-Premier League,1819,Wolves,3,38,38,3420,38,46,1.21,141,99,67.4,16,9,13,9,23.7,4,3,0,1,0.0,/en/squads/8cec06e1/2018-2019/Wolverhampton-Wanderers-Stats
ENG-Premier League,1920,Arsenal,2,38,38,3420,38,48,1.26,193,144,75.1,14,14,10,10,26.3,8,7,1,0,12.5,/en/squads/18bb7c10/2019-2020/Arsenal-Stats
ENG-Premier League,1920,Aston Villa,4,38,38,3420,38,67,1.76,182,115,63.2,9,8,21,7,18.4,6,5,1,0,16.7,/en/squads/8602292d/2019-2020/Aston-Villa-Stats
ENG-Premier League,1920,Bournemouth,2,38,38,3420,38,65,1.71,192,126,66.1,9,7,22,5,13.2,6,5,1,0,16.7,/en/squads/4ba7cbea/2019-2020/Bournemouth-Stats
ENG-Premier League,1920,Brighton,1,38,38,3420,38,54,1.42,170,116,68.2,9,14,15,9,23.7,2,2,0,0,0.0,/en/squads/d07537b9/2019-2020/Brighton-and-Hove-Albion-Stats
ENG-Premier League,1920,Burnley,1,38,38,3420,38,50,1.32,167,117,70.1,15,9,14,15,39.5,5,4,1,0,20.0,/en/squads/943e8050/2019-2020/Burnley-Stats
ENG-Premier League,1920,Chelsea,2,38,38,3420,38,54,1.42,115,64,53.0,20,6,12,9,23.7,2,2,0,0,0.0,/en/squads/cff3d9bb/2019-2020/Chelsea-Stats
ENG-Premier League,1920,Crystal Palace,2,38,38,3420,38,50,1.32,172,124,70.9,11,10,17,10,26.3,1,0,0,1,,/en/squads/47c64c55/2019-2020/Crystal-Palace-Stats
ENG-Premier League,1920,Everton,1,38,38,3420,38,56,1.47,150,94,62.7,13,10,15,9,23.7,4,3,0,1,0.0,/en/squads/d3fd31cc/2019-2020/Everton-Stats
ENG-Premier League,1920,Leicester City,1,38,38,3420,38,41,1.08,135,94,69.6,18,8,12,13,34.2,10,8,2,0,20.0,/en/squads/a2d435b3/2019-2020/Leicester-City-Stats
ENG-Premier League,1920,Liverpool,2,38,38,3418,38,33,0.87,108,75,69.4,32,3,3,15,39.5,1,1,0,0,0.0,/en/squads/822bd0ba/2019-2020/Liverpool-Stats
ENG-Premier League,1920,Manchester City,2,38,38,3418,38,35,0.92,110,76,68.2,26,3,9,17,44.7,3,3,0,0,0.0,/en/squads/b8fd03ef/2019-2020/Manchester-City-Stats
ENG-Premier League,1920,Manchester Utd,1,38,38,3420,38,36,0.95,131,96,72.5,18,12,8,13,34.2,3,3,0,0,0.0,/en/squads/19538871/2019-2020/Manchester-United-Stats
ENG-Premier League,1920,Newcastle,1,38,38,3420,38,58,1.53,197,139,70.6,11,11,16,11,28.9,2,2,0,0,0.0,/en/squads/b2b47a98/2019-2020/Newcastle-United-Stats
ENG-Premier League,1920,Norwich City,3,38,38,3420,38,75,1.97,210,135,64.3,5,6,27,5,13.2,7,4,3,0,42.9,/en/squads/1c781004/2019-2020/Norwich-City-Stats
ENG-Premier League,1920,Sheffield United,2,38,38,3420,38,39,1.03,139,99,71.9,14,12,12,13,34.2,3,1,1,1,50.0,/en/squads/1df6b87e/2019-2020/Sheffield-United-Stats
ENG-Premier League,1920,Southampton,2,38,38,3420,38,60,1.58,168,108,64.3,15,7,16,9,23.7,4,3,1,0,25.0,/en/squads/33c895d4/2019-2020/Southampton-Stats
ENG-Premier League,1920,Tottenham,2,38,38,3420,38,47,1.24,181,134,74.0,16,11,11,8,21.1,7,5,2,0,28.6,/en/squads/361ca564/2019-2020/Tottenham-Hotspur-Stats
ENG-Premier League,1920,Watford,1,38,38,3420,38,64,1.68,178,116,64.0,8,10,20,9,23.7,9,8,1,0,11.1,/en/squads/2abfe087/2019-2020/Watford-Stats
ENG-Premier League,1920,West Ham,4,38,38,3420,38,62,1.63,187,127,66.8,10,9,19,7,18.4,6,5,1,0,16.7,/en/squads/7c21e445/2019-2020/West-Ham-United-Stats
ENG-Premier League,1920,Wolves,1,38,38,3420,38,40,1.05,129,88,69.0,15,14,9,13,34.2,3,1,2,0,66.7,/en/squads/8cec06e1/2019-2020/Wolverhampton-Wanderers-Stats
ENG-Premier League,2021,Arsenal,3,38,38,3417,38,39,1.03,132,93,70.5,18,7,13,12,31.6,3,2,1,0,33.3,/en/squads/18bb7c10/2020-2021/Arsenal-Stats
ENG-Premier League,2021,Aston Villa,1,38,38,3420,38,46,1.21,186,133,75.3,16,7,15,15,39.5,6,5,1,0,16.7,/en/squads/8602292d/2020-2021/Aston-Villa-Stats
ENG-Premier League,2021,Brighton,2,38,38,3420,38,46,1.21,125,81,63.2,9,14,15,12,31.6,7,6,0,1,0.0,/en/squads/d07537b9/2020-2021/Brighton-and-Hove-Albion-Stats
ENG-Premier League,2021,Burnley,3,38,38,3420,38,55,1.45,179,125,69.3,10,9,19,11,28.9,3,3,0,0,0.0,/en/squads/943e8050/2020-2021/Burnley-Stats
ENG-Premier League,2021,Chelsea,3,38,38,3420,38,36,0.95,107,71,66.4,19,10,9,18,47.4,4,3,1,0,25.0,/en/squads/cff3d9bb/2020-2021/Chelsea-Stats
ENG-Premier League,2021,Crystal Palace,2,38,38,3420,38,66,1.74,174,107,62.1,12,8,18,8,21.1,4,3,1,0,25.0,/en/squads/47c64c55/2020-2021/Crystal-Palace-Stats
ENG-Premier League,2021,Everton,3,38,38,3420,38,48,1.26,161,114,70.2,17,8,13,12,31.6,4,3,0,1,0.0,/en/squads/d3fd31cc/2020-2021/Everton-Stats
ENG-Premier League,2021,Fulham,2,38,38,3420,38,53,1.39,170,118,68.8,5,13,20,9,23.7,7,7,0,0,0.0,/en/squads/fd962109/2020-2021/Fulham-Stats
ENG-Premier League,2021,Leeds United,2,38,38,3420,38,54,1.42,198,145,72.7,18,5,15,12,31.6,9,8,1,0,11.1,/en/squads/5bfb9659/2020-2021/Leeds-United-Stats
ENG-Premier League,2021,Leicester City,1,38,38,3420,38,50,1.32,136,88,63.2,20,6,12,11,28.9,4,4,0,0,0.0,/en/squads/a2d435b3/2020-2021/Leicester-City-Stats
ENG-Premier League,2021,Liverpool,3,38,38,3420,38,42,1.11,140,97,70.0,20,9,9,12,31.6,8,4,1,3,20.0,/en/squads/822bd0ba/2020-2021/Liverpool-Stats
ENG-Premier League,2021,Manchester City,3,38,38,3420,38,32,0.84,100,67,68.0,27,5,6,19,50.0,10,8,2,0,20.0,/en/squads/b8fd03ef/2020-2021/Manchester-City-Stats
ENG-Premier League,2021,Manchester Utd,2,38,38,3420,38,44,1.16,141,98,68.8,21,11,6,13,34.2,4,4,0,0,0.0,/en/squads/19538871/2020-2021/Manchester-United-Stats
ENG-Premier League,2021,Newcastle,2,38,38,3420,38,62,1.63,188,128,67.0,12,9,17,7,18.4,5,4,1,0,20.0,/en/squads/b2b47a98/2020-2021/Newcastle-United-Stats
ENG-Premier League,2021,Sheffield United,1,38,38,3420,38,63,1.66,206,145,69.4,7,2,29,5,13.2,4,3,0,1,0.0,/en/squads/1df6b87e/2020-2021/Sheffield-United-Stats
ENG-Premier League,2021,Southampton,2,38,38,3420,38,68,1.79,178,110,61.8,12,7,19,9,23.7,9,8,1,0,11.1,/en/squads/33c895d4/2020-2021/Southampton-Stats
ENG-Premier League,2021,Tottenham,1,38,38,3420,38,45,1.18,155,113,71.0,18,8,12,12,31.6,10,10,0,0,0.0,/en/squads/361ca564/2020-2021/Tottenham-Hotspur-Stats
ENG-Premier League,2021,West Brom,2,38,38,3420,38,76,2.0,240,166,68.3,5,11,22,6,15.8,11,7,1,3,12.5,/en/squads/60c6b05f/2020-2021/West-Bromwich-Albion-Stats
ENG-Premier League,2021,West Ham,2,38,38,3420,38,47,1.24,147,103,68.0,19,8,11,11,28.9,5,3,1,1,25.0,/en/squads/7c21e445/2020-2021/West-Ham-United-Stats
ENG-Premier League,2021,Wolves,2,38,38,3420,38,52,1.37,152,102,65.8,12,9,17,10,26.3,8,7,1,0,12.5,/en/squads/8cec06e1/2020-2021/Wolverhampton-Wanderers-Stats
ENG-Premier League,2122,Arsenal,2,38,38,3420,38,48,1.26,147,100,67.3,22,3,13,13,34.2,6,5,0,1,0.0,/en/squads/18bb7c10/2021-2022/Arsenal-Stats
ENG-Premier League,2122,Aston Villa,3,38,38,3420,38,54,1.42,149,96,63.8,13,6,19,11,28.9,6,4,1,1,20.0,/en/squads/8602292d/2021-2022/Aston-Villa-Stats
ENG-Premier League,2122,Brentford,3,38,38,3420,38,56,1.47,179,125,68.7,13,7,18,9,23.7,5,5,0,0,0.0,/en/squads/cd051869/2021-2022/Brentford-Stats
ENG-Premier League,2122,Brighton,2,38,38,3419,38,44,1.16,146,102,69.9,12,15,11,11,28.9,4,3,0,1,0.0,/en/squads/d07537b9/2021-2022/Brighton-and-Hove-Albion-Stats
ENG-Premier League,2122,Burnley,2,38,38,3420,38,53,1.39,178,127,70.2,7,14,17,9,23.7,5,5,0,0,0.0,/en/squads/943e8050/2021-2022/Burnley-Stats
ENG-Premier League,2122,Chelsea,2,38,38,3420,38,33,0.87,115,83,71.3,21,11,6,16,42.1,6,6,0,0,0.0,/en/squads/cff3d9bb/2021-2022/Chelsea-Stats
ENG-Premier League,2122,Crystal Palace,2,38,38,3420,38,46,1.21,144,99,68.1,11,15,12,12,31.6,4,3,1,0,25.0,/en/squads/47c64c55/2021-2022/Crystal-Palace-Stats
ENG-Premier League,2122,Everton,2,38,38,3420,38,66,1.74,188,127,64.9,11,6,21,8,21.1,2,2,0,0,0.0,/en/squads/d3fd31cc/2021-2022/Everton-Stats
ENG-Premier League,2122,Leeds United,2,38,38,3420,38,79,2.08,224,146,64.7,9,11,18,5,13.2,5,5,0,0,0.0,/en/squads/5bfb9659/2021-2022/Leeds-United-Stats
ENG-Premier League,2122,Leicester City,2,38,38,3420,38,59,1.55,192,132,69.3,14,10,14,7,18.4,9,7,2,0,22.2,/en/squads/a2d435b3/2021-2022/Leicester-City-Stats
ENG-Premier League,2122,Liverpool,2,38,38,3420,38,26,0.68,107,82,75.7,28,8,2,21,55.3,0,0,0,0,,/en/squads/822bd0ba/2021-2022/Liverpool-Stats
ENG-Premier League,2122,Manchester City,2,38,38,3420,38,26,0.68,85,59,69.4,29,6,3,21,55.3,1,1,0,0,0.0,/en/squads/b8fd03ef/2021-2022/Manchester-City-Stats
ENG-Premier League,2122,Manchester Utd,1,38,38,3420,38,57,1.5,180,124,68.3,16,10,12,8,21.1,5,3,2,0,40.0,/en/squads/19538871/2021-2022/Manchester-United-Stats
ENG-Premier League,2122,Newcastle,3,38,38,3420,38,62,1.63,165,104,62.4,13,10,15,8,21.1,6,5,1,0,16.7,/en/squads/b2b47a98/2021-2022/Newcastle-United-Stats
ENG-Premier League,2122,Norwich City,2,38,38,3420,38,84,2.21,222,139,62.2,5,7,26,6,15.8,12,9,1,2,10.0,/en/squads/1c781004/2021-2022/Norwich-City-Stats
ENG-Premier League,2122,Southampton,3,38,38,3420,38,67,1.76,185,118,63.8,9,13,16,8,21.1,2,2,0,0,0.0,/en/squads/33c895d4/2021-2022/Southampton-Stats
ENG-Premier League,2122,Tottenham,1,38,38,3420,38,40,1.05,137,98,70.8,22,5,11,16,42.1,2,2,0,0,0.0,/en/squads/361ca564/2021-2022/Tottenham-Hotspur-Stats
ENG-Premier League,2122,Watford,2,38,38,3420,38,77,2.03,188,113,59.0,6,5,27,4,10.5,7,6,1,0,14.3,/en/squads/2abfe087/2021-2022/Watford-Stats
ENG-Premier League,2122,West Ham,2,38,38,3420,38,51,1.34,165,113,69.1,16,8,14,8,21.1,6,2,3,1,60.0,/en/squads/7c21e445/2021-2022/West-Ham-United-Stats
ENG-Premier League,2122,Wolves,2,38,38,3420,38,43,1.13,167,125,74.3,15,6,17,11,28.9,10,9,0,1,0.0,/en/squads/8cec06e1/2021-2022/Wolverhampton-Wanderers-Stats
ENG-Premier League,2223,Arsenal,1,38,38,3420,38,43,1.13,136,94,68.4,26,6,6,14,36.8,5,3,0,2,0.0,/en/squads/18bb7c10/2022-2023/Arsenal-Stats
ENG-Premier League,2223,Aston Villa,2,38,38,3420,38,46,1.21,151,108,69.5,18,7,13,12,31.6,6,5,1,0,16.7,/en/squads/8602292d/2022-2023/Aston-Villa-Stats
ENG-Premier League,2223,Bournemouth,2,38,38,3420,38,71,1.87,204,136,65.2,11,6,21,8,21.1,7,6,0,1,0.0,/en/squads/4ba7cbea/2022-2023/Bournemouth-Stats
ENG-Premier League,2223,Brentford,1,38,38,3420,38,46,1.21,197,154,76.6,15,14,9,12,31.6,2,2,0,0,0.0,/en/squads/cd051869/2022-2023/Brentford-Stats
ENG-Premier League,2223,Brighton,2,38,38,3420,38,53,1.39,131,82,59.5,18,8,12,12,31.6,8,6,2,0,25.0,/en/squads/d07537b9/2022-2023/Brighton-and-Hove-Albion-Stats
ENG-Premier League,2223,Chelsea,2,38,38,3420,38,47,1.24,159,115,70.4,11,11,16,10,26.3,1,1,0,0,0.0,/en/squads/cff3d9bb/2022-2023/Chelsea-Stats
ENG-Premier League,2223,Crystal Palace,3,38,38,3420,38,49,1.29,160,114,69.4,11,12,15,9,23.7,4,4,0,0,0.0,/en/squads/47c64c55/2022-2023/Crystal-Palace-Stats
ENG-Premier League,2223,Everton,2,38,38,3420,38,57,1.5,185,127,69.2,8,12,18,9,23.7,6,5,1,0,16.7,/en/squads/d3fd31cc/2022-2023/Everton-Stats
ENG-Premier League,2223,Fulham,2,38,38,3420,38,53,1.39,196,144,73.0,15,7,16,9,23.7,8,7,1,0,12.5,/en/squads/fd962109/2022-2023/Fulham-Stats
ENG-Premier League,2223,Leeds United,2,38,38,3420,38,78,2.05,185,108,57.8,7,10,21,5,13.2,6,5,0,1,0.0,/en/squads/5bfb9659/2022-2023/Leeds-United-Stats
ENG-Premier League,2223,Leicester City,2,38,38,3420,38,68,1.79,178,113,61.8,9,7,22,7,18.4,5,4,1,0,20.0,/en/squads/a2d435b3/2022-2023/Leicester-City-Stats
ENG-Premier League,2223,Liverpool,2,38,38,3420,38,47,1.24,157,111,70.1,19,10,9,14,36.8,4,2,1,1,33.3,/en/squads/822bd0ba/2022-2023/Liverpool-Stats
ENG-Premier League,2223,Manchester City,2,38,38,3420,38,33,0.87,92,60,64.1,28,5,5,13,34.2,3,3,0,0,0.0,/en/squads/b8fd03ef/2022-2023/Manchester-City-Stats
ENG-Premier League,2223,Manchester Utd,1,38,38,3420,38,43,1.13,142,99,69.7,23,6,9,17,44.7,3,2,1,0,33.3,/en/squads/19538871/2022-2023/Manchester-United-Stats
ENG-Premier League,2223,Newcastle,2,38,38,3418,38,33,0.87,127,94,74.0,19,14,5,14,36.8,5,2,2,1,50.0,/en/squads/b2b47a98/2022-2023/Newcastle-United-Stats
ENG-Premier League,2223,Nottingham,3,38,38,3420,38,68,1.79,182,112,62.6,9,11,18,8,21.1,9,6,2,1,25.0,/en/squads/e4a775cb/2022-2023/Nottingham-Forest-Stats
ENG-Premier League,2223,Southampton,2,38,38,3420,38,73,1.92,150,81,51.3,6,7,25,4,10.5,3,2,1,0,33.3,/en/squads/33c895d4/2022-2023/Southampton-Stats
ENG-Premier League,2223,Tottenham,2,38,38,3420,38,63,1.66,172,109,63.4,18,6,14,10,26.3,4,3,1,0,25.0,/en/squads/361ca564/2022-2023/Tottenham-Hotspur-Stats
ENG-Premier League,2223,West Ham,2,38,38,3420,38,55,1.45,170,115,67.6,11,7,20,9,23.7,6,4,1,1,20.0,/en/squads/7c21e445/2022-2023/West-Ham-United-Stats
ENG-Premier League,2223,Wolves,2,38,38,3420,38,58,1.53,174,115,66.7,11,8,19,11,28.9,4,2,2,0,50.0,/en/squads/8cec06e1/2022-2023/Wolverhampton-Wanderers-Stats
ENG-Premier League,2324,Arsenal,2,38,38,3420,38,29,0.76,83,54,65.1,28,5,5,18,47.4,3,2,1,0,33.3,/en/squads/18bb7c10/2023-2024/Arsenal-Stats
ENG-Premier League,2324,Aston Villa,2,38,38,3420,38,61,1.61,173,115,64.7,20,8,10,8,21.1,2,1,1,0,50.0,/en/squads/8602292d/2023-2024/Aston-Villa-Stats
ENG-Premier League,2324,Bournemouth,3,38,38,3420,38,67,1.76,194,127,65.5,13,9,16,9,23.7,7,6,1,0,14.3,/en/squads/4ba7cbea/2023-2024/Bournemouth-Stats
ENG-Premier League,2324,Brentford,2,38,38,3420,38,65,1.71,184,119,64.7,10,9,19,7,18.4,2,2,0,0,0.0,/en/squads/cd051869/2023-2024/Brentford-Stats
ENG-Premier League,2324,Brighton,2,38,38,3420,38,62,1.63,165,105,62.4,12,12,14,6,15.8,6,6,0,0,0.0,/en/squads/d07537b9/2023-2024/Brighton-and-Hove-Albion-Stats
ENG-Premier League,2324,Burnley,2,38,38,3420,38,78,2.05,244,168,68.0,5,9,24,2,5.3,7,6,1,0,14.3,/en/squads/943e8050/2023-2024/Burnley-Stats
ENG-Premier League,2324,Chelsea,2,38,38,3420,38,63,1.66,186,125,66.1,18,9,11,8,21.1,5,3,1,1,25.0,/en/squads/cff3d9bb/2023-2024/Chelsea-Stats
ENG-Premier League,2324,Crystal Palace,3,38,38,3420,38,58,1.53,154,98,62.3,13,10,15,10,26.3,3,3,0,0,0.0,/en/squads/47c64c55/2023-2024/Crystal-Palace-Stats
ENG-Premier League,2324,Everton,1,38,38,3420,38,51,1.34,165,117,69.1,13,9,16,13,34.2,8,8,0,0,0.0,/en/squads/d3fd31cc/2023-2024/Everton-Stats
ENG-Premier League,2324,Fulham,1,38,38,3420,38,61,1.61,190,133,67.9,13,8,17,10,26.3,8,8,0,0,0.0,/en/squads/fd962109/2023-2024/Fulham-Stats
ENG-Premier League,2324,Liverpool,2,38,38,3420,38,41,1.08,147,108,72.1,24,10,4,10,26.3,1,1,0,0,0.0,/en/squads/822bd0ba/2023-2024/Liverpool-Stats
ENG-Premier League,2324,Luton Town,2,38,38,3420,38,85,2.24,227,142,62.6,6,8,24,2,5.3,4,4,0,0,0.0,/en/squads/e297cd13/2023-2024/Luton-Town-Stats
ENG-Premier League,2324,Manchester City,2,38,38,3420,38,34,0.89,109,76,68.8,28,7,3,13,34.2,3,3,0,0,0.0,/en/squads/b8fd03ef/2023-2024/Manchester-City-Stats
ENG-Premier League,2324,Manchester Utd,1,38,38,3420,38,58,1.53,203,146,71.4,18,6,14,9,23.7,7,7,0,0,0.0,/en/squads/19538871/2023-2024/Manchester-United-Stats
ENG-Premier League,2324,Newcastle,3,38,38,3420,38,62,1.63,195,133,68.2,18,6,14,10,26.3,5,4,1,0,20.0,/en/squads/b2b47a98/2023-2024/Newcastle-United-Stats
ENG-Premier League,2324,Nottingham,3,38,38,3420,38,67,1.76,163,98,58.9,9,9,20,4,10.5,4,4,0,0,0.0,/en/squads/e4a775cb/2023-2024/Nottingham-Forest-Stats
ENG-Premier League,2324,Sheffield United,2,38,38,3420,38,104,2.74,263,166,60.5,3,7,28,1,2.6,7,5,0,2,0.0,/en/squads/1df6b87e/2023-2024/Sheffield-United-Stats
ENG-Premier League,2324,Tottenham,1,38,38,3420,38,61,1.61,167,109,63.5,20,6,12,7,18.4,7,7,0,0,0.0,/en/squads/361ca564/2023-2024/Tottenham-Hotspur-Stats
ENG-Premier League,2324,West Ham,2,38,38,3420,38,74,1.95,241,169,69.3,14,10,14,5,13.2,10,8,2,0,20.0,/en/squads/7c21e445/2023-2024/West-Ham-United-Stats
ENG-Premier League,2324,Wolves,2,38,38,3420,38,65,1.71,203,139,68.0,13,7,18,5,13.2,8,8,0,0,0.0,/en/squads/8cec06e1/2023-2024/Wolverhampton-Wanderers-Stats
ENG-Premier League,2425,Arsenal,1,38,38,3420,38,34,0.89,120,86,71.7,20,14,4,13,34.2,3,3,0,0,0.0,/en/squads/18bb7c10/2024-2025/Arsenal-Stats
ENG-Premier League,2425,Aston Villa,2,38,38,3420,38,51,1.34,156,104,67.3,19,9,10,9,23.7,3,2,1,0,33.3,/en/squads/8602292d/2024-2025/Aston-Villa-Stats
ENG-Premier League,2425,Bournemouth,3,38,38,3420,38,46,1.21,172,126,73.3,15,11,12,9,23.7,4,4,0,0,0.0,/en/squads/4ba7cbea/2024-2025/Bournemouth-Stats
ENG-Premier League,2425,Brentford,2,38,38,3420,38,57,1.5,207,153,72.5,16,8,14,8,21.1,1,1,0,0,0.0,/en/squads/cd051869/2024-2025/Brentford-Stats
ENG-Premier League,2425,Brighton,2,38,38,3420,38,59,1.55,147,90,59.9,16,13,9,8,21.1,9,9,0,0,0.0,/en/squads/d07537b9/2024-2025/Brighton-and-Hove-Albion-Stats
ENG-Premier League,2425,Chelsea,2,38,38,3420,38,43,1.13,155,111,72.3,20,9,9,11,28.9,6,5,1,0,16.7,/en/squads/cff3d9bb/2024-2025/Chelsea-Stats
ENG-Premier League,2425,Crystal Palace,1,38,38,3420,38,51,1.34,152,101,66.4,13,14,11,11,28.9,2,1,1,0,50.0,/en/squads/47c64c55/2024-2025/Crystal-Palace-Stats
ENG-Premier League,2425,Everton,1,38,38,3420,38,44,1.16,163,117,73.0,11,15,12,12,31.6,2,0,2,0,100.0,/en/squads/d3fd31cc/2024-2025/Everton-Stats
ENG-Premier League,2425,Fulham,1,38,38,3420,38,54,1.42,159,106,66.0,15,9,14,5,13.2,4,3,1,0,25.0,/en/squads/fd962109/2024-2025/Fulham-Stats
ENG-Premier League,2425,Ipswich Town,3,38,38,3420,38,82,2.16,210,130,61.0,4,10,24,2,5.3,6,6,0,0,0.0,/en/squads/b74092de/2024-2025/Ipswich-Town-Stats
ENG-Premier League,2425,Leicester City,3,38,38,3420,38,80,2.11,209,131,61.7,6,7,25,3,7.9,4,3,1,0,25.0,/en/squads/a2d435b3/2024-2025/Leicester-City-Stats
ENG-Premier League,2425,Liverpool,3,38,38,3420,38,41,1.08,138,98,70.3,25,9,4,14,36.8,2,1,1,0,50.0,/en/squads/822bd0ba/2024-2025/Liverpool-Stats
ENG-Premier League,2425,Manchester City,2,38,38,3420,38,44,1.16,128,86,65.6,21,8,9,13,34.2,4,4,0,0,0.0,/en/squads/b8fd03ef/2024-2025/Manchester-City-Stats
ENG-Premier League,2425,Manchester Utd,2,38,38,3420,38,54,1.42,149,96,63.8,11,9,18,10,26.3,4,3,1,0,25.0,/en/squads/19538871/2024-2025/Manchester-United-Stats
ENG-Premier League,2425,Newcastle,2,38,38,3420,38,47,1.24,161,115,70.8,20,6,12,13,34.2,2,1,1,0,50.0,/en/squads/b2b47a98/2024-2025/Newcastle-United-Stats
ENG-Premier League,2425,Nottingham,1,38,38,3420,38,46,1.21,165,119,72.1,19,8,11,13,34.2,3,3,0,0,0.0,/en/squads/e4a775cb/2024-2025/Nottingham-Forest-Stats
ENG-Premier League,2425,Southampton,3,38,38,3420,38,86,2.26,245,157,64.9,2,6,30,3,7.9,9,7,2,0,22.2,/en/squads/33c895d4/2024-2025/Southampton-Stats
ENG-Premier League,2425,Tottenham,4,38,38,3420,38,65,1.71,180,119,63.9,11,5,22,6,15.8,3,3,0,0,0.0,/en/squads/361ca564/2024-2025/Tottenham-Hotspur-Stats
ENG-Premier League,2425,West Ham,2,38,38,3420,38,62,1.63,189,127,67.2,11,10,17,7,18.4,3,3,0,0,0.0,/en/squads/7c21e445/2024-2025/West-Ham-United-Stats
ENG-Premier League,2425,Wolves,4,38,38,3420,38,69,1.82,168,100,58.9,12,6,20,8,21.1,9,7,2,0,22.2,/en/squads/8cec06e1/2024-2025/Wolverhampton-Wanderers-Stats
ENG-Premier League,2526,Arsenal,2,38,38,3420,38,27,0.71,89,61,69.7,26,7,5,19,50.0,0,0,0,0,,/en/squads/18bb7c10/2025-2026/Arsenal-Stats
ENG-Premier League,2526,Aston Villa,2,38,38,3420,38,49,1.29,163,114,69.9,19,8,11,9,23.7,2,1,1,0,50.0,/en/squads/8602292d/2025-2026/Aston-Villa-Stats
ENG-Premier League,2526,Bournemouth,1,38,38,3420,38,54,1.42,163,109,66.9,13,18,7,11,28.9,6,6,0,0,0.0,/en/squads/4ba7cbea/2025-2026/Bournemouth-Stats
ENG-Premier League,2526,Brentford,2,38,38,3420,38,52,1.37,158,106,67.1,14,11,13,10,26.3,8,5,3,0,37.5,/en/squads/cd051869/2025-2026/Brentford-Stats
ENG-Premier League,2526,Brighton,1,38,38,3420,38,46,1.21,151,103,69.5,14,11,13,10,26.3,6,5,1,0,16.7,/en/squads/d07537b9/2025-2026/Brighton-and-Hove-Albion-Stats
ENG-Premier League,2526,Burnley,2,38,38,3420,38,75,1.97,212,137,64.6,4,10,24,4,10.5,8,7,0,1,0.0,/en/squads/943e8050/2025-2026/Burnley-Stats
ENG-Premier League,2526,Chelsea,2,38,38,3418,38,54,1.42,160,105,66.3,14,10,14,9,23.7,2,2,0,0,0.0,/en/squads/cff3d9bb/2025-2026/Chelsea-Stats
ENG-Premier League,2526,Crystal Palace,2,38,38,3420,38,51,1.34,159,107,67.9,11,12,15,12,31.6,7,5,1,1,16.7,/en/squads/47c64c55/2025-2026/Crystal-Palace-Stats
ENG-Premier League,2526,Everton,1,38,38,3420,38,50,1.32,149,99,66.4,13,10,15,11,28.9,4,3,1,0,25.0,/en/squads/d3fd31cc/2025-2026/Everton-Stats
ENG-Premier League,2526,Fulham,1,38,38,3420,38,51,1.34,149,98,65.8,15,7,16,9,23.7,4,3,0,1,0.0,/en/squads/fd962109/2025-2026/Fulham-Stats
ENG-Premier League,2526,Leeds United,2,38,38,3420,38,56,1.47,157,101,64.3,11,14,13,8,21.1,6,6,0,0,0.0,/en/squads/5bfb9659/2025-2026/Leeds-United-Stats
ENG-Premier League,2526,Liverpool,3,38,38,3420,38,53,1.39,152,99,65.1,17,9,12,10,26.3,4,3,1,0,25.0,/en/squads/822bd0ba/2025-2026/Liverpool-Stats
ENG-Premier League,2526,Manchester City,2,38,38,3420,38,35,0.92,126,89,72.2,23,9,6,16,42.1,2,1,1,0,50.0,/en/squads/b8fd03ef/2025-2026/Manchester-City-Stats
ENG-Premier League,2526,Manchester Utd,2,38,38,3420,38,50,1.32,142,91,64.8,20,11,7,8,21.1,4,4,0,0,0.0,/en/squads/19538871/2025-2026/Manchester-United-Stats
ENG-Premier League,2526,Newcastle,2,38,38,3420,38,55,1.45,168,113,67.3,14,7,17,8,21.1,5,5,0,0,0.0,/en/squads/b2b47a98/2025-2026/Newcastle-United-Stats
ENG-Premier League,2526,Nottingham,4,38,38,3420,38,51,1.34,158,107,67.7,11,11,16,9,23.7,6,5,1,0,16.7,/en/squads/e4a775cb/2025-2026/Nottingham-Forest-Stats
ENG-Premier League,2526,Sunderland,2,38,38,3420,38,48,1.26,166,118,71.1,14,12,12,11,28.9,3,2,1,0,33.3,/en/squads/8ef52968/2025-2026/Sunderland-Stats
ENG-Premier League,2526,Tottenham,2,38,38,3420,38,57,1.5,150,93,62.0,10,11,17,9,23.7,3,3,0,0,0.0,/en/squads/361ca564/2025-2026/Tottenham-Hotspur-Stats
ENG-Premier League,2526,West Ham,2,38,38,3420,38,65,1.71,195,129,66.7,10,9,19,7,18.4,7,6,0,1,0.0,/en/squads/7c21e445/2025-2026/West-Ham-United-Stats
ENG-Premier League,2526,Wolves,3,38,38,3420,38,68,1.79,179,111,62.0,3,11,24,4,10.5,5,5,0,0,0.0,/en/squads/8cec06e1/2025-2026/Wolverhampton-Wanderers-Stats
ESP-La Liga,1415,Almería,2,38,38,3420,38,64,1.68,213,149,70.0,8,8,22,8,21.1,,,,,,/en/squads/78ecf4bb/2014-2015/Almeria-Stats
ESP-La Liga,1415,Athletic Club,2,38,38,3420,38,41,1.08,140,99,70.7,15,10,13,14,36.8,,,,,,/en/squads/2b390eca/2014-2015/Athletic-Club-Stats
ESP-La Liga,1415,Atlético Madrid,2,38,38,3420,38,29,0.76,95,66,69.5,23,9,6,19,50.0,,,,,,/en/squads/db3b9613/2014-2015/Atletico-Madrid-Stats
ESP-La Liga,1415,Barcelona,2,38,38,3420,38,21,0.55,91,70,76.9,30,4,4,23,60.5,,,,,,/en/squads/206d90db/2014-2015/Barcelona-Stats
ESP-La Liga,1415,Celta Vigo,2,38,38,3420,38,44,1.16,148,104,70.3,13,12,13,10,26.3,,,,,,/en/squads/f25da7fb/2014-2015/Celta-Vigo-Stats
ESP-La Liga,1415,Córdoba,2,38,38,3420,38,68,1.79,187,119,63.6,3,11,24,7,18.4,,,,,,/en/squads/6009ff35/2014-2015/Cordoba-Stats
ESP-La Liga,1415,Dep. La Coruña,2,38,38,3420,38,60,1.58,185,125,67.6,7,14,17,12,31.6,,,,,,/en/squads/2a60ed82/2014-2015/Deportivo-La-Coruna-Stats
ESP-La Liga,1415,Eibar,2,38,38,3420,38,55,1.45,193,138,71.5,9,8,21,8,21.1,,,,,,/en/squads/bea5c710/2014-2015/Eibar-Stats
ESP-La Liga,1415,Elche,2,38,38,3415,38,62,1.63,180,118,65.6,11,8,19,9,23.7,,,,,,/en/squads/6c8b07df/2014-2015/Elche-Stats
ESP-La Liga,1415,Espanyol,2,38,38,3420,38,51,1.34,167,116,69.5,13,10,15,13,34.2,,,,,,/en/squads/a8661628/2014-2015/Espanyol-Stats
ESP-La Liga,1415,Getafe,3,38,38,3420,38,64,1.68,174,110,63.2,10,7,21,5,13.2,,,,,,/en/squads/7848bd64/2014-2015/Getafe-Stats
ESP-La Liga,1415,Granada,3,38,38,3420,38,64,1.68,159,95,59.7,7,14,17,11,28.9,,,,,,/en/squads/a0435291/2014-2015/Granada-Stats
ESP-La Liga,1415,Levante,2,38,38,3420,38,67,1.76,180,113,62.8,9,10,19,7,18.4,,,,,,/en/squads/9800b6a1/2014-2015/Levante-Stats
ESP-La Liga,1415,Málaga,1,38,38,3420,38,48,1.26,152,104,68.4,14,8,16,10,26.3,,,,,,/en/squads/1c896955/2014-2015/Malaga-Stats
ESP-La Liga,1415,Rayo Vallecano,3,38,38,3410,38,68,1.79,180,112,62.2,15,4,19,10,26.3,,,,,,/en/squads/98e8af82/2014-2015/Rayo-Vallecano-Stats
ESP-La Liga,1415,Real Madrid,2,38,38,3420,38,38,1.0,132,94,71.2,30,2,6,15,39.5,,,,,,/en/squads/53a2f082/2014-2015/Real-Madrid-Stats
ESP-La Liga,1415,Real Sociedad,2,38,38,3420,38,51,1.34,170,119,70.0,11,13,14,8,21.1,,,,,,/en/squads/e31d1cd9/2014-2015/Real-Sociedad-Stats
ESP-La Liga,1415,Sevilla,3,38,38,3420,38,45,1.18,146,101,69.2,23,7,8,14,36.8,,,,,,/en/squads/ad2be733/2014-2015/Sevilla-Stats
ESP-La Liga,1415,Valencia,2,38,38,3420,38,32,0.84,125,93,74.4,22,11,5,13,34.2,,,,,,/en/squads/dcc91a7b/2014-2015/Valencia-Stats
ESP-La Liga,1415,Villarreal,2,38,38,3420,38,37,0.97,141,104,73.8,16,12,10,16,42.1,,,,,,/en/squads/2a8183b3/2014-2015/Villarreal-Stats
ESP-La Liga,1516,Athletic Club,2,38,38,3417,38,45,1.19,138,93,67.4,18,8,12,13,34.2,7,6,1,0,14.3,/en/squads/2b390eca/2015-2016/Athletic-Club-Stats
ESP-La Liga,1516,Atlético Madrid,1,38,38,3420,38,18,0.47,100,82,82.0,28,4,6,24,63.2,1,1,0,0,0.0,/en/squads/db3b9613/2015-2016/Atletico-Madrid-Stats
ESP-La Liga,1516,Barcelona,2,38,38,3420,38,29,0.76,129,100,77.5,29,4,5,18,47.4,1,1,0,0,0.0,/en/squads/206d90db/2015-2016/Barcelona-Stats
ESP-La Liga,1516,Celta Vigo,3,38,38,3418,38,59,1.55,159,100,62.9,17,9,12,10,26.3,5,3,1,1,25.0,/en/squads/f25da7fb/2015-2016/Celta-Vigo-Stats
ESP-La Liga,1516,Dep. La Coruña,3,38,38,3419,38,61,1.61,153,92,60.1,8,18,12,7,18.4,5,3,1,1,25.0,/en/squads/2a60ed82/2015-2016/Deportivo-La-Coruna-Stats
ESP-La Liga,1516,Eibar,2,38,38,3510,38,62,1.59,158,96,60.8,11,10,17,7,18.4,4,3,1,0,25.0,/en/squads/bea5c710/2015-2016/Eibar-Stats
ESP-La Liga,1516,Espanyol,2,38,38,3420,38,74,1.95,177,103,58.2,12,7,19,7,18.4,6,6,0,0,0.0,/en/squads/a8661628/2015-2016/Espanyol-Stats
ESP-La Liga,1516,Getafe,1,38,38,3420,38,67,1.76,189,122,64.6,9,9,20,8,21.1,11,8,2,1,20.0,/en/squads/7848bd64/2015-2016/Getafe-Stats
ESP-La Liga,1516,Granada,2,38,38,3419,38,69,1.82,176,107,60.8,10,9,19,4,10.5,5,4,0,1,0.0,/en/squads/a0435291/2015-2016/Granada-Stats
ESP-La Liga,1516,Las Palmas,2,38,38,3417,38,53,1.4,184,131,71.2,12,8,18,11,28.9,4,3,0,1,0.0,/en/squads/0049d422/2015-2016/Las-Palmas-Stats
ESP-La Liga,1516,Levante,2,38,38,3420,38,70,1.84,189,119,63.0,8,8,22,6,15.8,7,5,1,1,16.7,/en/squads/9800b6a1/2015-2016/Levante-Stats
ESP-La Liga,1516,Málaga,2,38,38,3420,38,35,0.92,140,105,75.0,12,12,14,12,31.6,2,1,1,0,50.0,/en/squads/1c896955/2015-2016/Malaga-Stats
ESP-La Liga,1516,Rayo Vallecano,3,38,38,3418,38,73,1.92,191,118,61.8,9,11,18,6,15.8,9,7,2,0,22.2,/en/squads/98e8af82/2015-2016/Rayo-Vallecano-Stats
ESP-La Liga,1516,Real Betis,2,38,38,3420,38,52,1.37,186,134,72.0,11,12,15,12,31.6,1,0,0,1,,/en/squads/fc536746/2015-2016/Real-Betis-Stats
ESP-La Liga,1516,Real Madrid,2,38,38,3420,38,34,0.89,137,106,75.2,28,6,4,14,36.8,4,1,3,0,75.0,/en/squads/53a2f082/2015-2016/Real-Madrid-Stats
ESP-La Liga,1516,Real Sociedad,2,38,38,3418,38,48,1.26,157,109,69.4,13,9,16,13,34.2,8,5,1,2,16.7,/en/squads/e31d1cd9/2015-2016/Real-Sociedad-Stats
ESP-La Liga,1516,Sevilla,2,38,38,3420,38,50,1.32,176,126,71.6,14,10,14,11,28.9,3,2,0,1,0.0,/en/squads/ad2be733/2015-2016/Sevilla-Stats
ESP-La Liga,1516,Sporting Gijón,2,38,38,3420,38,62,1.63,202,140,69.3,10,9,19,7,18.4,11,6,3,2,33.3,/en/squads/bb9efd50/2015-2016/Sporting-Gijon-Stats
ESP-La Liga,1516,Valencia,3,38,38,3420,38,48,1.26,181,133,73.5,11,11,16,7,18.4,4,2,2,0,50.0,/en/squads/dcc91a7b/2015-2016/Valencia-Stats
ESP-La Liga,1516,Villarreal,3,38,38,3420,38,35,0.92,134,99,73.9,18,10,10,17,44.7,3,2,1,0,33.3,/en/squads/2a8183b3/2015-2016/Villarreal-Stats
ESP-La Liga,1617,Alavés,2,38,38,3420,38,43,1.13,162,119,73.5,14,13,11,12,31.6,6,4,2,0,33.3,/en/squads/8d6fd021/2016-2017/Alaves-Stats
ESP-La Liga,1617,Athletic Club,2,38,38,3420,38,43,1.13,122,79,64.8,19,6,13,10,26.3,3,1,2,0,66.7,/en/squads/2b390eca/2016-2017/Athletic-Club-Stats
ESP-La Liga,1617,Atlético Madrid,2,38,38,3420,38,27,0.71,111,87,75.7,23,9,6,20,52.6,4,3,1,0,25.0,/en/squads/db3b9613/2016-2017/Atletico-Madrid-Stats
ESP-La Liga,1617,Barcelona,3,38,38,3420,38,37,0.97,160,123,76.9,28,6,4,13,34.2,0,0,0,0,,/en/squads/206d90db/2016-2017/Barcelona-Stats
ESP-La Liga,1617,Celta Vigo,3,38,38,3420,38,69,1.82,190,121,63.7,13,6,19,7,18.4,10,9,0,1,0.0,/en/squads/f25da7fb/2016-2017/Celta-Vigo-Stats
ESP-La Liga,1617,Dep. La Coruña,3,38,38,3420,38,61,1.61,171,110,64.3,8,12,18,9,23.7,3,3,0,0,0.0,/en/squads/2a60ed82/2016-2017/Deportivo-La-Coruna-Stats
ESP-La Liga,1617,Eibar,3,38,38,3413,38,51,1.34,158,107,67.7,15,9,14,10,26.3,6,5,1,0,16.7,/en/squads/bea5c710/2016-2017/Eibar-Stats
ESP-La Liga,1617,Espanyol,2,38,38,3420,38,50,1.32,177,127,71.8,15,11,12,11,28.9,2,2,0,0,0.0,/en/squads/a8661628/2016-2017/Espanyol-Stats
ESP-La Liga,1617,Granada,1,38,38,3420,38,82,2.16,245,163,66.5,4,8,26,3,7.9,4,2,1,1,33.3,/en/squads/a0435291/2016-2017/Granada-Stats
ESP-La Liga,1617,Las Palmas,2,38,38,3420,38,74,1.95,176,102,58.0,10,9,19,5,13.2,11,11,0,0,0.0,/en/squads/0049d422/2016-2017/Las-Palmas-Stats
ESP-La Liga,1617,Leganés,5,38,38,3416,38,55,1.45,144,89,61.8,8,11,19,11,28.9,7,6,1,0,14.3,/en/squads/7c6f2c78/2016-2017/Leganes-Stats
ESP-La Liga,1617,Málaga,2,38,38,3420,38,55,1.45,150,95,63.3,12,10,16,8,21.1,7,6,1,0,14.3,/en/squads/1c896955/2016-2017/Malaga-Stats
ESP-La Liga,1617,Osasuna,4,38,38,3420,38,94,2.47,200,106,53.0,4,10,24,2,5.3,8,4,3,1,42.9,/en/squads/03c57e2b/2016-2017/Osasuna-Stats
ESP-La Liga,1617,Real Betis,2,38,38,3420,38,64,1.68,192,128,66.7,10,9,19,10,26.3,5,4,1,0,20.0,/en/squads/fc536746/2016-2017/Real-Betis-Stats
ESP-La Liga,1617,Real Madrid,2,38,38,3420,38,41,1.08,146,105,71.9,29,6,3,10,26.3,4,2,1,1,33.3,/en/squads/53a2f082/2016-2017/Real-Madrid-Stats
ESP-La Liga,1617,Real Sociedad,1,38,38,3420,38,53,1.39,161,108,67.1,19,7,12,10,26.3,7,4,1,2,20.0,/en/squads/e31d1cd9/2016-2017/Real-Sociedad-Stats
ESP-La Liga,1617,Sevilla,3,38,38,3417,38,48,1.26,166,118,71.1,21,9,8,13,34.2,5,4,1,0,20.0,/en/squads/ad2be733/2016-2017/Sevilla-Stats
ESP-La Liga,1617,Sporting Gijón,2,38,38,3420,38,72,1.89,204,132,64.7,7,10,21,7,18.4,9,7,2,0,22.2,/en/squads/bb9efd50/2016-2017/Sporting-Gijon-Stats
ESP-La Liga,1617,Valencia,3,38,38,3420,38,65,1.71,165,100,60.6,13,7,18,7,18.4,13,6,5,2,45.5,/en/squads/dcc91a7b/2016-2017/Valencia-Stats
ESP-La Liga,1617,Villarreal,2,38,38,3420,38,33,0.87,154,121,78.6,19,10,9,16,42.1,6,5,1,0,16.7,/en/squads/2a8183b3/2016-2017/Villarreal-Stats
ESP-La Liga,1718,Alavés,2,38,38,3420,38,50,1.32,172,122,70.9,15,2,21,12,31.6,10,7,2,1,22.2,/en/squads/8d6fd021/2017-2018/Alaves-Stats
ESP-La Liga,1718,Athletic Club,2,38,38,3420,38,49,1.29,166,117,70.5,10,13,15,11,28.9,6,3,3,0,50.0,/en/squads/2b390eca/2017-2018/Athletic-Club-Stats
ESP-La Liga,1718,Atlético Madrid,2,38,38,3420,38,22,0.58,129,105,82.9,23,10,5,23,60.5,4,1,3,0,75.0,/en/squads/db3b9613/2017-2018/Atletico-Madrid-Stats
ESP-La Liga,1718,Barcelona,2,38,38,3420,38,29,0.76,133,104,78.2,28,9,1,19,50.0,2,2,0,0,0.0,/en/squads/206d90db/2017-2018/Barcelona-Stats
ESP-La Liga,1718,Celta Vigo,3,38,38,3416,38,60,1.58,161,102,62.7,13,10,15,7,18.4,5,4,0,1,0.0,/en/squads/f25da7fb/2017-2018/Celta-Vigo-Stats
ESP-La Liga,1718,Dep. La Coruña,5,38,38,3415,38,76,2.0,179,105,57.5,6,11,21,6,15.8,5,4,1,0,20.0,/en/squads/2a60ed82/2017-2018/Deportivo-La-Coruna-Stats
ESP-La Liga,1718,Eibar,3,38,38,3420,38,50,1.32,134,87,62.7,14,9,15,11,28.9,4,4,0,0,0.0,/en/squads/bea5c710/2017-2018/Eibar-Stats
ESP-La Liga,1718,Espanyol,2,38,38,3420,38,42,1.11,164,122,74.4,12,13,13,12,31.6,6,4,2,0,33.3,/en/squads/a8661628/2017-2018/Espanyol-Stats
ESP-La Liga,1718,Getafe,2,38,38,3420,38,33,0.87,130,96,74.6,15,10,13,14,36.8,4,2,1,1,33.3,/en/squads/7848bd64/2017-2018/Getafe-Stats
ESP-La Liga,1718,Girona,2,38,38,3420,38,59,1.55,175,119,66.3,14,9,15,11,28.9,5,4,0,1,0.0,/en/squads/9024a00a/2017-2018/Girona-Stats
ESP-La Liga,1718,Las Palmas,2,38,38,3420,38,74,1.95,215,142,65.6,5,7,26,5,13.2,5,5,0,0,0.0,/en/squads/0049d422/2017-2018/Las-Palmas-Stats
ESP-La Liga,1718,Leganés,3,38,38,3420,38,51,1.34,156,104,67.3,12,7,19,14,36.8,7,6,1,0,14.3,/en/squads/7c6f2c78/2017-2018/Leganes-Stats
ESP-La Liga,1718,Levante,3,38,38,3420,38,58,1.53,183,127,68.3,11,13,14,10,26.3,6,5,0,1,0.0,/en/squads/9800b6a1/2017-2018/Levante-Stats
ESP-La Liga,1718,Málaga,2,38,38,3420,38,61,1.61,170,108,64.1,5,5,28,6,15.8,7,6,1,0,14.3,/en/squads/1c896955/2017-2018/Malaga-Stats
ESP-La Liga,1718,Real Betis,3,38,38,3420,38,61,1.61,156,98,60.9,18,6,14,13,34.2,4,3,1,0,25.0,/en/squads/fc536746/2017-2018/Real-Betis-Stats
ESP-La Liga,1718,Real Madrid,3,38,38,3420,38,44,1.16,144,100,69.4,22,10,6,10,26.3,4,2,2,0,50.0,/en/squads/53a2f082/2017-2018/Real-Madrid-Stats
ESP-La Liga,1718,Real Sociedad,3,38,38,3420,38,59,1.55,149,90,60.4,14,7,17,10,26.3,8,6,2,0,25.0,/en/squads/e31d1cd9/2017-2018/Real-Sociedad-Stats
ESP-La Liga,1718,Sevilla,2,38,38,3420,38,58,1.53,150,92,61.3,17,7,14,14,36.8,8,5,1,2,16.7,/en/squads/ad2be733/2017-2018/Sevilla-Stats
ESP-La Liga,1718,Valencia,2,38,38,3420,38,38,1.0,164,124,76.8,22,7,9,12,31.6,5,3,2,0,40.0,/en/squads/dcc91a7b/2017-2018/Valencia-Stats
ESP-La Liga,1718,Villarreal,3,38,38,3420,38,50,1.32,157,104,68.2,18,7,13,11,28.9,8,5,3,0,37.5,/en/squads/2a8183b3/2017-2018/Villarreal-Stats
ESP-La Liga,1819,Alavés,2,38,38,3420,38,50,1.32,167,119,70.1,13,11,14,8,21.1,6,6,0,0,0.0,/en/squads/8d6fd021/2018-2019/Alaves-Stats
ESP-La Liga,1819,Athletic Club,2,38,38,3420,38,45,1.18,120,75,62.5,13,14,11,10,26.3,5,5,0,0,0.0,/en/squads/2b390eca/2018-2019/Athletic-Club-Stats
ESP-La Liga,1819,Atlético Madrid,2,38,38,3420,38,29,0.76,136,109,78.7,22,10,6,20,52.6,5,5,0,0,0.0,/en/squads/db3b9613/2018-2019/Atletico-Madrid-Stats
ESP-La Liga,1819,Barcelona,2,38,38,3420,38,36,0.95,130,95,72.3,26,9,3,17,44.7,2,2,0,0,0.0,/en/squads/206d90db/2018-2019/Barcelona-Stats
ESP-La Liga,1819,Celta Vigo,2,38,38,3420,38,62,1.63,167,106,62.9,10,11,17,8,21.1,7,6,0,1,0.0,/en/squads/f25da7fb/2018-2019/Celta-Vigo-Stats
ESP-La Liga,1819,Eibar,2,38,38,3420,38,50,1.32,132,82,62.1,11,14,13,9,23.7,4,3,1,0,25.0,/en/squads/bea5c710/2018-2019/Eibar-Stats
ESP-La Liga,1819,Espanyol,1,38,38,3420,38,50,1.32,167,117,70.1,14,11,13,10,26.3,8,6,2,0,25.0,/en/squads/a8661628/2018-2019/Espanyol-Stats
ESP-La Liga,1819,Getafe,2,38,38,3420,38,35,0.92,134,99,73.9,15,14,9,13,34.2,6,4,1,1,20.0,/en/squads/7848bd64/2018-2019/Getafe-Stats
ESP-La Liga,1819,Girona,2,38,38,3420,38,53,1.39,206,154,74.3,9,10,19,9,23.7,8,8,0,0,0.0,/en/squads/9024a00a/2018-2019/Girona-Stats
ESP-La Liga,1819,Huesca,3,38,38,3420,38,65,1.71,174,112,62.6,7,12,19,6,15.8,9,9,0,0,0.0,/en/squads/c6c493e6/2018-2019/Huesca-Stats
ESP-La Liga,1819,Leganés,2,38,38,3420,38,43,1.13,134,91,67.9,11,12,15,11,28.9,4,3,1,0,25.0,/en/squads/7c6f2c78/2018-2019/Leganes-Stats
ESP-La Liga,1819,Levante,3,38,38,3420,38,66,1.74,226,161,70.8,11,11,16,7,18.4,9,8,1,0,11.1,/en/squads/9800b6a1/2018-2019/Levante-Stats
ESP-La Liga,1819,Rayo Vallecano,2,38,38,3420,38,70,1.84,182,109,61.5,8,8,22,7,18.4,11,7,4,0,36.4,/en/squads/98e8af82/2018-2019/Rayo-Vallecano-Stats
ESP-La Liga,1819,Real Betis,2,38,38,3420,38,52,1.37,155,102,66.5,14,8,16,11,28.9,5,4,1,0,20.0,/en/squads/fc536746/2018-2019/Real-Betis-Stats
ESP-La Liga,1819,Real Madrid,3,38,38,3420,38,46,1.21,138,91,66.7,21,5,12,12,31.6,8,6,1,1,14.3,/en/squads/53a2f082/2018-2019/Real-Madrid-Stats
ESP-La Liga,1819,Real Sociedad,2,38,38,3420,38,46,1.21,142,97,67.6,13,11,14,9,23.7,3,2,1,0,33.3,/en/squads/e31d1cd9/2018-2019/Real-Sociedad-Stats
ESP-La Liga,1819,Sevilla,3,38,38,3419,38,47,1.24,156,108,69.9,17,8,13,10,26.3,7,6,1,0,14.3,/en/squads/ad2be733/2018-2019/Sevilla-Stats
ESP-La Liga,1819,Valencia,2,38,38,3420,38,35,0.92,152,118,77.0,15,16,7,13,34.2,8,7,1,0,12.5,/en/squads/dcc91a7b/2018-2019/Valencia-Stats
ESP-La Liga,1819,Valladolid,2,38,38,3420,38,51,1.34,155,102,67.1,10,11,17,9,23.7,9,6,3,0,33.3,/en/squads/17859612/2018-2019/Valladolid-Stats
ESP-La Liga,1819,Villarreal,2,38,38,3420,38,52,1.37,185,135,71.9,10,14,14,11,28.9,5,3,1,1,25.0,/en/squads/2a8183b3/2018-2019/Villarreal-Stats
ESP-La Liga,1920,Alavés,3,38,38,3418,38,59,1.55,161,99,63.4,10,9,19,9,23.7,15,12,3,0,20.0,/en/squads/8d6fd021/2019-2020/Alaves-Stats
ESP-La Liga,1920,Athletic Club,2,38,38,3416,38,38,1.0,128,92,70.3,13,12,13,12,31.6,7,5,0,2,0.0,/en/squads/2b390eca/2019-2020/Athletic-Club-Stats
ESP-La Liga,1920,Atlético Madrid,2,38,38,3420,38,27,0.71,115,88,76.5,18,16,4,17,44.7,4,3,0,1,0.0,/en/squads/db3b9613/2019-2020/Atletico-Madrid-Stats
ESP-La Liga,1920,Barcelona,2,38,38,3420,38,38,1.0,119,80,68.1,25,7,6,15,39.5,7,6,1,0,14.3,/en/squads/206d90db/2019-2020/Barcelona-Stats
ESP-La Liga,1920,Celta Vigo,3,38,38,3420,38,49,1.29,149,100,67.1,7,16,15,12,31.6,5,5,0,0,0.0,/en/squads/f25da7fb/2019-2020/Celta-Vigo-Stats
ESP-La Liga,1920,Eibar,2,38,38,3420,38,56,1.47,138,81,59.4,11,9,18,11,28.9,6,4,2,0,33.3,/en/squads/bea5c710/2019-2020/Eibar-Stats
ESP-La Liga,1920,Espanyol,2,38,38,3412,38,58,1.53,163,106,64.4,5,10,23,6,15.8,7,6,1,0,14.3,/en/squads/a8661628/2019-2020/Espanyol-Stats
ESP-La Liga,1920,Getafe,1,38,38,3420,38,37,0.97,109,73,66.1,14,12,12,15,39.5,6,5,1,0,16.7,/en/squads/7848bd64/2019-2020/Getafe-Stats
ESP-La Liga,1920,Granada,2,38,38,3420,38,45,1.18,156,110,71.2,16,8,14,13,34.2,5,4,1,0,20.0,/en/squads/a0435291/2019-2020/Granada-Stats
ESP-La Liga,1920,Leganés,2,38,38,3419,38,51,1.34,138,87,63.0,8,12,18,9,23.7,7,6,1,0,14.3,/en/squads/7c6f2c78/2019-2020/Leganes-Stats
ESP-La Liga,1920,Levante,2,38,38,3420,38,53,1.39,215,161,75.3,14,7,17,6,15.8,6,3,2,1,40.0,/en/squads/9800b6a1/2019-2020/Levante-Stats
ESP-La Liga,1920,Mallorca,3,38,38,3420,38,65,1.71,190,125,65.8,9,6,23,5,13.2,16,15,1,0,6.3,/en/squads/2aa12281/2019-2020/Mallorca-Stats
ESP-La Liga,1920,Osasuna,3,38,38,3418,38,54,1.42,143,89,62.2,13,13,12,11,28.9,5,5,0,0,0.0,/en/squads/03c57e2b/2019-2020/Osasuna-Stats
ESP-La Liga,1920,Real Betis,2,38,38,3418,38,60,1.58,154,95,61.0,10,11,17,6,15.8,11,11,0,0,0.0,/en/squads/fc536746/2019-2020/Real-Betis-Stats
ESP-La Liga,1920,Real Madrid,2,38,38,3420,38,25,0.66,110,85,77.3,26,9,3,19,50.0,2,2,0,0,0.0,/en/squads/53a2f082/2019-2020/Real-Madrid-Stats
ESP-La Liga,1920,Real Sociedad,2,38,38,3420,38,48,1.26,144,96,66.7,16,8,14,9,23.7,9,7,1,1,12.5,/en/squads/e31d1cd9/2019-2020/Real-Sociedad-Stats
ESP-La Liga,1920,Sevilla,2,38,38,3420,38,34,0.89,117,83,70.9,19,13,6,17,44.7,4,3,1,0,25.0,/en/squads/ad2be733/2019-2020/Sevilla-Stats
ESP-La Liga,1920,Valencia,2,38,38,3420,38,53,1.39,190,136,72.1,14,11,13,8,21.1,9,7,2,0,22.2,/en/squads/dcc91a7b/2019-2020/Valencia-Stats
ESP-La Liga,1920,Valladolid,3,38,38,3420,38,43,1.13,139,95,69.1,9,15,14,12,31.6,8,7,1,0,12.5,/en/squads/17859612/2019-2020/Valladolid-Stats
ESP-La Liga,1920,Villarreal,2,38,38,3420,38,49,1.29,164,116,70.1,18,6,14,12,31.6,9,8,1,0,11.1,/en/squads/2a8183b3/2019-2020/Villarreal-Stats
ESP-La Liga,2021,Alavés,2,38,38,3420,38,57,1.5,142,85,59.9,9,11,18,9,23.7,3,3,0,0,0.0,/en/squads/8d6fd021/2020-2021/Alaves-Stats
ESP-La Liga,2021,Athletic Club,2,38,38,3420,38,42,1.11,111,69,62.2,11,13,14,9,23.7,6,5,1,0,16.7,/en/squads/2b390eca/2020-2021/Athletic-Club-Stats
ESP-La Liga,2021,Atlético Madrid,1,38,38,3420,38,25,0.66,122,98,79.5,26,8,4,18,47.4,4,1,2,1,66.7,/en/squads/db3b9613/2020-2021/Atletico-Madrid-Stats
ESP-La Liga,2021,Barcelona,2,38,38,3420,38,38,1.0,130,94,70.8,24,7,7,14,36.8,5,5,0,0,0.0,/en/squads/206d90db/2020-2021/Barcelona-Stats
ESP-La Liga,2021,Celta Vigo,2,38,38,3418,38,57,1.5,138,81,58.7,14,11,13,9,23.7,8,7,1,0,12.5,/en/squads/f25da7fb/2020-2021/Celta-Vigo-Stats
ESP-La Liga,2021,Cádiz,3,38,38,3420,38,58,1.53,150,91,61.3,11,11,16,10,26.3,10,9,1,0,10.0,/en/squads/ee7c297c/2020-2021/Cadiz-Stats
ESP-La Liga,2021,Eibar,2,38,38,3420,38,52,1.37,135,82,61.5,6,12,20,9,23.7,5,3,1,1,25.0,/en/squads/bea5c710/2020-2021/Eibar-Stats
ESP-La Liga,2021,Elche,2,38,38,3420,38,55,1.45,163,106,66.3,8,12,18,7,18.4,10,6,3,1,33.3,/en/squads/6c8b07df/2020-2021/Elche-Stats
ESP-La Liga,2021,Getafe,2,38,38,3420,38,43,1.13,111,70,61.3,9,11,18,14,36.8,8,7,1,0,12.5,/en/squads/7848bd64/2020-2021/Getafe-Stats
ESP-La Liga,2021,Granada,3,38,38,3420,38,65,1.71,170,101,61.8,13,7,18,9,23.7,12,6,5,1,45.5,/en/squads/a0435291/2020-2021/Granada-Stats
ESP-La Liga,2021,Huesca,2,38,38,3420,38,53,1.39,149,98,64.4,7,13,18,9,23.7,5,5,0,0,0.0,/en/squads/c6c493e6/2020-2021/Huesca-Stats
ESP-La Liga,2021,Levante,3,38,38,3420,38,57,1.5,163,108,65.0,9,14,15,4,10.5,4,3,0,1,0.0,/en/squads/9800b6a1/2020-2021/Levante-Stats
ESP-La Liga,2021,Osasuna,3,38,38,3415,38,48,1.27,142,94,66.2,11,11,16,11,28.9,8,5,2,1,28.6,/en/squads/03c57e2b/2020-2021/Osasuna-Stats
ESP-La Liga,2021,Real Betis,2,38,38,3420,38,50,1.32,136,87,63.2,17,10,11,13,34.2,10,8,2,0,20.0,/en/squads/fc536746/2020-2021/Real-Betis-Stats
ESP-La Liga,2021,Real Madrid,1,38,38,3420,38,28,0.74,116,88,75.9,25,9,4,17,44.7,8,7,1,0,12.5,/en/squads/53a2f082/2020-2021/Real-Madrid-Stats
ESP-La Liga,2021,Real Sociedad,1,38,38,3420,38,38,1.0,105,67,63.8,17,11,10,14,36.8,5,3,1,1,25.0,/en/squads/e31d1cd9/2020-2021/Real-Sociedad-Stats
ESP-La Liga,2021,Sevilla,2,38,38,3420,38,33,0.87,120,87,72.5,24,5,9,17,44.7,6,4,2,0,33.3,/en/squads/ad2be733/2020-2021/Sevilla-Stats
ESP-La Liga,2021,Valencia,2,38,38,3420,38,53,1.39,175,121,69.7,10,13,15,7,18.4,8,5,3,0,37.5,/en/squads/dcc91a7b/2020-2021/Valencia-Stats
ESP-La Liga,2021,Valladolid,2,38,38,3420,38,57,1.5,161,104,64.6,5,16,17,3,7.9,7,6,0,1,0.0,/en/squads/17859612/2020-2021/Valladolid-Stats
ESP-La Liga,2021,Villarreal,2,38,38,3420,38,44,1.16,126,83,65.1,15,13,10,10,26.3,9,7,1,1,12.5,/en/squads/2a8183b3/2020-2021/Villarreal-Stats
ESP-La Liga,2122,Alavés,3,38,38,3420,38,65,1.71,168,100,61.3,8,7,23,6,15.8,9,6,3,0,33.3,/en/squads/8d6fd021/2021-2022/Alaves-Stats
ESP-La Liga,2122,Athletic Club,2,38,38,3420,38,36,0.95,131,96,72.5,14,13,11,13,34.2,3,3,0,0,0.0,/en/squads/2b390eca/2021-2022/Athletic-Club-Stats
ESP-La Liga,2122,Atlético Madrid,1,38,38,3420,38,43,1.13,106,65,59.4,21,8,9,12,31.6,8,7,1,0,12.5,/en/squads/db3b9613/2021-2022/Atletico-Madrid-Stats
ESP-La Liga,2122,Barcelona,2,38,38,3420,38,38,1.0,123,84,69.1,21,10,7,11,28.9,3,2,1,0,33.3,/en/squads/206d90db/2021-2022/Barcelona-Stats
ESP-La Liga,2122,Celta Vigo,1,38,38,3420,38,43,1.13,136,91,68.4,12,10,16,14,36.8,8,4,4,0,50.0,/en/squads/f25da7fb/2021-2022/Celta-Vigo-Stats
ESP-La Liga,2122,Cádiz,1,38,38,3420,38,51,1.34,170,117,70.0,8,15,15,13,34.2,13,11,2,0,15.4,/en/squads/ee7c297c/2021-2022/Cadiz-Stats
ESP-La Liga,2122,Elche,2,38,38,3420,38,52,1.37,174,121,70.1,11,9,18,8,21.1,9,7,1,1,12.5,/en/squads/6c8b07df/2021-2022/Elche-Stats
ESP-La Liga,2122,Espanyol,3,38,38,3420,38,53,1.39,169,118,68.6,10,12,16,10,26.3,5,4,0,1,0.0,/en/squads/a8661628/2021-2022/Espanyol-Stats
ESP-La Liga,2122,Getafe,2,38,38,3420,38,41,1.08,132,91,68.9,8,15,15,14,36.8,4,2,1,1,33.3,/en/squads/7848bd64/2021-2022/Getafe-Stats
ESP-La Liga,2122,Granada,2,38,38,3420,38,61,1.61,193,132,68.4,8,14,16,8,21.1,9,7,2,0,22.2,/en/squads/a0435291/2021-2022/Granada-Stats
ESP-La Liga,2122,Levante,4,38,38,3420,38,76,2.0,203,126,62.6,8,11,19,7,18.4,6,5,1,0,16.7,/en/squads/9800b6a1/2021-2022/Levante-Stats
ESP-La Liga,2122,Mallorca,4,38,38,3420,38,63,1.66,152,91,58.6,10,9,19,9,23.7,8,6,2,0,25.0,/en/squads/2aa12281/2021-2022/Mallorca-Stats
ESP-La Liga,2122,Osasuna,2,38,38,3420,38,51,1.34,151,99,66.2,12,11,15,12,31.6,7,4,3,0,42.9,/en/squads/03c57e2b/2021-2022/Osasuna-Stats
ESP-La Liga,2122,Rayo Vallecano,2,38,38,3417,38,50,1.32,163,112,69.3,11,9,18,9,23.7,9,7,2,0,22.2,/en/squads/98e8af82/2021-2022/Rayo-Vallecano-Stats
ESP-La Liga,2122,Real Betis,2,38,38,3420,38,40,1.05,132,94,69.7,19,8,11,13,34.2,3,3,0,0,0.0,/en/squads/fc536746/2021-2022/Real-Betis-Stats
ESP-La Liga,2122,Real Madrid,2,38,38,3420,38,31,0.82,129,97,76.0,26,8,4,16,42.1,5,3,2,0,40.0,/en/squads/53a2f082/2021-2022/Real-Madrid-Stats
ESP-La Liga,2122,Real Sociedad,2,38,38,3420,38,37,0.97,127,89,70.9,17,11,10,20,52.6,6,5,1,0,16.7,/en/squads/e31d1cd9/2021-2022/Real-Sociedad-Stats
ESP-La Liga,2122,Sevilla,3,38,38,3420,38,30,0.79,121,90,75.2,18,16,4,17,44.7,4,2,1,1,33.3,/en/squads/ad2be733/2021-2022/Sevilla-Stats
ESP-La Liga,2122,Valencia,3,38,38,3420,38,53,1.39,163,112,67.5,11,15,12,12,31.6,8,7,1,0,12.5,/en/squads/dcc91a7b/2021-2022/Valencia-Stats
ESP-La Liga,2122,Villarreal,2,38,38,3420,38,37,0.97,128,91,71.1,16,11,11,14,36.8,5,4,1,0,20.0,/en/squads/2a8183b3/2021-2022/Villarreal-Stats
ESP-La Liga,2223,Almería,3,38,38,3420,38,65,1.71,203,138,68.0,11,8,19,4,10.5,6,4,1,1,20.0,/en/squads/78ecf4bb/2022-2023/Almeria-Stats
ESP-La Liga,2223,Athletic Club,2,38,38,3420,38,43,1.13,126,83,65.9,14,9,15,11,28.9,3,3,0,0,0.0,/en/squads/2b390eca/2022-2023/Athletic-Club-Stats
ESP-La Liga,2223,Atlético Madrid,3,38,38,3420,38,33,0.87,128,95,74.2,23,8,7,13,34.2,5,4,0,1,0.0,/en/squads/db3b9613/2022-2023/Atletico-Madrid-Stats
ESP-La Liga,2223,Barcelona,2,38,38,3420,38,20,0.53,105,85,81.0,28,4,6,26,68.4,3,3,0,0,0.0,/en/squads/206d90db/2022-2023/Barcelona-Stats
ESP-La Liga,2223,Celta Vigo,2,38,38,3420,38,53,1.39,134,80,60.4,11,10,17,10,26.3,8,5,2,1,28.6,/en/squads/f25da7fb/2022-2023/Celta-Vigo-Stats
ESP-La Liga,2223,Cádiz,2,38,38,3420,38,53,1.39,202,148,73.8,10,12,16,13,34.2,10,9,1,0,10.0,/en/squads/ee7c297c/2022-2023/Cadiz-Stats
ESP-La Liga,2223,Elche,2,38,38,3420,38,67,1.76,208,140,67.8,5,10,23,4,10.5,10,7,3,0,30.0,/en/squads/6c8b07df/2022-2023/Elche-Stats
ESP-La Liga,2223,Espanyol,4,38,38,3419,38,69,1.82,183,115,62.3,8,13,17,6,15.8,6,5,1,0,16.7,/en/squads/a8661628/2022-2023/Espanyol-Stats
ESP-La Liga,2223,Getafe,1,38,38,3420,38,45,1.18,166,119,72.9,10,12,16,13,34.2,8,4,4,0,50.0,/en/squads/7848bd64/2022-2023/Getafe-Stats
ESP-La Liga,2223,Girona,2,38,38,3420,38,55,1.45,168,112,67.3,13,10,15,4,10.5,8,6,1,1,14.3,/en/squads/9024a00a/2022-2023/Girona-Stats
ESP-La Liga,2223,Mallorca,3,38,38,3420,38,43,1.13,145,101,70.3,14,8,16,13,34.2,7,6,1,0,14.3,/en/squads/2aa12281/2022-2023/Mallorca-Stats
ESP-La Liga,2223,Osasuna,2,38,38,3420,38,42,1.11,148,107,71.6,15,8,15,11,28.9,4,1,1,2,50.0,/en/squads/03c57e2b/2022-2023/Osasuna-Stats
ESP-La Liga,2223,Rayo Vallecano,2,38,38,3420,38,53,1.39,148,95,64.2,13,10,15,9,23.7,5,4,0,1,0.0,/en/squads/98e8af82/2022-2023/Rayo-Vallecano-Stats
ESP-La Liga,2223,Real Betis,2,38,38,3420,38,41,1.08,146,106,71.9,17,9,12,13,34.2,3,3,0,0,0.0,/en/squads/fc536746/2022-2023/Real-Betis-Stats
ESP-La Liga,2223,Real Madrid,2,38,38,3420,38,36,0.95,136,100,73.5,24,6,8,13,34.2,5,4,1,0,20.0,/en/squads/53a2f082/2022-2023/Real-Madrid-Stats
ESP-La Liga,2223,Real Sociedad,1,38,38,3420,38,35,0.92,133,99,73.7,21,8,9,15,39.5,2,1,1,0,50.0,/en/squads/e31d1cd9/2022-2023/Real-Sociedad-Stats
ESP-La Liga,2223,Sevilla,2,38,38,3420,38,54,1.42,161,109,66.5,13,10,15,9,23.7,3,2,1,0,33.3,/en/squads/ad2be733/2022-2023/Sevilla-Stats
ESP-La Liga,2223,Valencia,1,38,38,3420,38,45,1.18,150,105,70.0,11,9,18,7,18.4,5,2,0,3,0.0,/en/squads/dcc91a7b/2022-2023/Valencia-Stats
ESP-La Liga,2223,Valladolid,3,38,38,3420,38,63,1.66,199,134,68.3,11,7,20,9,23.7,10,6,3,1,33.3,/en/squads/17859612/2022-2023/Valladolid-Stats
ESP-La Liga,2223,Villarreal,3,38,38,3420,38,40,1.05,149,110,73.2,19,7,12,12,31.6,4,4,0,0,0.0,/en/squads/2a8183b3/2022-2023/Villarreal-Stats
ESP-La Liga,2324,Alavés,2,38,38,3420,38,46,1.21,147,103,68.7,12,10,16,11,28.9,8,8,0,0,0.0,/en/squads/8d6fd021/2023-2024/Alaves-Stats
ESP-La Liga,2324,Almería,3,38,38,3420,38,75,1.97,202,126,62.9,3,12,23,6,15.8,9,6,1,2,14.3,/en/squads/78ecf4bb/2023-2024/Almeria-Stats
ESP-La Liga,2324,Athletic Club,2,38,38,3420,38,37,0.97,134,98,72.4,19,11,8,18,47.4,5,1,3,1,75.0,/en/squads/2b390eca/2023-2024/Athletic-Club-Stats
ESP-La Liga,2324,Atlético Madrid,1,38,38,3420,38,43,1.13,144,101,70.1,24,4,10,13,34.2,2,1,0,1,0.0,/en/squads/db3b9613/2023-2024/Atletico-Madrid-Stats
ESP-La Liga,2324,Barcelona,2,38,38,3420,38,44,1.16,141,97,68.8,26,7,5,17,44.7,2,2,0,0,0.0,/en/squads/206d90db/2023-2024/Barcelona-Stats
ESP-La Liga,2324,Celta Vigo,2,38,38,3417,38,57,1.5,164,109,65.2,10,11,17,6,15.8,8,6,1,1,14.3,/en/squads/f25da7fb/2023-2024/Celta-Vigo-Stats
ESP-La Liga,2324,Cádiz,2,38,38,3420,38,55,1.45,175,121,68.6,6,15,17,10,26.3,2,2,0,0,0.0,/en/squads/ee7c297c/2023-2024/Cadiz-Stats
ESP-La Liga,2324,Getafe,2,38,38,3420,38,54,1.42,173,118,68.8,10,13,15,10,26.3,7,5,1,1,16.7,/en/squads/7848bd64/2023-2024/Getafe-Stats
ESP-La Liga,2324,Girona,1,38,38,3420,38,46,1.21,168,121,72.6,25,6,7,12,31.6,7,5,1,1,16.7,/en/squads/9024a00a/2023-2024/Girona-Stats
ESP-La Liga,2324,Granada,4,38,38,3420,38,79,2.08,203,126,61.1,4,9,25,3,7.9,6,5,0,1,0.0,/en/squads/a0435291/2023-2024/Granada-Stats
ESP-La Liga,2324,Las Palmas,2,38,38,3416,38,47,1.24,156,109,69.9,10,10,18,8,21.1,9,5,3,1,37.5,/en/squads/0049d422/2023-2024/Las-Palmas-Stats
ESP-La Liga,2324,Mallorca,3,38,38,3420,38,44,1.16,148,104,70.3,8,16,14,10,26.3,5,4,1,0,20.0,/en/squads/2aa12281/2023-2024/Mallorca-Stats
ESP-La Liga,2324,Osasuna,2,38,38,3420,38,56,1.47,152,95,63.2,12,9,17,10,26.3,2,1,1,0,50.0,/en/squads/03c57e2b/2023-2024/Osasuna-Stats
ESP-La Liga,2324,Rayo Vallecano,2,38,38,3420,38,48,1.26,151,104,68.2,8,14,16,13,34.2,2,1,1,0,50.0,/en/squads/98e8af82/2023-2024/Rayo-Vallecano-Stats
ESP-La Liga,2324,Real Betis,3,38,38,3420,38,45,1.18,158,115,71.5,14,15,9,13,34.2,8,7,1,0,12.5,/en/squads/fc536746/2023-2024/Real-Betis-Stats
ESP-La Liga,2324,Real Madrid,3,38,38,3420,38,26,0.68,119,93,78.2,29,8,1,21,55.3,1,1,0,0,0.0,/en/squads/53a2f082/2023-2024/Real-Madrid-Stats
ESP-La Liga,2324,Real Sociedad,2,38,38,3417,38,39,1.03,135,96,71.1,16,12,10,15,39.5,7,6,1,0,14.3,/en/squads/e31d1cd9/2023-2024/Real-Sociedad-Stats
ESP-La Liga,2324,Sevilla,3,38,38,3420,38,54,1.42,175,123,69.1,10,11,17,8,21.1,5,5,0,0,0.0,/en/squads/ad2be733/2023-2024/Sevilla-Stats
ESP-La Liga,2324,Valencia,3,38,38,3420,38,45,1.18,160,114,71.9,13,10,15,13,34.2,6,3,3,0,50.0,/en/squads/dcc91a7b/2023-2024/Valencia-Stats
ESP-La Liga,2324,Villarreal,2,38,38,3420,38,65,1.71,214,150,69.6,14,11,13,6,15.8,6,6,0,0,0.0,/en/squads/2a8183b3/2023-2024/Villarreal-Stats
ESP-La Liga,2425,Alavés,3,38,38,3419,38,48,1.26,132,86,63.6,10,12,16,9,23.7,11,11,0,0,0.0,/en/squads/8d6fd021/2024-2025/Alaves-Stats
ESP-La Liga,2425,Athletic Club,3,38,38,3417,38,29,0.76,113,83,74.3,19,13,6,15,39.5,5,3,2,0,40.0,/en/squads/2b390eca/2024-2025/Athletic-Club-Stats
ESP-La Liga,2425,Atlético Madrid,2,38,38,3420,38,30,0.79,116,88,74.1,22,10,6,17,44.7,5,5,0,0,0.0,/en/squads/db3b9613/2024-2025/Atletico-Madrid-Stats
ESP-La Liga,2425,Barcelona,3,38,38,3420,38,39,1.03,108,69,63.9,28,4,6,13,34.2,4,4,0,0,0.0,/en/squads/206d90db/2024-2025/Barcelona-Stats
ESP-La Liga,2425,Celta Vigo,2,38,38,3420,38,57,1.5,145,89,60.7,16,7,15,8,21.1,4,3,1,0,25.0,/en/squads/f25da7fb/2024-2025/Celta-Vigo-Stats
ESP-La Liga,2425,Espanyol,1,38,38,3420,38,51,1.34,193,141,73.6,11,9,18,8,21.1,6,4,2,0,33.3,/en/squads/a8661628/2024-2025/Espanyol-Stats
ESP-La Liga,2425,Getafe,1,38,38,3420,38,39,1.03,126,86,69.0,11,9,18,9,23.7,9,8,1,0,11.1,/en/squads/7848bd64/2024-2025/Getafe-Stats
ESP-La Liga,2425,Girona,3,38,38,3420,38,60,1.58,164,102,63.4,11,8,19,8,21.1,6,3,3,0,50.0,/en/squads/9024a00a/2024-2025/Girona-Stats
ESP-La Liga,2425,Las Palmas,2,38,38,3420,38,61,1.61,182,120,66.5,8,8,22,4,10.5,10,5,4,1,44.4,/en/squads/0049d422/2024-2025/Las-Palmas-Stats
ESP-La Liga,2425,Leganés,2,38,38,3420,38,56,1.47,175,122,68.0,9,13,16,11,28.9,8,7,0,1,0.0,/en/squads/7c6f2c78/2024-2025/Leganes-Stats
ESP-La Liga,2425,Mallorca,2,38,38,3420,38,44,1.16,165,122,73.3,13,9,16,9,23.7,3,3,0,0,0.0,/en/squads/2aa12281/2024-2025/Mallorca-Stats
ESP-La Liga,2425,Osasuna,2,38,38,3420,38,52,1.37,187,136,72.2,12,16,10,9,23.7,7,7,0,0,0.0,/en/squads/03c57e2b/2024-2025/Osasuna-Stats
ESP-La Liga,2425,Rayo Vallecano,2,38,38,3420,38,45,1.18,153,107,70.6,13,13,12,10,26.3,8,6,2,0,25.0,/en/squads/98e8af82/2024-2025/Rayo-Vallecano-Stats
ESP-La Liga,2425,Real Betis,3,38,38,3420,38,50,1.32,141,92,64.5,16,12,10,7,18.4,4,4,0,0,0.0,/en/squads/fc536746/2024-2025/Real-Betis-Stats
ESP-La Liga,2425,Real Madrid,3,38,38,3420,38,38,1.0,126,89,69.8,26,6,6,15,39.5,3,3,0,0,0.0,/en/squads/53a2f082/2024-2025/Real-Madrid-Stats
ESP-La Liga,2425,Real Sociedad,2,38,38,3420,38,46,1.21,142,94,67.6,13,7,18,13,34.2,7,5,2,0,28.6,/en/squads/e31d1cd9/2024-2025/Real-Sociedad-Stats
ESP-La Liga,2425,Sevilla,2,38,38,3420,38,55,1.45,148,93,62.8,10,11,17,10,26.3,6,5,1,0,16.7,/en/squads/ad2be733/2024-2025/Sevilla-Stats
ESP-La Liga,2425,Valencia,2,38,38,3420,38,54,1.42,148,95,63.5,11,13,14,8,21.1,9,6,2,1,25.0,/en/squads/dcc91a7b/2024-2025/Valencia-Stats
ESP-La Liga,2425,Valladolid,3,38,38,3420,38,90,2.37,204,115,55.9,4,4,30,5,13.2,7,7,0,0,0.0,/en/squads/17859612/2024-2025/Valladolid-Stats
ESP-La Liga,2425,Villarreal,2,38,38,3420,38,51,1.34,160,110,68.1,20,10,8,7,18.4,8,7,0,1,0.0,/en/squads/2a8183b3/2024-2025/Villarreal-Stats
ESP-La Liga,2526,Alavés,1,38,38,3420,38,56,1.47,153,97,63.4,11,10,17,5,13.2,5,5,0,0,0.0,/en/squads/8d6fd021/2025-2026/Alaves-Stats
ESP-La Liga,2526,Athletic Club,2,38,38,3420,38,58,1.53,159,101,63.5,13,6,19,6,15.8,6,3,2,1,40.0,/en/squads/2b390eca/2025-2026/Athletic-Club-Stats
ESP-La Liga,2526,Atlético Madrid,2,38,38,3420,38,44,1.16,141,97,68.8,21,6,11,14,36.8,6,5,0,1,0.0,/en/squads/db3b9613/2025-2026/Atletico-Madrid-Stats
ESP-La Liga,2526,Barcelona,2,38,38,3420,38,36,0.95,132,96,72.7,31,1,6,15,39.5,5,4,1,0,20.0,/en/squads/206d90db/2025-2026/Barcelona-Stats
ESP-La Liga,2526,Celta Vigo,1,38,38,3420,38,48,1.26,159,111,69.8,14,12,12,10,26.3,11,6,2,3,25.0,/en/squads/f25da7fb/2025-2026/Celta-Vigo-Stats
ESP-La Liga,2526,Elche,2,38,38,3420,38,57,1.5,176,119,67.6,10,13,15,8,21.1,7,6,0,1,0.0,/en/squads/6c8b07df/2025-2026/Elche-Stats
ESP-La Liga,2526,Espanyol,2,38,38,3420,38,55,1.45,190,135,71.1,12,10,16,10,26.3,5,5,0,0,0.0,/en/squads/a8661628/2025-2026/Espanyol-Stats
ESP-La Liga,2526,Getafe,1,38,38,3420,38,38,1.0,154,115,75.3,15,6,17,12,31.6,4,1,2,1,66.7,/en/squads/7848bd64/2025-2026/Getafe-Stats
ESP-La Liga,2526,Girona,3,38,38,3418,38,55,1.45,178,123,69.1,9,14,15,6,15.8,6,5,0,1,0.0,/en/squads/9024a00a/2025-2026/Girona-Stats
ESP-La Liga,2526,Levante,2,38,38,3420,38,61,1.61,196,135,68.9,11,9,18,9,23.7,4,3,1,0,25.0,/en/squads/9800b6a1/2025-2026/Levante-Stats
ESP-La Liga,2526,Mallorca,2,38,38,3420,38,57,1.5,171,114,66.7,11,9,18,6,15.8,8,6,1,1,14.3,/en/squads/2aa12281/2025-2026/Mallorca-Stats
ESP-La Liga,2526,Osasuna,2,38,38,3420,38,50,1.32,172,122,70.9,11,9,18,7,18.4,9,9,0,0,0.0,/en/squads/03c57e2b/2025-2026/Osasuna-Stats
ESP-La Liga,2526,Oviedo,2,38,38,3420,38,60,1.58,209,149,71.3,6,11,21,10,26.3,7,5,2,0,28.6,/en/squads/ab358912/2025-2026/Oviedo-Stats
ESP-La Liga,2526,Rayo Vallecano,2,38,38,3420,38,44,1.16,154,110,71.4,12,14,12,12,31.6,8,6,2,0,25.0,/en/squads/98e8af82/2025-2026/Rayo-Vallecano-Stats
ESP-La Liga,2526,Real Betis,3,38,38,3420,38,48,1.26,170,122,71.8,15,15,8,10,26.3,7,4,2,1,33.3,/en/squads/fc536746/2025-2026/Real-Betis-Stats
ESP-La Liga,2526,Real Madrid,2,38,38,3420,38,35,0.92,121,86,71.1,27,5,6,14,36.8,4,4,0,0,0.0,/en/squads/53a2f082/2025-2026/Real-Madrid-Stats
ESP-La Liga,2526,Real Sociedad,2,38,38,3420,38,61,1.61,167,106,63.5,11,13,14,3,7.9,5,5,0,0,0.0,/en/squads/e31d1cd9/2025-2026/Real-Sociedad-Stats
ESP-La Liga,2526,Sevilla,2,38,38,3420,38,60,1.58,159,99,62.3,12,7,19,6,15.8,11,9,1,1,10.0,/en/squads/ad2be733/2025-2026/Sevilla-Stats
ESP-La Liga,2526,Valencia,2,38,38,3420,38,55,1.45,160,104,65.6,13,10,15,9,23.7,8,6,1,1,14.3,/en/squads/dcc91a7b/2025-2026/Valencia-Stats
ESP-La Liga,2526,Villarreal,2,38,38,3420,38,46,1.21,148,102,68.9,22,6,10,8,21.1,8,7,1,0,12.5,/en/squads/2a8183b3/2025-2026/Villarreal-Stats
FRA-Ligue 1,1415,Bastia,2,38,38,3420,38,46,1.21,154,108,70.1,12,11,15,12,31.6,,,,,,/en/squads/6283be2c/2014-2015/Bastia-Stats
FRA-Ligue 1,1415,Bordeaux,2,38,38,3420,38,44,1.16,140,96,68.6,17,12,9,9,23.7,,,,,,/en/squads/123f3efe/2014-2015/Bordeaux-Stats
FRA-Ligue 1,1415,Caen,1,38,38,3420,38,55,1.45,177,122,68.9,12,10,16,7,18.4,,,,,,/en/squads/74229020/2014-2015/Caen-Stats
FRA-Ligue 1,1415,Evian,2,38,38,3420,38,62,1.63,166,104,62.7,11,4,23,9,23.7,,,,,,/en/squads/633fbb6e/2014-2015/Evian-Stats
FRA-Ligue 1,1415,Guingamp,2,38,38,3419,38,55,1.45,171,116,67.8,15,4,19,9,23.7,,,,,,/en/squads/d41b5f53/2014-2015/Guingamp-Stats
FRA-Ligue 1,1415,Lens,3,38,38,3420,38,61,1.61,175,114,65.1,7,8,23,9,23.7,,,,,,/en/squads/fd4e0f7d/2014-2015/Lens-Stats
FRA-Ligue 1,1415,Lille,1,38,38,3420,38,42,1.11,137,95,69.3,16,8,14,14,36.8,,,,,,/en/squads/cb188c0c/2014-2015/Lille-Stats
FRA-Ligue 1,1415,Lorient,2,38,38,3420,38,50,1.32,181,131,72.4,12,7,19,10,26.3,,,,,,/en/squads/d2c87802/2014-2015/Lorient-Stats
FRA-Ligue 1,1415,Lyon,1,38,38,3420,38,33,0.87,139,106,76.3,22,9,7,16,42.1,,,,,,/en/squads/d53c0b06/2014-2015/Lyon-Stats
FRA-Ligue 1,1415,Marseille,1,38,38,3420,38,42,1.11,144,102,70.8,21,6,11,12,31.6,,,,,,/en/squads/5725cc7b/2014-2015/Marseille-Stats
FRA-Ligue 1,1415,Metz,3,38,38,3420,38,61,1.61,155,94,60.6,7,9,22,9,23.7,,,,,,/en/squads/f83960ae/2014-2015/Metz-Stats
FRA-Ligue 1,1415,Monaco,2,38,38,3420,38,26,0.68,109,83,76.1,20,11,7,20,52.6,,,,,,/en/squads/fd6114db/2014-2015/Monaco-Stats
FRA-Ligue 1,1415,Montpellier,3,38,38,3420,38,39,1.03,154,115,74.7,16,8,14,15,39.5,,,,,,/en/squads/281b0e73/2014-2015/Montpellier-Stats
FRA-Ligue 1,1415,Nantes,2,38,38,3420,38,40,1.05,140,100,71.4,11,12,15,11,28.9,,,,,,/en/squads/d7a486cd/2014-2015/Nantes-Stats
FRA-Ligue 1,1415,Nice,2,38,38,3390,38,53,1.41,150,97,64.7,13,9,16,10,26.3,,,,,,/en/squads/132ebc33/2014-2015/Nice-Stats
FRA-Ligue 1,1415,PSG,2,38,38,3420,38,36,0.95,114,78,68.4,24,11,3,13,34.2,,,,,,/en/squads/e2d8892c/2014-2015/Paris-Saint-Germain-Stats
FRA-Ligue 1,1415,Reims,4,38,38,3420,38,66,1.74,185,119,64.3,12,8,18,9,23.7,,,,,,/en/squads/7fdd64e0/2014-2015/Reims-Stats
FRA-Ligue 1,1415,Rennes,1,38,38,3420,38,42,1.11,140,98,70.0,13,11,14,15,39.5,,,,,,/en/squads/b3072e00/2014-2015/Rennes-Stats
FRA-Ligue 1,1415,Saint-Étienne,1,38,38,3420,38,30,0.79,125,95,76.0,19,12,7,18,47.4,,,,,,/en/squads/d298ef2c/2014-2015/Saint-Etienne-Stats
FRA-Ligue 1,1415,Toulouse,2,38,38,3420,38,64,1.68,157,93,59.2,12,6,20,7,18.4,,,,,,/en/squads/3f8c4b5f/2014-2015/Toulouse-Stats
FRA-Ligue 1,1516,Angers,3,38,38,3420,38,38,1.0,126,88,69.8,13,11,14,17,44.7,,,,,,/en/squads/69236f98/2015-2016/Angers-Stats
FRA-Ligue 1,1516,Bastia,3,38,38,3419,38,42,1.11,145,103,71.0,14,8,16,15,39.5,,,,,,/en/squads/6283be2c/2015-2016/Bastia-Stats
FRA-Ligue 1,1516,Bordeaux,3,38,38,3420,38,57,1.5,161,104,64.6,12,14,12,11,28.9,,,,,,/en/squads/123f3efe/2015-2016/Bordeaux-Stats
FRA-Ligue 1,1516,Caen,1,38,38,3420,38,52,1.37,168,116,69.0,16,6,16,10,26.3,,,,,,/en/squads/74229020/2015-2016/Caen-Stats
FRA-Ligue 1,1516,Gazélec Ajaccio,3,38,38,3420,38,58,1.53,160,102,63.8,8,13,17,6,15.8,,,,,,/en/squads/73905dde/2015-2016/Gazelec-Ajaccio-Stats
FRA-Ligue 1,1516,Guingamp,2,38,38,3420,38,56,1.47,165,109,66.1,11,11,16,13,34.2,,,,,,/en/squads/d41b5f53/2015-2016/Guingamp-Stats
FRA-Ligue 1,1516,Lille,2,38,38,3418,38,27,0.71,128,101,78.9,15,15,8,18,47.4,,,,,,/en/squads/cb188c0c/2015-2016/Lille-Stats
FRA-Ligue 1,1516,Lorient,2,38,38,3419,38,58,1.53,183,125,68.3,11,13,14,8,21.1,,,,,,/en/squads/d2c87802/2015-2016/Lorient-Stats
FRA-Ligue 1,1516,Lyon,2,38,38,3420,38,43,1.13,139,96,69.1,19,8,11,14,36.8,,,,,,/en/squads/d53c0b06/2015-2016/Lyon-Stats
FRA-Ligue 1,1516,Marseille,2,38,38,3420,38,42,1.11,141,99,70.2,10,18,10,9,23.7,,,,,,/en/squads/5725cc7b/2015-2016/Marseille-Stats
FRA-Ligue 1,1516,Monaco,2,38,38,3420,38,50,1.32,170,120,70.6,17,14,7,14,36.8,,,,,,/en/squads/fd6114db/2015-2016/Monaco-Stats
FRA-Ligue 1,1516,Montpellier,3,38,38,3420,38,47,1.24,144,97,67.4,14,7,17,9,23.7,,,,,,/en/squads/281b0e73/2015-2016/Montpellier-Stats
FRA-Ligue 1,1516,Nantes,2,38,38,3420,38,44,1.16,142,98,69.0,12,12,14,15,39.5,,,,,,/en/squads/d7a486cd/2015-2016/Nantes-Stats
FRA-Ligue 1,1516,Nice,3,38,38,3420,38,41,1.08,144,103,71.5,18,9,11,12,31.6,,,,,,/en/squads/132ebc33/2015-2016/Nice-Stats
FRA-Ligue 1,1516,PSG,3,38,38,3420,38,19,0.5,114,95,83.3,30,6,2,22,57.9,,,,,,/en/squads/e2d8892c/2015-2016/Paris-Saint-Germain-Stats
FRA-Ligue 1,1516,Reims,3,38,38,3420,38,57,1.5,169,112,66.3,10,9,19,4,10.5,,,,,,/en/squads/7fdd64e0/2015-2016/Reims-Stats
FRA-Ligue 1,1516,Rennes,2,38,38,3420,38,54,1.42,171,117,68.4,13,13,12,6,15.8,,,,,,/en/squads/b3072e00/2015-2016/Rennes-Stats
FRA-Ligue 1,1516,Saint-Étienne,1,38,38,3420,38,37,0.97,144,107,74.3,17,7,14,16,42.1,,,,,,/en/squads/d298ef2c/2015-2016/Saint-Etienne-Stats
FRA-Ligue 1,1516,Toulouse,3,38,38,3420,38,55,1.45,142,87,61.3,9,13,16,8,21.1,,,,,,/en/squads/3f8c4b5f/2015-2016/Toulouse-Stats
FRA-Ligue 1,1516,Troyes,3,38,38,3420,38,83,2.18,229,146,63.8,3,9,26,3,7.9,,,,,,/en/squads/54195385/2015-2016/Troyes-Stats
FRA-Ligue 1,1617,Angers,3,38,38,3420,38,49,1.29,127,78,61.4,13,7,18,9,23.7,2,2,0,0,0.0,/en/squads/69236f98/2016-2017/Angers-Stats
FRA-Ligue 1,1617,Bastia,4,38,38,3419,38,54,1.42,180,126,70.0,8,10,20,9,23.7,8,4,3,1,42.9,/en/squads/6283be2c/2016-2017/Bastia-Stats
FRA-Ligue 1,1617,Bordeaux,2,38,38,3420,38,43,1.13,139,96,69.1,15,14,9,13,34.2,4,4,0,0,0.0,/en/squads/123f3efe/2016-2017/Bordeaux-Stats
FRA-Ligue 1,1617,Caen,3,38,38,3420,38,65,1.71,171,106,62.0,10,7,21,9,23.7,8,8,0,0,0.0,/en/squads/74229020/2016-2017/Caen-Stats
FRA-Ligue 1,1617,Dijon,2,38,38,3420,38,58,1.53,200,142,71.0,8,13,17,10,26.3,12,9,1,2,10.0,/en/squads/8dfb7350/2016-2017/Dijon-Stats
FRA-Ligue 1,1617,Guingamp,3,38,38,3420,38,53,1.39,160,107,66.9,14,8,16,9,23.7,11,7,2,2,22.2,/en/squads/d41b5f53/2016-2017/Guingamp-Stats
FRA-Ligue 1,1617,Lille,2,38,38,3420,38,47,1.24,153,106,69.3,13,7,18,11,28.9,6,4,1,1,20.0,/en/squads/cb188c0c/2016-2017/Lille-Stats
FRA-Ligue 1,1617,Lorient,2,38,38,3420,38,70,1.84,201,131,65.2,10,6,22,4,10.5,6,4,1,1,20.0,/en/squads/d2c87802/2016-2017/Lorient-Stats
FRA-Ligue 1,1617,Lyon,2,38,38,3420,38,48,1.26,145,97,66.9,21,4,13,13,34.2,6,5,1,0,16.7,/en/squads/d53c0b06/2016-2017/Lyon-Stats
FRA-Ligue 1,1617,Marseille,1,38,38,3420,38,41,1.08,163,122,74.8,17,11,10,18,47.4,2,2,0,0,0.0,/en/squads/5725cc7b/2016-2017/Marseille-Stats
FRA-Ligue 1,1617,Metz,3,38,38,3420,38,72,1.89,219,147,67.1,11,10,17,11,28.9,7,5,2,0,28.6,/en/squads/f83960ae/2016-2017/Metz-Stats
FRA-Ligue 1,1617,Monaco,4,38,38,3420,38,29,0.76,118,89,75.4,30,5,3,17,44.7,5,3,2,0,40.0,/en/squads/fd6114db/2016-2017/Monaco-Stats
FRA-Ligue 1,1617,Montpellier,2,38,38,3420,38,66,1.74,170,104,61.2,10,9,19,7,18.4,7,7,0,0,0.0,/en/squads/281b0e73/2016-2017/Montpellier-Stats
FRA-Ligue 1,1617,Nancy,2,38,38,3420,38,52,1.37,170,118,69.4,9,8,21,13,34.2,8,7,1,0,12.5,/en/squads/e88fc6e5/2016-2017/Nancy-Stats
FRA-Ligue 1,1617,Nantes,2,38,38,3420,38,54,1.42,151,97,64.2,14,9,15,10,26.3,9,9,0,0,0.0,/en/squads/d7a486cd/2016-2017/Nantes-Stats
FRA-Ligue 1,1617,Nice,2,38,38,3420,38,36,0.95,160,124,77.5,22,12,4,13,34.2,4,4,0,0,0.0,/en/squads/132ebc33/2016-2017/Nice-Stats
FRA-Ligue 1,1617,PSG,2,38,38,3420,38,27,0.71,90,63,70.0,27,6,5,21,55.3,3,2,1,0,33.3,/en/squads/e2d8892c/2016-2017/Paris-Saint-Germain-Stats
FRA-Ligue 1,1617,Rennes,1,38,38,3420,38,42,1.11,143,101,70.6,12,14,12,12,31.6,4,1,1,2,50.0,/en/squads/b3072e00/2016-2017/Rennes-Stats
FRA-Ligue 1,1617,Saint-Étienne,3,38,38,3418,38,42,1.11,172,130,75.6,12,14,12,14,36.8,4,2,2,0,50.0,/en/squads/d298ef2c/2016-2017/Saint-Etienne-Stats
FRA-Ligue 1,1617,Toulouse,2,38,38,3420,38,41,1.08,166,125,75.3,10,14,14,12,31.6,9,8,1,0,11.1,/en/squads/3f8c4b5f/2016-2017/Toulouse-Stats
FRA-Ligue 1,1718,Amiens,2,38,38,3420,38,42,1.11,178,136,76.4,12,9,17,11,28.9,4,4,0,0,0.0,/en/squads/25622401/2017-2018/Amiens-Stats
FRA-Ligue 1,1718,Angers,3,38,38,3420,38,52,1.37,138,90,62.3,9,14,15,6,15.8,7,7,0,0,0.0,/en/squads/69236f98/2017-2018/Angers-Stats
FRA-Ligue 1,1718,Bordeaux,2,38,38,3420,38,48,1.26,132,81,63.6,16,7,15,10,26.3,8,4,4,0,50.0,/en/squads/123f3efe/2017-2018/Bordeaux-Stats
FRA-Ligue 1,1718,Caen,2,38,38,3418,38,52,1.37,151,103,65.6,10,8,20,13,34.2,5,5,0,0,0.0,/en/squads/74229020/2017-2018/Caen-Stats
FRA-Ligue 1,1718,Dijon,1,38,38,3420,38,73,1.92,201,128,63.7,13,9,16,5,13.2,14,11,3,0,21.4,/en/squads/8dfb7350/2017-2018/Dijon-Stats
FRA-Ligue 1,1718,Guingamp,1,38,38,3420,38,59,1.55,171,111,65.5,12,11,15,11,28.9,7,5,2,0,28.6,/en/squads/d41b5f53/2017-2018/Guingamp-Stats
FRA-Ligue 1,1718,Lille,4,38,38,3420,38,67,1.76,185,119,63.8,10,8,20,5,13.2,7,5,2,0,28.6,/en/squads/cb188c0c/2017-2018/Lille-Stats
FRA-Ligue 1,1718,Lyon,2,38,38,3420,38,43,1.13,150,108,71.3,23,9,6,15,39.5,8,5,2,1,28.6,/en/squads/d53c0b06/2017-2018/Lyon-Stats
FRA-Ligue 1,1718,Marseille,2,38,38,3420,38,47,1.24,141,95,66.7,22,11,5,14,36.8,6,4,1,1,20.0,/en/squads/5725cc7b/2017-2018/Marseille-Stats
FRA-Ligue 1,1718,Metz,3,38,38,3417,38,76,2.0,206,130,63.1,6,8,24,4,10.5,5,3,2,0,40.0,/en/squads/f83960ae/2017-2018/Metz-Stats
FRA-Ligue 1,1718,Monaco,3,38,38,3420,38,45,1.18,147,103,69.4,24,8,6,14,36.8,5,5,0,0,0.0,/en/squads/fd6114db/2017-2018/Monaco-Stats
FRA-Ligue 1,1718,Montpellier,1,38,38,3420,38,33,0.87,117,84,71.8,11,18,9,14,36.8,6,5,0,1,0.0,/en/squads/281b0e73/2017-2018/Montpellier-Stats
FRA-Ligue 1,1718,Nantes,2,38,38,3420,38,41,1.08,138,98,70.3,14,10,14,12,31.6,4,3,0,1,0.0,/en/squads/d7a486cd/2017-2018/Nantes-Stats
FRA-Ligue 1,1718,Nice,2,38,38,3420,38,52,1.37,154,102,66.2,15,9,14,10,26.3,5,3,2,0,40.0,/en/squads/132ebc33/2017-2018/Nice-Stats
FRA-Ligue 1,1718,PSG,2,38,38,3420,38,29,0.76,119,90,75.6,29,6,3,18,47.4,5,3,1,1,25.0,/en/squads/e2d8892c/2017-2018/Paris-Saint-Germain-Stats
FRA-Ligue 1,1718,Rennes,3,38,38,3420,38,44,1.16,148,104,70.3,16,10,12,10,26.3,8,5,2,1,28.6,/en/squads/b3072e00/2017-2018/Rennes-Stats
FRA-Ligue 1,1718,Saint-Étienne,2,38,38,3416,38,50,1.32,179,129,72.1,15,10,13,13,34.2,7,6,1,0,14.3,/en/squads/d298ef2c/2017-2018/Saint-Etienne-Stats
FRA-Ligue 1,1718,Strasbourg,3,38,38,3420,38,67,1.76,174,106,61.5,9,11,18,4,10.5,7,6,1,0,14.3,/en/squads/c0d3eab4/2017-2018/Strasbourg-Stats
FRA-Ligue 1,1718,Toulouse,1,38,38,3420,38,54,1.42,158,106,65.8,9,10,19,12,31.6,6,6,0,0,0.0,/en/squads/3f8c4b5f/2017-2018/Toulouse-Stats
FRA-Ligue 1,1718,Troyes,2,38,38,3420,38,59,1.55,193,134,69.4,9,6,23,8,21.1,5,4,1,0,20.0,/en/squads/54195385/2017-2018/Troyes-Stats
FRA-Ligue 1,1819,Amiens,1,38,38,3420,38,52,1.37,166,114,68.7,9,11,18,11,28.9,9,6,2,1,25.0,/en/squads/25622401/2018-2019/Amiens-Stats
FRA-Ligue 1,1819,Angers,2,38,38,3419,38,49,1.29,165,116,70.3,10,16,12,13,34.2,5,3,2,0,40.0,/en/squads/69236f98/2018-2019/Angers-Stats
FRA-Ligue 1,1819,Bordeaux,2,38,38,3420,38,42,1.11,153,110,72.5,10,11,17,10,26.3,7,6,1,0,14.3,/en/squads/123f3efe/2018-2019/Bordeaux-Stats
FRA-Ligue 1,1819,Caen,1,38,38,3420,38,54,1.42,193,139,72.0,7,12,19,9,23.7,8,6,2,0,25.0,/en/squads/74229020/2018-2019/Caen-Stats
FRA-Ligue 1,1819,Dijon,2,38,38,3420,38,60,1.58,171,112,64.9,9,7,22,6,15.8,3,3,0,0,0.0,/en/squads/8dfb7350/2018-2019/Dijon-Stats
FRA-Ligue 1,1819,Guingamp,2,38,38,3420,38,68,1.79,171,101,60.2,5,12,21,10,26.3,6,3,2,1,40.0,/en/squads/d41b5f53/2018-2019/Guingamp-Stats
FRA-Ligue 1,1819,Lille,1,38,38,3420,38,33,0.87,125,90,73.6,22,9,7,15,39.5,10,6,2,2,25.0,/en/squads/cb188c0c/2018-2019/Lille-Stats
FRA-Ligue 1,1819,Lyon,2,38,38,3420,38,47,1.24,149,105,68.5,21,9,8,10,26.3,5,5,0,0,0.0,/en/squads/d53c0b06/2018-2019/Lyon-Stats
FRA-Ligue 1,1819,Marseille,2,38,38,3416,38,52,1.37,138,84,62.3,18,7,13,12,31.6,12,10,2,0,16.7,/en/squads/5725cc7b/2018-2019/Marseille-Stats
FRA-Ligue 1,1819,Monaco,3,38,38,3420,38,57,1.5,147,89,61.2,8,12,18,8,21.1,8,5,3,0,37.5,/en/squads/fd6114db/2018-2019/Monaco-Stats
FRA-Ligue 1,1819,Montpellier,2,38,38,3420,38,42,1.11,144,103,70.8,15,14,9,12,31.6,5,3,1,1,25.0,/en/squads/281b0e73/2018-2019/Montpellier-Stats
FRA-Ligue 1,1819,Nantes,3,38,38,3420,38,48,1.26,130,78,63.1,13,9,16,8,21.1,8,4,4,0,50.0,/en/squads/d7a486cd/2018-2019/Nantes-Stats
FRA-Ligue 1,1819,Nice,2,38,38,3420,38,35,0.92,155,118,77.4,15,11,12,16,42.1,6,3,3,0,50.0,/en/squads/132ebc33/2018-2019/Nice-Stats
FRA-Ligue 1,1819,Nîmes,1,38,38,3420,38,58,1.53,180,122,67.8,15,8,15,10,26.3,5,4,1,0,20.0,/en/squads/1cbf5f9e/2018-2019/Nimes-Stats
FRA-Ligue 1,1819,PSG,2,38,38,3420,38,35,0.92,131,99,73.3,29,4,5,17,44.7,6,5,1,0,16.7,/en/squads/e2d8892c/2018-2019/Paris-Saint-Germain-Stats
FRA-Ligue 1,1819,Reims,1,38,38,3420,38,42,1.11,150,110,72.0,13,16,9,14,36.8,7,7,0,0,0.0,/en/squads/7fdd64e0/2018-2019/Reims-Stats
FRA-Ligue 1,1819,Rennes,2,38,38,3420,38,52,1.37,158,106,67.1,13,13,12,11,28.9,5,4,1,0,20.0,/en/squads/b3072e00/2018-2019/Rennes-Stats
FRA-Ligue 1,1819,Saint-Étienne,2,38,38,3420,38,41,1.08,153,112,73.2,19,9,10,13,34.2,9,7,1,1,12.5,/en/squads/d298ef2c/2018-2019/Saint-Etienne-Stats
FRA-Ligue 1,1819,Strasbourg,2,38,38,3420,38,48,1.26,149,100,67.8,11,16,11,9,23.7,9,7,2,0,22.2,/en/squads/c0d3eab4/2018-2019/Strasbourg-Stats
FRA-Ligue 1,1819,Toulouse,2,38,38,3416,38,57,1.5,178,121,68.0,8,14,16,9,23.7,6,5,1,0,16.7,/en/squads/3f8c4b5f/2018-2019/Toulouse-Stats
FRA-Ligue 1,1920,Amiens,1,28,28,2520,28,50,1.79,143,93,65.0,4,11,13,5,17.9,1,1,0,0,0.0,/en/squads/25622401/2019-2020/Amiens-Stats
FRA-Ligue 1,1920,Angers,2,28,28,2520,28,33,1.18,90,57,63.3,11,6,11,12,42.9,3,3,0,0,0.0,/en/squads/69236f98/2019-2020/Angers-Stats
FRA-Ligue 1,1920,Bordeaux,1,28,28,2520,28,34,1.21,108,74,68.5,9,10,9,6,21.4,3,2,1,0,33.3,/en/squads/123f3efe/2019-2020/Bordeaux-Stats
FRA-Ligue 1,1920,Brest,2,28,28,2520,28,37,1.32,143,104,74.1,8,10,10,8,28.6,6,4,2,0,33.3,/en/squads/fb08dbb3/2019-2020/Brest-Stats
FRA-Ligue 1,1920,Dijon,2,28,28,2520,28,37,1.32,128,93,71.1,7,9,12,6,21.4,1,1,0,0,0.0,/en/squads/8dfb7350/2019-2020/Dijon-Stats
FRA-Ligue 1,1920,Lille,1,28,28,2520,28,27,0.96,83,58,67.5,15,4,9,12,42.9,6,4,1,1,20.0,/en/squads/cb188c0c/2019-2020/Lille-Stats
FRA-Ligue 1,1920,Lyon,2,28,28,2520,28,27,0.96,97,73,72.2,11,7,10,9,32.1,3,2,0,1,0.0,/en/squads/d53c0b06/2019-2020/Lyon-Stats
FRA-Ligue 1,1920,Marseille,2,28,28,2520,28,29,1.04,99,71,70.7,16,8,4,11,39.3,5,4,1,0,20.0,/en/squads/5725cc7b/2019-2020/Marseille-Stats
FRA-Ligue 1,1920,Metz,2,28,28,2520,28,35,1.25,135,100,74.1,8,10,10,8,28.6,4,4,0,0,0.0,/en/squads/f83960ae/2019-2020/Metz-Stats
FRA-Ligue 1,1920,Monaco,1,28,28,2520,28,44,1.57,134,91,67.2,11,7,10,7,25.0,6,6,0,0,0.0,/en/squads/fd6114db/2019-2020/Monaco-Stats
FRA-Ligue 1,1920,Montpellier,3,28,28,2517,28,34,1.22,132,98,74.2,11,7,10,8,28.6,5,3,2,0,40.0,/en/squads/281b0e73/2019-2020/Montpellier-Stats
FRA-Ligue 1,1920,Nantes,2,28,28,2520,28,31,1.11,101,68,69.3,11,4,13,10,35.7,6,3,2,1,40.0,/en/squads/d7a486cd/2019-2020/Nantes-Stats
FRA-Ligue 1,1920,Nice,2,28,28,2520,28,38,1.36,137,100,72.3,11,8,9,4,14.3,7,5,1,1,16.7,/en/squads/132ebc33/2019-2020/Nice-Stats
FRA-Ligue 1,1920,Nîmes,2,28,28,2520,28,44,1.57,127,84,65.4,7,6,15,7,25.0,4,4,0,0,0.0,/en/squads/1cbf5f9e/Nimes-Stats
FRA-Ligue 1,1920,PSG,4,27,27,2430,27,24,0.89,81,58,70.4,22,2,3,14,51.9,0,0,0,0,,/en/squads/e2d8892c/2019-2020/Paris-Saint-Germain-Stats
FRA-Ligue 1,1920,Reims,2,28,28,2520,28,21,0.75,91,66,76.9,10,11,7,12,42.9,6,2,4,0,66.7,/en/squads/7fdd64e0/2019-2020/Reims-Stats
FRA-Ligue 1,1920,Rennes,2,28,28,2520,28,24,0.86,98,73,75.5,15,5,8,10,35.7,5,3,2,0,40.0,/en/squads/b3072e00/2019-2020/Rennes-Stats
FRA-Ligue 1,1920,Saint-Étienne,3,28,28,2520,28,45,1.61,125,80,64.0,8,6,14,5,17.9,6,5,0,1,0.0,/en/squads/d298ef2c/2019-2020/Saint-Etienne-Stats
FRA-Ligue 1,1920,Strasbourg,1,27,27,2430,27,32,1.19,104,71,69.2,11,5,11,8,29.6,7,6,1,0,14.3,/en/squads/c0d3eab4/2019-2020/Strasbourg-Stats
FRA-Ligue 1,1920,Toulouse,3,28,28,2520,28,58,2.07,146,87,60.3,3,4,21,3,10.7,5,3,2,0,40.0,/en/squads/3f8c4b5f/2019-2020/Toulouse-Stats
FRA-Ligue 1,2021,Angers,1,38,38,3420,38,58,1.53,139,82,58.3,12,8,18,9,23.7,8,7,1,0,12.5,/en/squads/69236f98/2020-2021/Angers-Stats
FRA-Ligue 1,2021,Bordeaux,1,38,38,3420,38,56,1.47,156,100,64.1,13,6,19,14,36.8,8,7,1,0,12.5,/en/squads/123f3efe/2020-2021/Bordeaux-Stats
FRA-Ligue 1,2021,Brest,2,38,38,3420,38,66,1.74,180,115,63.3,11,8,19,7,18.4,11,9,1,1,10.0,/en/squads/fb08dbb3/2020-2021/Brest-Stats
FRA-Ligue 1,2021,Dijon,3,38,38,3420,38,73,1.92,190,117,61.6,4,9,25,6,15.8,10,7,2,1,22.2,/en/squads/8dfb7350/2020-2021/Dijon-Stats
FRA-Ligue 1,2021,Lens,2,38,38,3420,38,54,1.42,143,92,62.2,15,12,11,8,21.1,11,11,0,0,0.0,/en/squads/fd4e0f7d/2020-2021/Lens-Stats
FRA-Ligue 1,2021,Lille,1,38,38,3420,38,23,0.61,107,85,78.5,24,11,3,21,55.3,2,1,1,0,50.0,/en/squads/cb188c0c/2020-2021/Lille-Stats
FRA-Ligue 1,2021,Lorient,2,38,38,3420,38,68,1.79,167,100,59.3,11,9,18,5,13.2,11,10,0,1,0.0,/en/squads/d2c87802/2020-2021/Lorient-Stats
FRA-Ligue 1,2021,Lyon,1,38,38,3420,38,43,1.13,134,92,67.9,22,10,6,11,28.9,7,5,1,1,16.7,/en/squads/d53c0b06/2020-2021/Lyon-Stats
FRA-Ligue 1,2021,Marseille,2,38,38,3420,38,47,1.24,132,86,64.4,16,12,10,8,21.1,3,3,0,0,0.0,/en/squads/5725cc7b/2020-2021/Marseille-Stats
FRA-Ligue 1,2021,Metz,2,38,38,3419,38,48,1.26,150,102,68.0,12,11,15,8,21.1,13,12,1,0,7.7,/en/squads/f83960ae/2020-2021/Metz-Stats
FRA-Ligue 1,2021,Monaco,3,38,38,3420,38,42,1.11,103,62,59.2,24,6,8,15,39.5,5,5,0,0,0.0,/en/squads/fd6114db/2020-2021/Monaco-Stats
FRA-Ligue 1,2021,Montpellier,2,38,38,3418,38,62,1.63,197,137,68.5,14,12,12,5,13.2,12,12,0,0,0.0,/en/squads/281b0e73/2020-2021/Montpellier-Stats
FRA-Ligue 1,2021,Nantes,1,38,38,3420,38,55,1.45,168,113,67.3,9,13,16,5,13.2,12,10,1,1,9.1,/en/squads/d7a486cd/2020-2021/Nantes-Stats
FRA-Ligue 1,2021,Nice,1,38,38,3420,38,53,1.39,176,123,69.9,15,7,16,9,23.7,7,7,0,0,0.0,/en/squads/132ebc33/2020-2021/Nice-Stats
FRA-Ligue 1,2021,Nîmes,1,38,38,3420,38,71,1.87,196,122,63.8,9,8,21,8,21.1,10,6,3,1,33.3,/en/squads/1cbf5f9e/2020-2021/Nimes-Stats
FRA-Ligue 1,2021,PSG,3,38,38,3420,38,28,0.74,131,103,78.6,26,4,8,19,50.0,2,1,1,0,50.0,/en/squads/e2d8892c/2020-2021/Paris-Saint-Germain-Stats
FRA-Ligue 1,2021,Reims,2,38,38,3420,38,50,1.32,168,117,70.2,9,15,14,10,26.3,8,5,2,1,28.6,/en/squads/7fdd64e0/2020-2021/Reims-Stats
FRA-Ligue 1,2021,Rennes,3,38,38,3420,38,40,1.05,131,92,69.5,16,10,12,10,26.3,4,3,0,1,0.0,/en/squads/b3072e00/2020-2021/Rennes-Stats
FRA-Ligue 1,2021,Saint-Étienne,3,38,38,3420,38,54,1.42,132,79,59.1,12,10,16,12,31.6,9,6,1,2,14.3,/en/squads/d298ef2c/2020-2021/Saint-Etienne-Stats
FRA-Ligue 1,2021,Strasbourg,3,38,38,3420,38,58,1.53,149,91,61.1,11,9,18,10,26.3,8,6,1,1,14.3,/en/squads/c0d3eab4/2020-2021/Strasbourg-Stats
FRA-Ligue 1,2122,Angers,3,38,38,3420,38,55,1.45,155,103,64.5,10,11,17,8,21.1,5,5,0,0,0.0,/en/squads/69236f98/2021-2022/Angers-Stats
FRA-Ligue 1,2122,Bordeaux,2,38,38,3420,38,91,2.39,194,104,53.1,6,13,19,2,5.3,9,7,2,0,22.2,/en/squads/123f3efe/2021-2022/Bordeaux-Stats
FRA-Ligue 1,2122,Brest,1,38,38,3420,38,57,1.5,170,115,66.5,13,9,16,7,18.4,4,4,0,0,0.0,/en/squads/fb08dbb3/2021-2022/Brest-Stats
FRA-Ligue 1,2122,Clermont Foot,2,38,38,3420,38,69,1.82,165,99,58.2,9,9,20,8,21.1,5,5,0,0,0.0,/en/squads/d9676424/2021-2022/Clermont-Foot-Stats
FRA-Ligue 1,2122,Lens,2,38,38,3418,38,48,1.26,145,96,66.9,17,11,10,8,21.1,5,4,1,0,20.0,/en/squads/fd4e0f7d/2021-2022/Lens-Stats
FRA-Ligue 1,2122,Lille,2,38,38,3420,38,48,1.26,151,105,68.2,14,13,11,10,26.3,6,6,0,0,0.0,/en/squads/cb188c0c/2021-2022/Lille-Stats
FRA-Ligue 1,2122,Lorient,2,38,38,3420,38,63,1.66,148,88,57.4,8,12,18,11,28.9,6,5,0,1,0.0,/en/squads/d2c87802/2021-2022/Lorient-Stats
FRA-Ligue 1,2122,Lyon,2,38,38,3418,38,51,1.34,173,124,70.5,17,11,10,9,23.7,8,7,1,0,12.5,/en/squads/d53c0b06/2021-2022/Lyon-Stats
FRA-Ligue 1,2122,Marseille,2,38,38,3420,38,38,1.0,112,75,66.1,21,8,9,15,39.5,4,4,0,0,0.0,/en/squads/5725cc7b/2021-2022/Marseille-Stats
FRA-Ligue 1,2122,Metz,2,38,38,3417,38,69,1.82,178,111,61.2,6,13,19,8,21.1,5,5,0,0,0.0,/en/squads/f83960ae/2021-2022/Metz-Stats
FRA-Ligue 1,2122,Monaco,1,38,38,3420,38,40,1.05,141,104,71.6,20,9,9,11,28.9,9,8,0,1,0.0,/en/squads/fd6114db/2021-2022/Monaco-Stats
FRA-Ligue 1,2122,Montpellier,2,38,38,3420,38,61,1.61,215,154,71.6,12,7,19,10,26.3,6,5,1,0,16.7,/en/squads/281b0e73/2021-2022/Montpellier-Stats
FRA-Ligue 1,2122,Nantes,1,38,38,3420,38,48,1.26,155,105,69.0,15,10,13,8,21.1,7,4,3,0,42.9,/en/squads/d7a486cd/2021-2022/Nantes-Stats
FRA-Ligue 1,2122,Nice,2,38,38,3420,38,36,0.95,146,109,75.3,20,7,11,14,36.8,5,4,1,0,20.0,/en/squads/132ebc33/2021-2022/Nice-Stats
FRA-Ligue 1,2122,PSG,4,38,38,3417,38,36,0.95,142,107,74.6,26,8,4,13,34.2,3,3,0,0,0.0,/en/squads/e2d8892c/2021-2022/Paris-Saint-Germain-Stats
FRA-Ligue 1,2122,Reims,1,38,38,3420,38,44,1.16,161,116,72.7,11,13,14,11,28.9,7,5,1,1,16.7,/en/squads/7fdd64e0/2021-2022/Reims-Stats
FRA-Ligue 1,2122,Rennes,3,38,38,3420,38,40,1.05,106,66,62.3,20,6,12,14,36.8,6,5,1,0,16.7,/en/squads/b3072e00/2021-2022/Rennes-Stats
FRA-Ligue 1,2122,Saint-Étienne,3,38,38,3417,38,77,2.03,189,116,59.3,7,11,20,4,10.5,8,8,0,0,0.0,/en/squads/d298ef2c/2021-2022/Saint-Etienne-Stats
FRA-Ligue 1,2122,Strasbourg,2,38,38,3420,38,43,1.13,131,89,67.2,17,12,9,14,36.8,4,4,0,0,0.0,/en/squads/c0d3eab4/2021-2022/Strasbourg-Stats
FRA-Ligue 1,2122,Troyes,2,38,38,3420,38,53,1.39,159,108,66.7,9,11,18,9,23.7,10,10,0,0,0.0,/en/squads/54195385/2021-2022/Troyes-Stats
FRA-Ligue 1,2223,Ajaccio,3,38,38,3420,38,74,1.95,161,89,54.0,7,5,26,6,15.8,10,9,0,1,0.0,/en/squads/7a54bb4f/2022-2023/Ajaccio-Stats
FRA-Ligue 1,2223,Angers,2,38,38,3420,38,81,2.13,197,119,58.9,4,6,28,4,10.5,11,9,1,1,10.0,/en/squads/69236f98/2022-2023/Angers-Stats
FRA-Ligue 1,2223,Auxerre,3,38,38,3420,38,63,1.66,181,117,65.2,8,11,19,7,18.4,6,4,2,0,33.3,/en/squads/5ae09109/2022-2023/Auxerre-Stats
FRA-Ligue 1,2223,Brest,2,38,38,3420,38,54,1.42,179,125,69.8,11,11,16,9,23.7,9,7,2,0,22.2,/en/squads/fb08dbb3/2022-2023/Brest-Stats
FRA-Ligue 1,2223,Clermont Foot,2,38,38,3420,38,49,1.29,164,111,70.1,17,8,13,10,26.3,12,8,4,0,33.3,/en/squads/d9676424/2022-2023/Clermont-Foot-Stats
FRA-Ligue 1,2223,Lens,2,38,38,3420,38,29,0.76,129,101,77.5,25,9,4,15,39.5,3,3,0,0,0.0,/en/squads/fd4e0f7d/2022-2023/Lens-Stats
FRA-Ligue 1,2223,Lille,2,38,38,3420,38,44,1.16,122,80,63.9,19,10,9,10,26.3,5,4,1,0,20.0,/en/squads/cb188c0c/2022-2023/Lille-Stats
FRA-Ligue 1,2223,Lorient,2,38,38,3420,38,53,1.39,182,130,70.9,15,10,13,8,21.1,2,2,0,0,0.0,/en/squads/d2c87802/2022-2023/Lorient-Stats
FRA-Ligue 1,2223,Lyon,2,38,38,3417,38,47,1.24,155,111,69.7,18,8,12,8,21.1,11,11,0,0,0.0,/en/squads/d53c0b06/2022-2023/Lyon-Stats
FRA-Ligue 1,2223,Marseille,2,38,38,3420,38,40,1.05,142,105,71.8,22,7,9,10,26.3,5,5,0,0,0.0,/en/squads/5725cc7b/2022-2023/Marseille-Stats
FRA-Ligue 1,2223,Monaco,1,38,38,3420,38,58,1.53,195,140,70.3,19,8,11,9,23.7,5,5,0,0,0.0,/en/squads/fd6114db/2022-2023/Monaco-Stats
FRA-Ligue 1,2223,Montpellier,4,38,38,3420,38,62,1.63,202,138,69.3,15,5,18,11,28.9,11,6,4,1,40.0,/en/squads/281b0e73/2022-2023/Montpellier-Stats
FRA-Ligue 1,2223,Nantes,2,38,38,3419,38,55,1.45,185,134,70.3,7,15,16,11,28.9,9,9,0,0,0.0,/en/squads/d7a486cd/2022-2023/Nantes-Stats
FRA-Ligue 1,2223,Nice,2,38,38,3420,38,37,0.97,147,109,74.8,15,13,10,11,28.9,5,3,1,1,25.0,/en/squads/132ebc33/2022-2023/Nice-Stats
FRA-Ligue 1,2223,PSG,2,38,38,3420,38,40,1.05,160,120,75.0,27,4,7,13,34.2,5,2,1,2,33.3,/en/squads/e2d8892c/2022-2023/Paris-Saint-Germain-Stats
FRA-Ligue 1,2223,Reims,2,38,38,3420,38,45,1.18,166,123,72.9,12,15,11,14,36.8,3,3,0,0,0.0,/en/squads/7fdd64e0/2022-2023/Reims-Stats
FRA-Ligue 1,2223,Rennes,2,38,38,3420,38,39,1.03,126,86,69.0,21,5,12,13,34.2,5,3,2,0,40.0,/en/squads/b3072e00/2022-2023/Rennes-Stats
FRA-Ligue 1,2223,Strasbourg,1,38,38,3420,38,59,1.55,174,115,66.1,9,13,16,6,15.8,11,10,0,1,0.0,/en/squads/c0d3eab4/2022-2023/Strasbourg-Stats
FRA-Ligue 1,2223,Toulouse,1,38,38,3420,38,57,1.5,179,122,68.2,13,9,16,9,23.7,7,4,3,0,42.9,/en/squads/3f8c4b5f/2022-2023/Toulouse-Stats
FRA-Ligue 1,2223,Troyes,2,38,38,3418,38,81,2.13,228,148,64.5,4,12,22,1,2.6,8,7,1,0,12.5,/en/squads/54195385/2022-2023/Troyes-Stats
FRA-Ligue 1,2324,Brest,2,34,34,3057,34,34,1.0,133,98,74.4,17,10,7,15,44.1,3,2,1,0,33.3,/en/squads/fb08dbb3/2023-2024/Brest-Stats
FRA-Ligue 1,2324,Clermont Foot,2,34,34,3060,34,60,1.76,212,152,71.7,5,10,19,5,14.7,9,7,1,1,12.5,/en/squads/d9676424/2023-2024/Clermont-Foot-Stats
FRA-Ligue 1,2324,Le Havre,2,34,34,3060,34,45,1.32,158,114,71.5,7,11,16,7,20.6,4,2,1,1,33.3,/en/squads/5c2737db/2023-2024/Le-Havre-Stats
FRA-Ligue 1,2324,Lens,2,34,34,3060,34,37,1.09,138,101,73.2,14,9,11,14,41.2,8,6,1,1,14.3,/en/squads/fd4e0f7d/2023-2024/Lens-Stats
FRA-Ligue 1,2324,Lille,2,34,34,3060,34,34,1.0,128,94,73.4,16,11,7,15,44.1,5,3,2,0,40.0,/en/squads/cb188c0c/2023-2024/Lille-Stats
FRA-Ligue 1,2324,Lorient,1,34,34,3060,34,66,1.94,207,142,68.1,7,8,19,4,11.8,8,8,0,0,0.0,/en/squads/d2c87802/2023-2024/Lorient-Stats
FRA-Ligue 1,2324,Lyon,2,34,34,3060,34,55,1.62,169,114,67.5,16,5,13,10,29.4,6,4,1,1,20.0,/en/squads/d53c0b06/2023-2024/Lyon-Stats
FRA-Ligue 1,2324,Marseille,2,34,34,3060,34,41,1.21,130,90,68.5,13,11,10,7,20.6,3,3,0,0,0.0,/en/squads/5725cc7b/2023-2024/Marseille-Stats
FRA-Ligue 1,2324,Metz,2,34,34,3060,34,58,1.71,188,130,69.1,8,5,21,6,17.6,6,6,0,0,0.0,/en/squads/f83960ae/2023-2024/Metz-Stats
FRA-Ligue 1,2324,Monaco,2,34,34,3060,34,42,1.24,151,110,72.2,20,7,7,12,35.3,6,5,1,0,16.7,/en/squads/fd6114db/2023-2024/Monaco-Stats
FRA-Ligue 1,2324,Montpellier,2,34,34,3060,34,48,1.41,171,125,71.9,10,12,12,10,29.4,5,4,1,0,20.0,/en/squads/281b0e73/2023-2024/Montpellier-Stats
FRA-Ligue 1,2324,Nantes,3,34,34,3060,34,55,1.62,156,101,64.7,9,6,19,8,23.5,10,9,0,1,0.0,/en/squads/d7a486cd/2023-2024/Nantes-Stats
FRA-Ligue 1,2324,Nice,1,34,34,3060,34,29,0.85,105,74,72.4,15,10,9,17,50.0,8,5,3,0,37.5,/en/squads/132ebc33/2023-2024/Nice-Stats
FRA-Ligue 1,2324,PSG,3,34,34,3058,34,33,0.97,147,113,77.6,22,10,2,12,35.3,5,4,1,0,20.0,/en/squads/e2d8892c/2023-2024/Paris-Saint-Germain-Stats
FRA-Ligue 1,2324,Reims,1,34,34,3060,34,47,1.38,137,90,65.7,13,8,13,8,23.5,7,6,1,0,14.3,/en/squads/7fdd64e0/2023-2024/Reims-Stats
FRA-Ligue 1,2324,Rennes,1,34,34,3060,34,46,1.35,150,104,69.3,12,10,12,7,20.6,3,3,0,0,0.0,/en/squads/b3072e00/2023-2024/Rennes-Stats
FRA-Ligue 1,2324,Strasbourg,2,34,34,3060,34,50,1.47,125,77,60.0,10,9,15,5,14.7,5,4,1,0,20.0,/en/squads/c0d3eab4/2023-2024/Strasbourg-Stats
FRA-Ligue 1,2324,Toulouse,1,34,34,3060,34,46,1.35,139,93,66.9,11,10,13,6,17.6,4,4,0,0,0.0,/en/squads/3f8c4b5f/2023-2024/Toulouse-Stats
FRA-Ligue 1,2425,Angers,2,34,34,3060,34,53,1.56,190,137,72.1,10,6,18,7,20.6,5,4,0,1,0.0,/en/squads/69236f98/2024-2025/Angers-Stats
FRA-Ligue 1,2425,Auxerre,2,34,34,3060,34,51,1.5,173,123,70.5,11,9,14,10,29.4,8,6,2,0,25.0,/en/squads/5ae09109/2024-2025/Auxerre-Stats
FRA-Ligue 1,2425,Brest,2,34,34,3060,34,59,1.74,141,83,58.2,15,5,14,10,29.4,10,8,1,1,11.1,/en/squads/fb08dbb3/2024-2025/Brest-Stats
FRA-Ligue 1,2425,Le Havre,2,34,34,3060,34,71,2.09,175,104,59.4,10,4,20,4,11.8,6,5,1,0,16.7,/en/squads/5c2737db/2024-2025/Le-Havre-Stats
FRA-Ligue 1,2425,Lens,3,34,34,3060,34,39,1.15,142,102,72.5,15,7,12,13,38.2,9,8,1,0,11.1,/en/squads/fd4e0f7d/2024-2025/Lens-Stats
FRA-Ligue 1,2425,Lille,1,34,34,3060,34,36,1.06,126,91,71.4,17,9,8,11,32.4,4,4,0,0,0.0,/en/squads/cb188c0c/2024-2025/Lille-Stats
FRA-Ligue 1,2425,Lyon,2,34,34,3060,34,46,1.35,166,120,72.3,17,6,11,10,29.4,3,3,0,0,0.0,/en/squads/d53c0b06/2024-2025/Lyon-Stats
FRA-Ligue 1,2425,Marseille,1,34,34,3060,34,47,1.38,135,87,65.2,20,5,9,5,14.7,6,3,3,0,50.0,/en/squads/5725cc7b/2024-2025/Marseille-Stats
FRA-Ligue 1,2425,Monaco,2,34,34,3060,34,41,1.21,128,87,68.0,18,7,9,11,32.4,3,3,0,0,0.0,/en/squads/fd6114db/2024-2025/Monaco-Stats
FRA-Ligue 1,2425,Montpellier,2,34,34,3060,34,79,2.32,194,117,59.3,4,4,26,1,2.9,9,8,1,0,11.1,/en/squads/281b0e73/2024-2025/Montpellier-Stats
FRA-Ligue 1,2425,Nantes,3,34,34,3060,34,52,1.53,148,99,64.9,8,12,14,6,17.6,8,7,0,1,0.0,/en/squads/d7a486cd/2024-2025/Nantes-Stats
FRA-Ligue 1,2425,Nice,1,34,34,3060,34,41,1.21,161,120,74.5,17,9,8,8,23.5,3,2,1,0,33.3,/en/squads/132ebc33/2024-2025/Nice-Stats
FRA-Ligue 1,2425,PSG,3,34,34,3060,34,35,1.03,103,69,66.0,26,6,2,7,20.6,3,3,0,0,0.0,/en/squads/e2d8892c/2024-2025/Paris-Saint-Germain-Stats
FRA-Ligue 1,2425,Reims,1,34,34,3060,34,47,1.38,179,131,73.7,8,9,17,7,20.6,5,4,1,0,20.0,/en/squads/7fdd64e0/2024-2025/Reims-Stats
FRA-Ligue 1,2425,Rennes,3,34,34,3060,34,50,1.47,138,87,63.8,13,2,19,11,32.4,6,3,3,0,50.0,/en/squads/b3072e00/2024-2025/Rennes-Stats
FRA-Ligue 1,2425,Saint-Étienne,1,34,34,3060,34,77,2.26,209,132,63.2,8,6,20,5,14.7,15,13,2,0,13.3,/en/squads/d298ef2c/2024-2025/Saint-Etienne-Stats
FRA-Ligue 1,2425,Strasbourg,2,34,34,3060,34,44,1.29,169,126,74.0,16,9,9,10,29.4,9,8,1,0,11.1,/en/squads/c0d3eab4/2024-2025/Strasbourg-Stats
FRA-Ligue 1,2425,Toulouse,3,34,34,3060,34,43,1.26,110,67,60.9,11,9,14,10,29.4,2,1,1,0,50.0,/en/squads/3f8c4b5f/2024-2025/Toulouse-Stats
FRA-Ligue 1,2526,Angers,3,34,34,3060,34,48,1.41,183,134,73.8,9,9,16,10,29.4,6,3,2,1,40.0,/en/squads/69236f98/2025-2026/Angers-Stats
FRA-Ligue 1,2526,Auxerre,2,34,34,3058,34,44,1.29,154,110,71.4,8,10,16,9,26.5,5,3,2,0,40.0,/en/squads/5ae09109/2025-2026/Auxerre-Stats
FRA-Ligue 1,2526,Brest,2,34,34,3056,34,58,1.71,160,102,63.8,10,9,15,9,26.5,5,4,1,0,20.0,/en/squads/fb08dbb3/2025-2026/Brest-Stats
FRA-Ligue 1,2526,Le Havre,3,34,34,3060,34,44,1.29,141,97,68.8,7,14,13,8,23.5,8,6,2,0,25.0,/en/squads/5c2737db/2025-2026/Le-Havre-Stats
FRA-Ligue 1,2526,Lens,2,34,34,3060,34,35,1.03,115,80,69.6,22,4,8,12,35.3,6,3,2,1,40.0,/en/squads/fd4e0f7d/2025-2026/Lens-Stats
FRA-Ligue 1,2526,Lille,2,34,34,3060,34,37,1.09,112,74,67.0,18,7,9,13,38.2,4,2,1,1,33.3,/en/squads/cb188c0c/2025-2026/Lille-Stats
FRA-Ligue 1,2526,Lorient,2,34,34,3060,34,51,1.5,135,84,62.2,11,12,11,7,20.6,6,4,0,2,0.0,/en/squads/d2c87802/2025-2026/Lorient-Stats
FRA-Ligue 1,2526,Lyon,2,34,34,3060,34,40,1.18,132,91,69.7,18,6,10,15,44.1,5,2,3,0,60.0,/en/squads/d53c0b06/2025-2026/Lyon-Stats
FRA-Ligue 1,2526,Marseille,2,34,34,3060,34,45,1.32,134,89,66.4,18,5,11,9,26.5,6,5,0,1,0.0,/en/squads/5725cc7b/2025-2026/Marseille-Stats
FRA-Ligue 1,2526,Metz,2,34,34,3060,34,76,2.24,197,121,61.4,3,8,23,7,20.6,8,7,1,0,12.5,/en/squads/f83960ae/2025-2026/Metz-Stats
FRA-Ligue 1,2526,Monaco,2,34,34,3060,34,54,1.59,147,93,63.3,16,6,12,7,20.6,5,4,0,1,0.0,/en/squads/fd6114db/2025-2026/Monaco-Stats
FRA-Ligue 1,2526,Nantes,2,33,33,2970,33,52,1.58,160,108,67.5,5,8,20,7,21.2,5,5,0,0,0.0,/en/squads/d7a486cd/2025-2026/Nantes-Stats
FRA-Ligue 1,2526,Nice,2,34,34,3060,34,60,1.76,171,111,64.9,7,11,16,6,17.6,10,8,1,1,11.1,/en/squads/132ebc33/2025-2026/Nice-Stats
FRA-Ligue 1,2526,PSG,3,34,34,3060,34,29,0.85,104,75,72.1,24,4,6,18,52.9,4,1,2,1,66.7,/en/squads/e2d8892c/2025-2026/Paris-Saint-Germain-Stats
FRA-Ligue 1,2526,Paris FC,2,34,34,3060,34,50,1.47,134,82,62.7,11,11,12,8,23.5,12,8,2,2,20.0,/en/squads/056a5a75/2025-2026/Paris-FC-Stats
FRA-Ligue 1,2526,Rennes,2,34,34,3060,34,50,1.47,143,92,65.0,17,8,9,10,29.4,6,4,2,0,33.3,/en/squads/b3072e00/2025-2026/Rennes-Stats
FRA-Ligue 1,2526,Strasbourg,2,34,34,3060,34,47,1.38,156,109,69.9,15,8,11,9,26.5,5,4,1,0,20.0,/en/squads/c0d3eab4/2025-2026/Strasbourg-Stats
FRA-Ligue 1,2526,Toulouse,2,33,33,2970,33,46,1.39,131,85,64.9,12,8,13,9,27.3,5,5,0,0,0.0,/en/squads/3f8c4b5f/2025-2026/Toulouse-Stats
ITA-Serie A,1415,Atalanta,3,38,38,3420,38,57,1.5,159,102,64.2,7,16,15,8,21.1,,,,,,/en/squads/922493f3/2014-2015/Atalanta-Stats
ITA-Serie A,1415,Cagliari,3,38,38,3420,38,68,1.79,186,118,63.4,8,10,20,4,10.5,,,,,,/en/squads/c4260e09/2014-2015/Cagliari-Stats
ITA-Serie A,1415,Cesena,3,38,38,3420,38,73,1.92,197,124,62.9,4,12,22,4,10.5,,,,,,/en/squads/283f2557/2014-2015/Cesena-Stats
ITA-Serie A,1415,Chievo,2,38,38,3420,38,41,1.08,146,105,71.9,10,13,15,14,36.8,,,,,,/en/squads/cc919b35/2014-2015/Chievo-Stats
ITA-Serie A,1415,Empoli,2,38,38,3420,38,52,1.37,167,115,68.9,8,18,12,10,26.3,,,,,,/en/squads/a3d88bd8/2014-2015/Empoli-Stats
ITA-Serie A,1415,Fiorentina,2,38,38,3420,38,46,1.21,162,116,71.6,18,10,10,11,28.9,,,,,,/en/squads/421387cf/2014-2015/Fiorentina-Stats
ITA-Serie A,1415,Genoa,2,38,38,3420,38,47,1.24,205,158,77.1,16,11,11,8,21.1,,,,,,/en/squads/658bf2de/2014-2015/Genoa-Stats
ITA-Serie A,1415,Hellas Verona,3,38,38,3420,38,65,1.71,203,138,68.0,11,13,14,7,18.4,,,,,,/en/squads/0e72edf2/2014-2015/Hellas-Verona-Stats
ITA-Serie A,1415,Inter,2,38,38,3420,38,48,1.26,150,102,68.0,14,13,11,11,28.9,,,,,,/en/squads/d609edc0/2014-2015/Internazionale-Stats
ITA-Serie A,1415,Juventus,2,38,38,3420,38,24,0.63,103,79,76.7,26,9,3,19,50.0,,,,,,/en/squads/e0652b02/2014-2015/Juventus-Stats
ITA-Serie A,1415,Lazio,2,38,38,3420,38,38,1.0,152,114,75.0,21,6,11,14,36.8,,,,,,/en/squads/7213da33/2014-2015/Lazio-Stats
ITA-Serie A,1415,Milan,2,38,38,3420,38,50,1.32,173,123,71.1,13,13,12,8,21.1,,,,,,/en/squads/dc56fe14/2014-2015/Milan-Stats
ITA-Serie A,1415,Napoli,2,38,38,3420,38,54,1.42,130,76,58.5,18,9,11,9,23.7,,,,,,/en/squads/d48ad4ff/2014-2015/Napoli-Stats
ITA-Serie A,1415,Palermo,2,38,38,3420,38,55,1.45,167,112,67.1,12,13,13,7,18.4,,,,,,/en/squads/ee058a17/2014-2015/Palermo-Stats
ITA-Serie A,1415,Parma,2,38,38,3420,38,75,1.97,206,131,63.6,6,8,24,8,21.1,,,,,,/en/squads/eab4234c/2014-2015/Parma-Stats
ITA-Serie A,1415,Roma,2,38,38,3420,38,31,0.82,116,85,73.3,19,13,6,17,44.7,,,,,,/en/squads/cf74a709/2014-2015/Roma-Stats
ITA-Serie A,1415,Sampdoria,2,38,38,3420,38,42,1.11,170,128,75.3,13,17,8,11,28.9,,,,,,/en/squads/8ff9e3b3/2014-2015/Sampdoria-Stats
ITA-Serie A,1415,Sassuolo,2,38,38,3420,38,57,1.5,187,130,69.5,12,13,13,8,21.1,,,,,,/en/squads/e2befd26/2014-2015/Sassuolo-Stats
ITA-Serie A,1415,Torino,3,38,38,3420,38,45,1.18,150,105,70.0,14,12,12,11,28.9,,,,,,/en/squads/105360fe/2014-2015/Torino-Stats
ITA-Serie A,1415,Udinese,2,38,38,3357,38,56,1.5,189,133,70.4,10,11,17,7,18.4,,,,,,/en/squads/04eea015/2014-2015/Udinese-Stats
ITA-Serie A,1516,Atalanta,3,38,38,3420,38,47,1.24,151,104,68.9,11,12,15,11,28.9,,,,,,/en/squads/922493f3/2015-2016/Atalanta-Stats
ITA-Serie A,1516,Bologna,2,38,38,3420,38,45,1.18,153,108,70.6,11,9,18,13,34.2,,,,,,/en/squads/1d8099f8/2015-2016/Bologna-Stats
ITA-Serie A,1516,Carpi,4,38,38,3420,38,57,1.5,165,108,65.5,9,11,18,8,21.1,,,,,,/en/squads/71f07916/2015-2016/Carpi-Stats
ITA-Serie A,1516,Chievo,2,38,38,3420,38,45,1.18,175,130,74.3,13,11,14,12,31.6,,,,,,/en/squads/cc919b35/2015-2016/Chievo-Stats
ITA-Serie A,1516,Empoli,3,38,38,3420,38,49,1.29,164,115,70.1,12,10,16,12,31.6,,,,,,/en/squads/a3d88bd8/2015-2016/Empoli-Stats
ITA-Serie A,1516,Fiorentina,2,38,38,3420,38,42,1.11,111,69,62.2,18,10,10,14,36.8,,,,,,/en/squads/421387cf/2015-2016/Fiorentina-Stats
ITA-Serie A,1516,Frosinone,3,38,38,3420,38,76,2.0,223,147,65.9,8,7,23,7,18.4,,,,,,/en/squads/6a7ad59d/2015-2016/Frosinone-Stats
ITA-Serie A,1516,Genoa,2,38,38,3420,38,48,1.26,170,122,71.8,13,7,18,12,31.6,,,,,,/en/squads/658bf2de/2015-2016/Genoa-Stats
ITA-Serie A,1516,Hellas Verona,3,38,38,3420,38,63,1.66,161,98,60.9,5,13,20,3,7.9,,,,,,/en/squads/0e72edf2/2015-2016/Hellas-Verona-Stats
ITA-Serie A,1516,Inter,3,38,38,3420,38,38,1.0,153,115,75.2,20,7,11,15,39.5,,,,,,/en/squads/d609edc0/2015-2016/Internazionale-Stats
ITA-Serie A,1516,Juventus,2,38,38,3420,38,20,0.53,94,74,78.7,29,4,5,22,57.9,,,,,,/en/squads/e0652b02/2015-2016/Juventus-Stats
ITA-Serie A,1516,Lazio,2,38,38,3420,38,52,1.37,155,103,66.5,15,9,14,12,31.6,,,,,,/en/squads/7213da33/2015-2016/Lazio-Stats
ITA-Serie A,1516,Milan,3,38,38,3420,38,43,1.13,142,99,69.7,15,12,11,11,28.9,,,,,,/en/squads/dc56fe14/2015-2016/Milan-Stats
ITA-Serie A,1516,Napoli,2,38,38,3420,38,34,0.89,94,60,63.8,25,7,6,15,39.5,,,,,,/en/squads/d48ad4ff/2015-2016/Napoli-Stats
ITA-Serie A,1516,Palermo,4,38,38,3420,38,65,1.71,199,134,67.3,10,9,19,10,26.3,,,,,,/en/squads/ee058a17/2015-2016/Palermo-Stats
ITA-Serie A,1516,Roma,2,38,38,3420,38,41,1.08,147,106,72.1,23,11,4,8,21.1,,,,,,/en/squads/cf74a709/2015-2016/Roma-Stats
ITA-Serie A,1516,Sampdoria,2,38,38,3420,38,61,1.61,206,145,70.4,10,10,18,7,18.4,,,,,,/en/squads/8ff9e3b3/2015-2016/Sampdoria-Stats
ITA-Serie A,1516,Sassuolo,2,38,38,3420,38,40,1.05,140,100,71.4,16,13,9,11,28.9,,,,,,/en/squads/e2befd26/2015-2016/Sassuolo-Stats
ITA-Serie A,1516,Torino,2,38,38,3420,38,55,1.45,148,93,62.8,12,9,17,6,15.8,,,,,,/en/squads/105360fe/2015-2016/Torino-Stats
ITA-Serie A,1516,Udinese,1,38,38,3420,38,60,1.58,169,109,64.5,10,9,19,8,21.1,,,,,,/en/squads/04eea015/2015-2016/Udinese-Stats
ITA-Serie A,1617,Atalanta,3,38,38,3420,38,41,1.08,122,81,66.4,21,9,8,16,42.1,4,4,0,0,0.0,/en/squads/922493f3/2016-2017/Atalanta-Stats
ITA-Serie A,1617,Bologna,2,38,38,3420,38,58,1.53,188,130,69.1,11,8,19,9,23.7,6,4,1,1,20.0,/en/squads/1d8099f8/2016-2017/Bologna-Stats
ITA-Serie A,1617,Cagliari,4,38,38,3418,38,74,1.95,214,140,65.4,14,5,19,4,10.5,12,7,3,2,30.0,/en/squads/c4260e09/2016-2017/Cagliari-Stats
ITA-Serie A,1617,Chievo,2,38,38,3420,38,61,1.61,188,127,67.6,12,7,19,10,26.3,6,4,0,2,0.0,/en/squads/cc919b35/2016-2017/Chievo-Stats
ITA-Serie A,1617,Crotone,2,38,38,3420,38,58,1.53,216,158,73.1,9,7,22,4,10.5,10,6,2,2,25.0,/en/squads/3074d7b1/2016-2017/Crotone-Stats
ITA-Serie A,1617,Empoli,2,38,38,3420,38,61,1.61,212,151,71.2,8,8,22,10,26.3,9,5,3,1,37.5,/en/squads/a3d88bd8/2016-2017/Empoli-Stats
ITA-Serie A,1617,Fiorentina,4,38,38,3420,38,57,1.5,170,113,66.5,16,12,10,12,31.6,6,5,0,1,0.0,/en/squads/421387cf/2016-2017/Fiorentina-Stats
ITA-Serie A,1617,Genoa,3,38,38,3420,38,64,1.68,166,102,61.4,9,9,20,8,21.1,8,4,2,2,33.3,/en/squads/658bf2de/2016-2017/Genoa-Stats
ITA-Serie A,1617,Inter,2,38,38,3420,38,49,1.29,161,112,69.6,19,5,14,9,23.7,6,5,1,0,16.7,/en/squads/d609edc0/2016-2017/Internazionale-Stats
ITA-Serie A,1617,Juventus,3,38,38,3420,38,27,0.71,108,81,75.0,29,4,5,18,47.4,1,1,0,0,0.0,/en/squads/e0652b02/2016-2017/Juventus-Stats
ITA-Serie A,1617,Lazio,3,38,38,3420,38,51,1.34,168,117,69.6,21,7,10,8,21.1,9,5,2,2,28.6,/en/squads/7213da33/2016-2017/Lazio-Stats
ITA-Serie A,1617,Milan,1,38,38,3420,38,45,1.18,189,144,76.2,18,9,11,12,31.6,10,5,2,3,28.6,/en/squads/dc56fe14/2016-2017/Milan-Stats
ITA-Serie A,1617,Napoli,2,38,38,3420,38,38,1.0,125,87,69.6,26,8,4,12,31.6,4,3,1,0,25.0,/en/squads/d48ad4ff/2016-2017/Napoli-Stats
ITA-Serie A,1617,Palermo,2,38,38,3420,38,77,2.03,210,133,63.3,6,8,24,5,13.2,6,6,0,0,0.0,/en/squads/ee058a17/2016-2017/Palermo-Stats
ITA-Serie A,1617,Pescara,2,38,38,3420,38,83,2.18,211,128,60.7,3,9,26,4,10.5,6,6,0,0,0.0,/en/squads/b985784c/2016-2017/Pescara-Stats
ITA-Serie A,1617,Roma,1,38,38,3420,38,38,1.0,154,116,75.3,28,3,7,14,36.8,4,2,2,0,50.0,/en/squads/cf74a709/2016-2017/Roma-Stats
ITA-Serie A,1617,Sampdoria,2,38,38,3420,38,55,1.45,180,125,69.4,12,12,14,7,18.4,8,6,2,0,25.0,/en/squads/8ff9e3b3/2016-2017/Sampdoria-Stats
ITA-Serie A,1617,Sassuolo,1,38,38,3330,38,56,1.51,191,135,70.7,13,7,18,7,18.4,8,5,2,1,28.6,/en/squads/e2befd26/2016-2017/Sassuolo-Stats
ITA-Serie A,1617,Torino,2,38,38,3420,38,66,1.74,173,107,61.8,13,14,11,5,13.2,7,7,0,0,0.0,/en/squads/105360fe/2016-2017/Torino-Stats
ITA-Serie A,1617,Udinese,2,38,38,3420,38,56,1.47,157,101,64.3,12,9,17,7,18.4,9,8,0,1,0.0,/en/squads/04eea015/2016-2017/Udinese-Stats
ITA-Serie A,1718,Atalanta,3,38,38,3420,38,39,1.03,118,78,66.9,16,12,10,11,28.9,2,1,1,0,50.0,/en/squads/922493f3/2017-2018/Atalanta-Stats
ITA-Serie A,1718,Benevento,3,38,38,3418,38,84,2.21,209,127,59.8,6,3,29,4,10.5,13,10,0,3,0.0,/en/squads/4fcb34fd/2017-2018/Benevento-Stats
ITA-Serie A,1718,Bologna,3,38,38,3420,38,52,1.37,169,117,69.2,11,6,21,8,21.1,4,3,0,1,0.0,/en/squads/1d8099f8/2017-2018/Bologna-Stats
ITA-Serie A,1718,Cagliari,3,38,38,3420,38,61,1.61,172,110,64.5,11,6,21,8,21.1,12,8,2,2,20.0,/en/squads/c4260e09/2017-2018/Cagliari-Stats
ITA-Serie A,1718,Chievo,1,38,38,3420,38,59,1.55,187,129,68.4,10,10,18,7,18.4,7,4,3,0,42.9,/en/squads/cc919b35/2017-2018/Chievo-Stats
ITA-Serie A,1718,Crotone,1,38,38,3420,38,66,1.74,200,133,67.0,9,8,21,5,13.2,8,6,1,1,14.3,/en/squads/3074d7b1/2017-2018/Crotone-Stats
ITA-Serie A,1718,Fiorentina,2,38,38,3419,38,46,1.21,148,101,68.9,16,9,13,14,36.8,3,2,1,0,33.3,/en/squads/421387cf/2017-2018/Fiorentina-Stats
ITA-Serie A,1718,Genoa,2,38,38,3420,38,43,1.13,170,129,74.7,11,8,19,12,31.6,4,4,0,0,0.0,/en/squads/658bf2de/2017-2018/Genoa-Stats
ITA-Serie A,1718,Hellas Verona,2,38,38,3420,38,78,2.05,259,181,69.9,7,4,27,7,18.4,8,6,2,0,25.0,/en/squads/0e72edf2/2017-2018/Hellas-Verona-Stats
ITA-Serie A,1718,Inter,1,38,38,3420,38,30,0.79,117,91,74.4,20,12,6,17,44.7,2,2,0,0,0.0,/en/squads/d609edc0/2017-2018/Internazionale-Stats
ITA-Serie A,1718,Juventus,3,38,38,3420,38,24,0.63,91,68,73.6,30,5,3,22,57.9,4,3,1,0,25.0,/en/squads/e0652b02/2017-2018/Juventus-Stats
ITA-Serie A,1718,Lazio,1,38,38,3420,38,49,1.29,159,111,69.2,21,9,8,11,28.9,10,9,1,0,10.0,/en/squads/7213da33/2017-2018/Lazio-Stats
ITA-Serie A,1718,Milan,1,38,38,3420,38,42,1.11,132,91,68.2,18,10,10,12,31.6,3,2,0,1,0.0,/en/squads/dc56fe14/2017-2018/Milan-Stats
ITA-Serie A,1718,Napoli,2,38,38,3420,38,29,0.76,98,69,70.4,28,7,3,19,50.0,2,2,0,0,0.0,/en/squads/d48ad4ff/2017-2018/Napoli-Stats
ITA-Serie A,1718,Roma,2,38,38,3420,38,28,0.74,138,108,79.7,23,8,7,18,47.4,5,3,2,0,40.0,/en/squads/cf74a709/2017-2018/Roma-Stats
ITA-Serie A,1718,SPAL,3,38,38,3420,38,59,1.55,200,142,70.5,8,14,16,7,18.4,12,9,3,0,25.0,/en/squads/1d2fe027/2017-2018/SPAL-Stats
ITA-Serie A,1718,Sampdoria,3,38,38,3420,38,60,1.58,200,138,70.0,16,6,16,9,23.7,10,6,4,0,40.0,/en/squads/8ff9e3b3/2017-2018/Sampdoria-Stats
ITA-Serie A,1718,Sassuolo,2,38,38,3420,38,59,1.55,178,120,66.9,11,10,17,10,26.3,3,2,1,0,33.3,/en/squads/e2befd26/2017-2018/Sassuolo-Stats
ITA-Serie A,1718,Torino,2,38,38,3420,38,46,1.21,160,111,71.3,13,15,10,10,26.3,8,5,3,0,37.5,/en/squads/105360fe/2017-2018/Torino-Stats
ITA-Serie A,1718,Udinese,2,38,38,3420,38,63,1.66,170,108,62.9,12,4,22,9,23.7,6,2,3,1,60.0,/en/squads/04eea015/2017-2018/Udinese-Stats
ITA-Serie A,1819,Atalanta,3,38,38,3420,38,46,1.21,133,90,65.4,20,9,9,9,23.7,5,4,0,1,0.0,/en/squads/922493f3/2018-2019/Atalanta-Stats
ITA-Serie A,1819,Bologna,1,38,38,3420,38,56,1.47,173,118,67.6,11,11,16,10,26.3,4,4,0,0,0.0,/en/squads/1d8099f8/2018-2019/Bologna-Stats
ITA-Serie A,1819,Cagliari,1,38,38,3420,38,54,1.42,205,151,73.7,10,11,17,7,18.4,10,8,2,0,20.0,/en/squads/c4260e09/2018-2019/Cagliari-Stats
ITA-Serie A,1819,Chievo,3,38,38,3420,38,75,1.97,211,136,64.5,2,14,22,7,18.4,4,2,2,0,50.0,/en/squads/cc919b35/2018-2019/Chievo-Stats
ITA-Serie A,1819,Empoli,3,38,38,3420,38,70,1.84,235,166,70.2,10,8,20,5,13.2,8,6,1,1,14.3,/en/squads/a3d88bd8/2018-2019/Empoli-Stats
ITA-Serie A,1819,Fiorentina,3,38,38,3420,38,45,1.18,147,104,69.4,8,17,13,9,23.7,6,5,1,0,16.7,/en/squads/421387cf/2018-2019/Fiorentina-Stats
ITA-Serie A,1819,Frosinone,2,38,38,3420,38,69,1.82,213,145,67.6,5,10,23,9,23.7,5,5,0,0,0.0,/en/squads/6a7ad59d/2018-2019/Frosinone-Stats
ITA-Serie A,1819,Genoa,3,38,38,3420,38,57,1.5,170,113,66.5,8,14,16,7,18.4,6,5,1,0,16.7,/en/squads/658bf2de/2018-2019/Genoa-Stats
ITA-Serie A,1819,Inter,1,38,38,3420,38,33,0.87,130,97,74.6,20,9,9,17,44.7,5,3,0,2,0.0,/en/squads/d609edc0/2018-2019/Internazionale-Stats
ITA-Serie A,1819,Juventus,3,38,38,3420,38,30,0.79,111,81,73.0,28,6,4,16,42.1,4,2,1,1,33.3,/en/squads/e0652b02/2018-2019/Juventus-Stats
ITA-Serie A,1819,Lazio,3,38,38,3420,38,46,1.21,149,105,69.1,17,8,13,10,26.3,6,5,1,0,16.7,/en/squads/7213da33/2018-2019/Lazio-Stats
ITA-Serie A,1819,Milan,2,38,38,3420,38,36,0.95,140,104,74.3,19,11,8,12,31.6,5,4,1,0,20.0,/en/squads/dc56fe14/2018-2019/Milan-Stats
ITA-Serie A,1819,Napoli,3,38,38,3417,38,36,0.95,137,101,73.7,24,7,7,14,36.8,4,4,0,0,0.0,/en/squads/d48ad4ff/2018-2019/Napoli-Stats
ITA-Serie A,1819,Parma,2,38,38,3420,38,61,1.61,205,149,70.2,10,11,17,10,26.3,8,8,0,0,0.0,/en/squads/eab4234c/2018-2019/Parma-Stats
ITA-Serie A,1819,Roma,2,38,38,3420,38,48,1.26,164,116,70.7,18,12,8,10,26.3,7,4,1,2,20.0,/en/squads/cf74a709/2018-2019/Roma-Stats
ITA-Serie A,1819,SPAL,4,38,38,3417,38,56,1.47,176,120,68.2,11,9,18,10,26.3,5,5,0,0,0.0,/en/squads/1d2fe027/2018-2019/SPAL-Stats
ITA-Serie A,1819,Sampdoria,2,38,38,3420,38,51,1.34,149,98,65.8,15,8,15,13,34.2,8,7,1,0,12.5,/en/squads/8ff9e3b3/2018-2019/Sampdoria-Stats
ITA-Serie A,1819,Sassuolo,2,38,38,3415,38,60,1.58,167,106,64.1,9,16,13,12,31.6,8,4,3,1,42.9,/en/squads/e2befd26/2018-2019/Sassuolo-Stats
ITA-Serie A,1819,Torino,2,38,38,3420,38,37,0.97,145,106,74.5,16,15,7,15,39.5,5,3,2,0,40.0,/en/squads/105360fe/2018-2019/Torino-Stats
ITA-Serie A,1819,Udinese,2,38,38,3420,38,53,1.39,182,130,70.9,11,10,17,9,23.7,9,9,0,0,0.0,/en/squads/04eea015/2018-2019/Udinese-Stats
ITA-Serie A,1920,Atalanta,3,38,38,3420,38,48,1.26,139,94,65.5,23,9,6,10,26.3,6,6,0,0,0.0,/en/squads/922493f3/2019-2020/Atalanta-Stats
ITA-Serie A,1920,Bologna,2,38,38,3420,38,65,1.71,189,124,65.6,12,11,15,2,5.3,8,6,1,1,14.3,/en/squads/1d8099f8/2019-2020/Bologna-Stats
ITA-Serie A,1920,Brescia,3,38,38,3420,38,79,2.08,236,159,66.5,6,7,25,6,15.8,11,9,1,1,10.0,/en/squads/4ef57aeb/2019-2020/Brescia-Stats
ITA-Serie A,1920,Cagliari,3,38,38,3418,38,56,1.47,195,141,71.3,11,12,15,7,18.4,9,7,1,1,12.5,/en/squads/c4260e09/2019-2020/Cagliari-Stats
ITA-Serie A,1920,Fiorentina,3,38,38,3420,38,48,1.26,162,112,70.4,12,13,13,11,28.9,11,9,2,0,18.2,/en/squads/421387cf/2019-2020/Fiorentina-Stats
ITA-Serie A,1920,Genoa,2,38,38,3420,38,73,1.92,201,130,63.7,10,9,19,7,18.4,9,7,0,2,0.0,/en/squads/658bf2de/2019-2020/Genoa-Stats
ITA-Serie A,1920,Hellas Verona,2,38,38,3420,38,51,1.34,174,124,70.7,12,13,13,10,26.3,9,9,0,0,0.0,/en/squads/0e72edf2/2019-2020/Hellas-Verona-Stats
ITA-Serie A,1920,Inter,2,38,38,3420,38,36,0.95,118,82,69.5,24,10,4,14,36.8,4,3,1,0,25.0,/en/squads/d609edc0/2019-2020/Internazionale-Stats
ITA-Serie A,1920,Juventus,3,38,38,3420,38,43,1.13,162,118,73.5,26,5,7,12,31.6,12,9,1,2,10.0,/en/squads/e0652b02/2019-2020/Juventus-Stats
ITA-Serie A,1920,Lazio,1,38,38,3420,38,42,1.11,154,112,72.7,24,6,8,11,28.9,9,7,1,1,12.5,/en/squads/7213da33/2019-2020/Lazio-Stats
ITA-Serie A,1920,Lecce,2,38,38,3420,38,85,2.24,256,172,66.8,9,8,21,3,7.9,13,11,2,0,15.4,/en/squads/ffcbe334/2019-2020/Lecce-Stats
ITA-Serie A,1920,Milan,3,38,38,3420,38,46,1.21,154,104,70.1,19,9,10,12,31.6,10,5,5,0,50.0,/en/squads/dc56fe14/2019-2020/Milan-Stats
ITA-Serie A,1920,Napoli,2,38,38,3420,38,50,1.32,138,88,63.8,18,8,12,7,18.4,8,7,1,0,12.5,/en/squads/d48ad4ff/2019-2020/Napoli-Stats
ITA-Serie A,1920,Parma,2,38,38,3420,38,57,1.5,212,152,73.1,14,7,17,6,15.8,11,7,3,1,30.0,/en/squads/eab4234c/2019-2020/Parma-Stats
ITA-Serie A,1920,Roma,3,38,38,3420,38,51,1.34,158,106,67.7,21,7,10,7,18.4,10,9,1,0,10.0,/en/squads/cf74a709/2019-2020/Roma-Stats
ITA-Serie A,1920,SPAL,3,38,38,3420,38,77,2.03,228,153,66.2,5,5,28,3,7.9,8,7,1,0,12.5,/en/squads/1d2fe027/2019-2020/SPAL-Stats
ITA-Serie A,1920,Sampdoria,2,38,38,3420,38,65,1.71,178,117,63.5,12,6,20,9,23.7,9,8,0,1,0.0,/en/squads/8ff9e3b3/2019-2020/Sampdoria-Stats
ITA-Serie A,1920,Sassuolo,3,38,38,3420,38,63,1.66,184,124,65.8,14,9,15,7,18.4,9,8,1,0,11.1,/en/squads/e2befd26/2019-2020/Sassuolo-Stats
ITA-Serie A,1920,Torino,3,38,38,3420,38,68,1.79,208,142,67.3,11,7,20,7,18.4,11,10,1,0,9.1,/en/squads/105360fe/2019-2020/Torino-Stats
ITA-Serie A,1920,Udinese,1,38,38,3420,38,51,1.34,194,141,73.7,12,9,17,14,36.8,10,8,2,0,20.0,/en/squads/04eea015/2019-2020/Udinese-Stats
ITA-Serie A,2021,Atalanta,2,38,38,3417,38,47,1.24,112,63,58.0,23,9,6,11,28.9,8,5,3,0,37.5,/en/squads/922493f3/2020-2021/Atalanta-Stats
ITA-Serie A,2021,Benevento,2,38,38,3420,38,75,1.97,182,107,58.8,7,12,19,7,18.4,5,4,1,0,20.0,/en/squads/4fcb34fd/2020-2021/Benevento-Stats
ITA-Serie A,2021,Bologna,3,38,38,3420,38,65,1.71,193,128,66.3,10,11,17,5,13.2,9,7,2,0,22.2,/en/squads/1d8099f8/2020-2021/Bologna-Stats
ITA-Serie A,2021,Cagliari,2,38,38,3420,38,59,1.55,203,144,70.9,9,10,19,7,18.4,5,5,0,0,0.0,/en/squads/c4260e09/2020-2021/Cagliari-Stats
ITA-Serie A,2021,Crotone,3,38,38,3420,38,92,2.42,216,126,57.4,6,5,27,3,7.9,5,5,0,0,0.0,/en/squads/3074d7b1/2020-2021/Crotone-Stats
ITA-Serie A,2021,Fiorentina,2,38,38,3420,38,59,1.55,152,92,61.2,9,13,16,9,23.7,11,8,3,0,27.3,/en/squads/421387cf/2020-2021/Fiorentina-Stats
ITA-Serie A,2021,Genoa,3,38,38,3419,38,58,1.53,188,132,69.1,10,12,16,9,23.7,7,7,0,0,0.0,/en/squads/658bf2de/2020-2021/Genoa-Stats
ITA-Serie A,2021,Hellas Verona,3,38,38,3420,38,48,1.26,145,99,66.9,11,12,15,7,18.4,7,6,0,1,0.0,/en/squads/0e72edf2/2020-2021/Hellas-Verona-Stats
ITA-Serie A,2021,Inter,3,38,38,3420,38,35,0.92,118,82,70.3,28,7,3,14,36.8,7,5,2,0,28.6,/en/squads/d609edc0/2020-2021/Internazionale-Stats
ITA-Serie A,2021,Juventus,3,38,38,3420,38,38,1.0,121,82,68.6,23,9,6,8,21.1,9,6,3,0,33.3,/en/squads/e0652b02/2020-2021/Juventus-Stats
ITA-Serie A,2021,Lazio,2,38,38,3420,38,55,1.45,151,98,63.6,21,5,12,12,31.6,10,10,0,0,0.0,/en/squads/7213da33/2020-2021/Lazio-Stats
ITA-Serie A,2021,Milan,2,38,38,3420,38,41,1.08,133,92,69.2,24,7,7,14,36.8,5,3,1,1,25.0,/en/squads/dc56fe14/2020-2021/Milan-Stats
ITA-Serie A,2021,Napoli,2,38,38,3420,38,41,1.08,123,83,66.7,24,5,9,14,36.8,5,5,0,0,0.0,/en/squads/d48ad4ff/2020-2021/Napoli-Stats
ITA-Serie A,2021,Parma,2,38,38,3420,38,83,2.18,194,111,57.2,3,11,24,5,13.2,3,3,0,0,0.0,/en/squads/eab4234c/2020-2021/Parma-Stats
ITA-Serie A,2021,Roma,3,38,38,3420,38,58,1.53,167,114,65.3,18,8,12,11,28.9,6,5,1,0,16.7,/en/squads/cf74a709/2020-2021/Roma-Stats
ITA-Serie A,2021,Sampdoria,2,38,38,3420,38,54,1.42,174,119,69.0,15,7,16,7,18.4,9,7,2,0,22.2,/en/squads/8ff9e3b3/2020-2021/Sampdoria-Stats
ITA-Serie A,2021,Sassuolo,2,38,38,3420,38,56,1.47,186,130,69.9,17,11,10,8,21.1,5,4,1,0,20.0,/en/squads/e2befd26/2020-2021/Sassuolo-Stats
ITA-Serie A,2021,Spezia,3,38,38,3420,38,72,1.89,178,105,59.6,9,12,17,5,13.2,10,9,1,0,10.0,/en/squads/68449f6d/2020-2021/Spezia-Stats
ITA-Serie A,2021,Torino,3,38,38,3420,38,69,1.82,157,88,56.1,7,16,15,8,21.1,10,9,0,1,0.0,/en/squads/105360fe/2020-2021/Torino-Stats
ITA-Serie A,2021,Udinese,4,38,38,3420,38,58,1.53,159,101,63.5,10,10,18,8,21.1,14,14,0,0,0.0,/en/squads/04eea015/2020-2021/Udinese-Stats
ITA-Serie A,2122,Atalanta,3,38,38,3419,38,48,1.26,139,94,65.5,16,11,11,10,26.3,6,5,0,1,0.0,/en/squads/922493f3/2021-2022/Atalanta-Stats
ITA-Serie A,2122,Bologna,3,38,38,3420,38,55,1.45,184,130,70.1,12,10,16,13,34.2,9,8,1,0,11.1,/en/squads/1d8099f8/2021-2022/Bologna-Stats
ITA-Serie A,2122,Cagliari,2,38,38,3420,38,68,1.79,185,115,63.2,6,12,20,3,7.9,10,7,3,0,30.0,/en/squads/c4260e09/2021-2022/Cagliari-Stats
ITA-Serie A,2122,Empoli,1,38,38,3420,38,70,1.84,216,150,67.6,10,11,17,7,18.4,10,5,2,3,28.6,/en/squads/a3d88bd8/2021-2022/Empoli-Stats
ITA-Serie A,2122,Fiorentina,2,38,38,3418,38,51,1.34,126,75,59.5,19,5,14,11,28.9,5,3,2,0,40.0,/en/squads/421387cf/2021-2022/Fiorentina-Stats
ITA-Serie A,2122,Genoa,2,38,38,3420,38,60,1.58,184,125,67.4,4,16,18,10,26.3,5,4,1,0,20.0,/en/squads/658bf2de/2021-2022/Genoa-Stats
ITA-Serie A,2122,Hellas Verona,3,38,38,3420,38,59,1.55,159,101,62.9,14,11,13,4,10.5,4,3,1,0,25.0,/en/squads/0e72edf2/2021-2022/Hellas-Verona-Stats
ITA-Serie A,2122,Inter,2,38,38,3420,38,32,0.84,127,96,74.8,25,9,4,15,39.5,4,4,0,0,0.0,/en/squads/d609edc0/2021-2022/Internazionale-Stats
ITA-Serie A,2122,Juventus,3,38,38,3420,38,37,0.97,123,84,69.9,20,10,8,13,34.2,7,4,3,0,42.9,/en/squads/e0652b02/2021-2022/Juventus-Stats
ITA-Serie A,2122,Lazio,2,38,38,3420,38,58,1.53,146,89,60.3,18,10,10,9,23.7,6,5,0,1,0.0,/en/squads/7213da33/2021-2022/Lazio-Stats
ITA-Serie A,2122,Milan,2,38,38,3420,38,31,0.82,125,95,75.2,26,8,4,18,47.4,5,4,1,0,20.0,/en/squads/dc56fe14/2021-2022/Milan-Stats
ITA-Serie A,2122,Napoli,3,38,38,3420,38,31,0.82,137,106,77.4,24,7,7,16,42.1,1,1,0,0,0.0,/en/squads/d48ad4ff/2021-2022/Napoli-Stats
ITA-Serie A,2122,Roma,1,38,38,3420,38,43,1.13,146,104,70.5,18,9,11,15,39.5,6,5,1,0,16.7,/en/squads/cf74a709/2021-2022/Roma-Stats
ITA-Serie A,2122,Salernitana,3,38,38,3420,38,78,2.05,221,144,64.7,7,10,21,2,5.3,8,6,1,1,14.3,/en/squads/c5577084/2021-2022/Salernitana-Stats
ITA-Serie A,2122,Sampdoria,3,38,38,3420,38,63,1.66,185,123,65.9,10,6,22,7,18.4,4,3,1,0,25.0,/en/squads/8ff9e3b3/2021-2022/Sampdoria-Stats
ITA-Serie A,2122,Sassuolo,3,38,38,3420,38,66,1.74,177,111,62.7,13,11,14,3,7.9,9,8,1,0,11.1,/en/squads/e2befd26/2021-2022/Sassuolo-Stats
ITA-Serie A,2122,Spezia,3,38,38,3420,38,71,1.87,208,139,65.9,10,6,22,7,18.4,13,10,1,2,9.1,/en/squads/68449f6d/2021-2022/Spezia-Stats
ITA-Serie A,2122,Torino,3,38,38,3420,38,41,1.08,124,81,66.9,13,11,14,9,23.7,11,9,2,0,18.2,/en/squads/105360fe/2021-2022/Torino-Stats
ITA-Serie A,2122,Udinese,2,38,38,3420,38,58,1.53,162,105,64.2,11,14,13,8,21.1,7,5,0,2,0.0,/en/squads/04eea015/2021-2022/Udinese-Stats
ITA-Serie A,2122,Venezia,3,38,38,3420,38,69,1.82,228,161,69.7,6,9,23,4,10.5,12,11,0,1,0.0,/en/squads/af5d5982/2021-2022/Venezia-Stats
ITA-Serie A,2223,Atalanta,3,38,38,3420,38,48,1.26,153,107,68.6,19,7,12,9,23.7,3,3,0,0,0.0,/en/squads/922493f3/2022-2023/Atalanta-Stats
ITA-Serie A,2223,Bologna,2,38,38,3420,38,49,1.29,165,117,70.3,14,12,12,8,21.1,9,7,2,0,22.2,/en/squads/1d8099f8/2022-2023/Bologna-Stats
ITA-Serie A,2223,Cremonese,3,38,38,3420,38,69,1.82,225,157,69.3,5,12,21,6,15.8,5,5,0,0,0.0,/en/squads/9aad3a77/2022-2023/Cremonese-Stats
ITA-Serie A,2223,Empoli,3,38,38,3420,38,49,1.29,159,110,69.2,10,13,15,9,23.7,6,4,1,1,20.0,/en/squads/a3d88bd8/2022-2023/Empoli-Stats
ITA-Serie A,2223,Fiorentina,4,38,38,3420,38,43,1.13,120,78,64.2,15,11,12,10,26.3,8,7,1,0,12.5,/en/squads/421387cf/2022-2023/Fiorentina-Stats
ITA-Serie A,2223,Hellas Verona,2,38,38,3420,38,59,1.55,187,128,68.4,7,10,21,6,15.8,2,1,1,0,50.0,/en/squads/0e72edf2/2022-2023/Hellas-Verona-Stats
ITA-Serie A,2223,Inter,3,38,38,3420,38,42,1.11,140,98,70.0,23,3,12,13,34.2,3,3,0,0,0.0,/en/squads/d609edc0/2022-2023/Internazionale-Stats
ITA-Serie A,2223,Juventus,2,38,38,3420,38,33,0.87,133,99,75.2,22,6,10,20,52.6,5,4,1,0,20.0,/en/squads/e0652b02/2022-2023/Juventus-Stats
ITA-Serie A,2223,Lazio,2,38,38,3418,38,30,0.79,129,99,76.7,22,8,8,21,55.3,2,1,0,1,0.0,/en/squads/7213da33/2022-2023/Lazio-Stats
ITA-Serie A,2223,Lecce,1,38,38,3420,38,46,1.21,156,112,70.5,8,12,18,6,15.8,6,5,1,0,16.7,/en/squads/ffcbe334/2022-2023/Lecce-Stats
ITA-Serie A,2223,Milan,3,38,38,3420,38,43,1.13,123,80,65.0,20,10,8,12,31.6,5,4,1,0,20.0,/en/squads/dc56fe14/2022-2023/Milan-Stats
ITA-Serie A,2223,Monza,2,38,38,3420,38,52,1.37,172,121,69.8,14,10,14,10,26.3,3,3,0,0,0.0,/en/squads/21680aa4/2022-2023/Monza-Stats
ITA-Serie A,2223,Napoli,2,38,38,3420,38,28,0.74,107,78,73.8,28,6,4,18,47.4,2,1,1,0,50.0,/en/squads/d48ad4ff/2022-2023/Napoli-Stats
ITA-Serie A,2223,Roma,2,38,38,3420,38,38,1.0,118,80,67.8,18,9,11,14,36.8,3,2,1,0,33.3,/en/squads/cf74a709/2022-2023/Roma-Stats
ITA-Serie A,2223,Salernitana,3,38,38,3420,38,62,1.63,196,130,68.4,9,15,14,7,18.4,11,7,4,0,36.4,/en/squads/c5577084/2022-2023/Salernitana-Stats
ITA-Serie A,2223,Sampdoria,3,38,38,3420,38,71,1.87,215,144,67.0,3,10,25,4,10.5,11,8,2,1,20.0,/en/squads/8ff9e3b3/2022-2023/Sampdoria-Stats
ITA-Serie A,2223,Sassuolo,3,38,38,3420,38,61,1.61,130,71,53.1,12,9,17,9,23.7,4,4,0,0,0.0,/en/squads/e2befd26/2022-2023/Sassuolo-Stats
ITA-Serie A,2223,Spezia,4,38,38,3420,38,62,1.63,183,123,66.1,6,13,19,6,15.8,7,5,1,1,16.7,/en/squads/68449f6d/2022-2023/Spezia-Stats
ITA-Serie A,2223,Torino,1,38,38,3420,38,41,1.08,136,95,69.9,14,11,13,11,28.9,6,5,0,1,0.0,/en/squads/105360fe/2022-2023/Torino-Stats
ITA-Serie A,2223,Udinese,1,38,38,3420,38,48,1.26,137,91,65.0,11,13,14,10,26.3,7,6,0,1,0.0,/en/squads/04eea015/2022-2023/Udinese-Stats
ITA-Serie A,2324,Atalanta,3,38,38,3420,38,42,1.11,142,99,70.4,21,6,11,15,39.5,9,6,2,1,25.0,/en/squads/922493f3/2023-2024/Atalanta-Stats
ITA-Serie A,2324,Bologna,3,38,38,3420,38,32,0.84,125,91,74.4,18,14,6,17,44.7,7,3,2,2,40.0,/en/squads/1d8099f8/2023-2024/Bologna-Stats
ITA-Serie A,2324,Cagliari,3,38,38,3420,38,68,1.79,157,92,56.7,8,12,18,5,13.2,5,4,0,1,0.0,/en/squads/c4260e09/2023-2024/Cagliari-Stats
ITA-Serie A,2324,Empoli,3,38,38,3420,38,54,1.42,185,130,70.8,9,9,20,9,23.7,8,6,2,0,25.0,/en/squads/a3d88bd8/2023-2024/Empoli-Stats
ITA-Serie A,2324,Fiorentina,3,38,38,3420,38,46,1.21,148,101,68.9,17,9,12,8,21.1,9,8,1,0,11.1,/en/squads/421387cf/2023-2024/Fiorentina-Stats
ITA-Serie A,2324,Frosinone,2,38,38,3420,38,69,1.82,180,112,61.7,8,11,19,7,18.4,8,5,1,2,16.7,/en/squads/6a7ad59d/2023-2024/Frosinone-Stats
ITA-Serie A,2324,Genoa,3,38,38,3420,38,45,1.18,139,94,67.6,12,13,13,9,23.7,4,3,1,0,25.0,/en/squads/658bf2de/2023-2024/Genoa-Stats
ITA-Serie A,2324,Hellas Verona,2,38,38,3420,38,51,1.34,163,113,68.7,9,11,18,8,21.1,2,2,0,0,0.0,/en/squads/0e72edf2/2023-2024/Hellas-Verona-Stats
ITA-Serie A,2324,Inter,3,38,38,3420,38,22,0.58,113,90,80.5,29,7,2,21,55.3,4,2,1,1,33.3,/en/squads/d609edc0/2023-2024/Internazionale-Stats
ITA-Serie A,2324,Juventus,3,38,38,3420,38,31,0.82,116,86,73.3,19,14,5,17,44.7,3,2,1,0,33.3,/en/squads/e0652b02/2023-2024/Juventus-Stats
ITA-Serie A,2324,Lazio,2,38,38,3420,38,39,1.03,148,109,73.6,18,7,13,13,34.2,3,2,0,1,0.0,/en/squads/7213da33/2023-2024/Lazio-Stats
ITA-Serie A,2324,Lecce,1,38,38,3420,38,54,1.42,173,119,68.8,8,14,16,7,18.4,6,5,1,0,16.7,/en/squads/ffcbe334/2023-2024/Lecce-Stats
ITA-Serie A,2324,Milan,4,38,38,3419,38,49,1.29,163,115,69.9,22,9,7,13,34.2,8,8,0,0,0.0,/en/squads/dc56fe14/2023-2024/Milan-Stats
ITA-Serie A,2324,Monza,2,38,38,3420,38,51,1.34,191,138,73.3,11,12,15,12,31.6,9,7,2,0,22.2,/en/squads/21680aa4/2023-2024/Monza-Stats
ITA-Serie A,2324,Napoli,3,38,38,3420,38,48,1.26,128,78,62.5,13,14,11,7,18.4,4,2,2,0,50.0,/en/squads/d48ad4ff/2023-2024/Napoli-Stats
ITA-Serie A,2324,Roma,2,38,38,3420,38,46,1.21,151,107,69.5,18,9,11,11,28.9,5,3,1,1,25.0,/en/squads/cf74a709/2023-2024/Roma-Stats
ITA-Serie A,2324,Salernitana,3,38,38,3420,38,81,2.13,207,128,60.9,2,11,25,2,5.3,10,10,0,0,0.0,/en/squads/c5577084/2023-2024/Salernitana-Stats
ITA-Serie A,2324,Sassuolo,2,38,38,3420,38,75,1.97,173,101,56.6,7,9,22,3,7.9,11,8,1,2,11.1,/en/squads/e2befd26/2023-2024/Sassuolo-Stats
ITA-Serie A,2324,Torino,2,38,38,3420,38,36,0.95,143,107,74.8,13,14,11,18,47.4,7,7,0,0,0.0,/en/squads/105360fe/2023-2024/Torino-Stats
ITA-Serie A,2324,Udinese,2,38,38,3420,38,53,1.39,157,105,66.2,6,19,13,9,23.7,9,9,0,0,0.0,/en/squads/04eea015/2023-2024/Udinese-Stats
ITA-Serie A,2425,Atalanta,3,38,38,3420,38,37,0.97,149,112,75.2,22,8,8,15,39.5,2,2,0,0,0.0,/en/squads/922493f3/2024-2025/Atalanta-Stats
ITA-Serie A,2425,Bologna,2,38,38,3420,38,47,1.24,106,60,55.7,16,14,8,12,31.6,3,2,1,0,33.3,/en/squads/1d8099f8/2024-2025/Bologna-Stats
ITA-Serie A,2425,Cagliari,4,38,38,3420,38,56,1.47,153,97,63.4,9,9,20,7,18.4,6,6,0,0,0.0,/en/squads/c4260e09/2024-2025/Cagliari-Stats
ITA-Serie A,2425,Como,3,38,38,3420,38,52,1.37,143,91,63.6,13,10,15,7,18.4,7,7,0,0,0.0,/en/squads/28c9c3cd/2024-2025/Como-Stats
ITA-Serie A,2425,Empoli,3,38,38,3420,38,59,1.55,158,99,62.7,6,13,19,6,15.8,3,1,1,1,50.0,/en/squads/a3d88bd8/2024-2025/Empoli-Stats
ITA-Serie A,2425,Fiorentina,2,38,38,3420,38,41,1.08,148,106,72.3,19,8,11,12,31.6,3,1,2,0,66.7,/en/squads/421387cf/2024-2025/Fiorentina-Stats
ITA-Serie A,2425,Genoa,4,38,38,3420,38,49,1.29,158,110,69.0,10,13,15,11,28.9,8,6,2,0,25.0,/en/squads/658bf2de/2024-2025/Genoa-Stats
ITA-Serie A,2425,Hellas Verona,2,38,38,3420,38,66,1.74,172,106,61.6,10,7,21,8,21.1,4,2,1,1,33.3,/en/squads/0e72edf2/2024-2025/Hellas-Verona-Stats
ITA-Serie A,2425,Inter,2,38,38,3420,38,35,0.92,130,95,73.1,24,9,5,16,42.1,4,3,1,0,25.0,/en/squads/d609edc0/2024-2025/Internazionale-Stats
ITA-Serie A,2425,Juventus,2,38,38,3420,38,35,0.92,119,84,70.6,18,16,4,17,44.7,5,5,0,0,0.0,/en/squads/e0652b02/2024-2025/Juventus-Stats
ITA-Serie A,2425,Lazio,2,38,38,3420,38,49,1.29,119,72,58.8,18,11,9,9,23.7,4,4,0,0,0.0,/en/squads/7213da33/2024-2025/Lazio-Stats
ITA-Serie A,2425,Lecce,1,38,38,3420,38,58,1.53,181,125,68.0,8,10,20,9,23.7,10,8,1,1,11.1,/en/squads/ffcbe334/2024-2025/Lecce-Stats
ITA-Serie A,2425,Milan,2,38,38,3420,38,43,1.13,144,101,70.1,18,9,11,13,34.2,2,1,1,0,50.0,/en/squads/dc56fe14/2024-2025/Milan-Stats
ITA-Serie A,2425,Monza,3,38,38,3420,38,69,1.82,183,115,62.3,3,9,26,3,7.9,4,2,2,0,50.0,/en/squads/21680aa4/2024-2025/Monza-Stats
ITA-Serie A,2425,Napoli,3,38,38,3420,38,27,0.71,96,69,71.9,24,10,4,19,50.0,4,1,2,1,66.7,/en/squads/d48ad4ff/2024-2025/Napoli-Stats
ITA-Serie A,2425,Parma,2,38,38,3330,38,58,1.57,158,102,63.3,7,15,16,7,18.4,5,5,0,0,0.0,/en/squads/eab4234c/2024-2025/Parma-Stats
ITA-Serie A,2425,Roma,1,38,38,3420,38,35,0.92,151,117,76.8,20,9,9,16,42.1,4,4,0,0,0.0,/en/squads/cf74a709/2024-2025/Roma-Stats
ITA-Serie A,2425,Torino,2,38,38,3420,38,45,1.18,180,133,75.0,10,14,14,10,26.3,7,3,4,0,57.1,/en/squads/105360fe/2024-2025/Torino-Stats
ITA-Serie A,2425,Udinese,3,38,38,3420,38,56,1.47,164,113,65.9,12,8,18,9,23.7,8,7,0,1,0.0,/en/squads/04eea015/2024-2025/Udinese-Stats
ITA-Serie A,2425,Venezia,3,38,38,3420,38,56,1.47,188,134,70.2,5,14,19,6,15.8,11,10,1,0,9.1,/en/squads/af5d5982/2024-2025/Venezia-Stats
ITA-Serie A,2526,Atalanta,2,38,38,3420,38,36,0.95,152,115,76.3,15,14,9,13,34.2,4,2,2,0,50.0,/en/squads/922493f3/2025-2026/Atalanta-Stats
ITA-Serie A,2526,Bologna,3,38,38,3415,38,49,1.29,141,92,65.2,16,8,14,12,31.6,4,4,0,0,0.0,/en/squads/1d8099f8/2025-2026/Bologna-Stats
ITA-Serie A,2526,Cagliari,1,38,38,3420,38,53,1.39,175,121,69.7,11,10,17,8,21.1,2,2,0,0,0.0,/en/squads/c4260e09/2025-2026/Cagliari-Stats
ITA-Serie A,2526,Como,1,38,38,3420,38,29,0.76,116,86,75.0,20,11,7,19,50.0,6,5,1,0,16.7,/en/squads/28c9c3cd/2025-2026/Como-Stats
ITA-Serie A,2526,Cremonese,2,38,38,3420,38,57,1.5,195,138,70.8,8,10,20,11,28.9,6,4,2,0,33.3,/en/squads/9aad3a77/2025-2026/Cremonese-Stats
ITA-Serie A,2526,Fiorentina,3,38,38,3420,38,50,1.32,176,125,71.6,9,15,14,10,26.3,6,5,1,0,16.7,/en/squads/421387cf/2025-2026/Fiorentina-Stats
ITA-Serie A,2526,Genoa,3,38,38,3418,38,52,1.37,163,111,68.1,10,11,17,9,23.7,7,7,0,0,0.0,/en/squads/658bf2de/2025-2026/Genoa-Stats
ITA-Serie A,2526,Hellas Verona,2,38,38,3420,38,61,1.61,157,95,61.1,3,12,23,6,15.8,5,2,3,0,60.0,/en/squads/0e72edf2/2025-2026/Hellas-Verona-Stats
ITA-Serie A,2526,Inter,3,38,38,3420,38,35,0.92,111,75,68.5,27,6,5,18,47.4,4,4,0,0,0.0,/en/squads/d609edc0/2025-2026/Internazionale-Stats
ITA-Serie A,2526,Juventus,2,38,38,3420,38,34,0.89,108,73,68.5,19,12,7,16,42.1,3,1,0,2,0.0,/en/squads/e0652b02/2025-2026/Juventus-Stats
ITA-Serie A,2526,Lazio,3,38,38,3420,38,40,1.05,158,116,74.7,14,12,12,15,39.5,5,3,2,0,40.0,/en/squads/7213da33/2025-2026/Lazio-Stats
ITA-Serie A,2526,Lecce,1,38,38,3420,38,50,1.32,158,108,68.4,10,8,20,10,26.3,6,4,2,0,33.3,/en/squads/ffcbe334/2025-2026/Lecce-Stats
ITA-Serie A,2526,Milan,2,38,38,3420,38,35,0.92,145,110,75.9,20,10,8,15,39.5,8,5,2,1,28.6,/en/squads/dc56fe14/2025-2026/Milan-Stats
ITA-Serie A,2526,Napoli,3,38,38,3420,38,36,0.95,110,73,67.3,23,7,8,15,39.5,10,7,3,0,30.0,/en/squads/d48ad4ff/2025-2026/Napoli-Stats
ITA-Serie A,2526,Parma,3,38,38,3420,38,46,1.21,160,113,71.3,11,12,15,13,34.2,6,5,1,0,16.7,/en/squads/eab4234c/2025-2026/Parma-Stats
ITA-Serie A,2526,Pisa,3,38,38,3420,38,71,1.87,179,108,60.3,2,12,24,5,13.2,6,5,0,1,0.0,/en/squads/4cceedfc/2025-2026/Pisa-Stats
ITA-Serie A,2526,Roma,1,38,38,3420,38,31,0.82,138,107,77.5,23,4,11,18,47.4,1,1,0,0,0.0,/en/squads/cf74a709/2025-2026/Roma-Stats
ITA-Serie A,2526,Sassuolo,3,38,38,3420,38,50,1.32,183,133,72.7,14,7,17,8,21.1,6,5,1,0,16.7,/en/squads/e2befd26/2025-2026/Sassuolo-Stats
ITA-Serie A,2526,Torino,2,38,38,3420,38,63,1.66,169,106,62.7,12,9,17,12,31.6,4,4,0,0,0.0,/en/squads/105360fe/2025-2026/Torino-Stats
ITA-Serie A,2526,Udinese,3,38,38,3416,38,53,1.4,150,97,64.7,14,8,16,11,28.9,7,6,1,0,14.3,/en/squads/04eea015/2025-2026/Udinese-Stats
GER-Bundesliga,1415,Augsburg,2,34,34,3060,34,43,1.26,162,119,73.5,15,4,15,10,29.4,,,,,,/en/squads/0cdc4311/2014-2015/Augsburg-Stats
GER-Bundesliga,1415,Bayern Munich,2,34,34,3060,34,18,0.53,99,81,81.8,25,4,5,22,64.7,,,,,,/en/squads/054efa67/2014-2015/Bayern-Munich-Stats
GER-Bundesliga,1415,Dortmund,2,34,34,3060,34,42,1.24,109,67,61.5,13,7,14,10,29.4,,,,,,/en/squads/add600ae/2014-2015/Dortmund-Stats
GER-Bundesliga,1415,Frankfurt,3,34,34,3060,34,62,1.82,176,114,64.8,11,10,13,6,17.6,,,,,,/en/squads/f0ac8ee6/2014-2015/Eintracht-Frankfurt-Stats
GER-Bundesliga,1415,Freiburg,1,34,34,3060,34,47,1.38,208,161,77.4,7,13,14,9,26.5,,,,,,/en/squads/a486e511/2014-2015/Freiburg-Stats
GER-Bundesliga,1415,Gladbach,1,34,34,3060,34,26,0.76,157,131,83.4,19,9,6,15,44.1,,,,,,/en/squads/32f3ee20/2014-2015/Monchengladbach-Stats
GER-Bundesliga,1415,Hamburger SV,2,34,34,3060,34,50,1.47,194,144,74.2,9,8,17,10,29.4,,,,,,/en/squads/26790c6a/2014-2015/Hamburger-SV-Stats
GER-Bundesliga,1415,Hannover 96,1,34,34,3060,34,56,1.65,169,113,66.9,9,10,15,7,20.6,,,,,,/en/squads/60b5e41f/2014-2015/Hannover-96-Stats
GER-Bundesliga,1415,Hertha BSC,3,34,34,3060,34,52,1.53,153,101,66.0,9,8,17,10,29.4,,,,,,/en/squads/2818f8bc/2014-2015/Hertha-BSC-Stats
GER-Bundesliga,1415,Hoffenheim,1,34,34,3060,34,55,1.62,165,110,66.7,12,8,14,8,23.5,,,,,,/en/squads/033ea6b8/2014-2015/Hoffenheim-Stats
GER-Bundesliga,1415,Köln,2,34,34,3060,34,40,1.18,159,119,74.8,9,13,12,13,38.2,,,,,,/en/squads/bc357bf7/2014-2015/Koln-Stats
GER-Bundesliga,1415,Leverkusen,1,34,34,3060,34,37,1.09,116,79,68.1,17,10,7,16,47.1,,,,,,/en/squads/c7a9f859/2014-2015/Leverkusen-Stats
GER-Bundesliga,1415,Mainz 05,2,34,34,3060,34,47,1.38,178,131,73.6,9,13,12,10,29.4,,,,,,/en/squads/a224b06a/2014-2015/Mainz-05-Stats
GER-Bundesliga,1415,Paderborn 07,1,34,34,3060,34,65,1.91,177,112,63.3,7,10,17,6,17.6,,,,,,/en/squads/d9f93f02/2014-2015/Paderborn-07-Stats
GER-Bundesliga,1415,Schalke 04,3,34,34,3060,34,40,1.18,176,136,77.3,13,9,12,10,29.4,,,,,,/en/squads/c539e393/2014-2015/Schalke-04-Stats
GER-Bundesliga,1415,Stuttgart,2,34,34,3060,34,60,1.76,169,109,64.5,9,9,16,6,17.6,,,,,,/en/squads/598bc722/2014-2015/Stuttgart-Stats
GER-Bundesliga,1415,Werder Bremen,3,34,34,3060,34,65,1.91,166,101,60.8,11,10,13,7,20.6,,,,,,/en/squads/62add3bf/2014-2015/Werder-Bremen-Stats
GER-Bundesliga,1415,Wolfsburg,2,34,34,3060,34,38,1.12,145,107,73.8,20,9,5,8,23.5,,,,,,/en/squads/4eaa11d7/2014-2015/Wolfsburg-Stats
GER-Bundesliga,1516,Augsburg,2,34,34,3060,34,52,1.53,181,129,71.3,9,11,14,11,32.4,,,,,,/en/squads/0cdc4311/2015-2016/Augsburg-Stats
GER-Bundesliga,1516,Bayern Munich,2,34,34,3060,34,17,0.5,84,67,79.8,28,4,2,20,58.8,,,,,,/en/squads/054efa67/2015-2016/Bayern-Munich-Stats
GER-Bundesliga,1516,Darmstadt 98,2,34,34,3060,34,53,1.56,156,103,66.0,9,11,14,8,23.5,,,,,,/en/squads/6a6967fc/2015-2016/Darmstadt-98-Stats
GER-Bundesliga,1516,Dortmund,2,34,34,3060,34,34,1.0,106,72,67.9,24,6,4,13,38.2,,,,,,/en/squads/add600ae/2015-2016/Dortmund-Stats
GER-Bundesliga,1516,Frankfurt,1,34,34,3060,34,52,1.53,180,128,71.1,9,9,16,8,23.5,,,,,,/en/squads/f0ac8ee6/2015-2016/Eintracht-Frankfurt-Stats
GER-Bundesliga,1516,Gladbach,2,34,34,3060,34,50,1.47,152,102,67.1,17,4,13,7,20.6,,,,,,/en/squads/32f3ee20/2015-2016/Monchengladbach-Stats
GER-Bundesliga,1516,Hamburger SV,4,34,34,3059,34,46,1.35,169,123,72.8,11,8,15,9,26.5,,,,,,/en/squads/26790c6a/2015-2016/Hamburger-SV-Stats
GER-Bundesliga,1516,Hannover 96,1,34,34,3060,34,62,1.82,205,143,69.8,7,4,23,5,14.7,,,,,,/en/squads/60b5e41f/2015-2016/Hannover-96-Stats
GER-Bundesliga,1516,Hertha BSC,2,34,34,3060,34,43,1.26,146,103,70.5,14,8,12,13,38.2,,,,,,/en/squads/2818f8bc/2015-2016/Hertha-BSC-Stats
GER-Bundesliga,1516,Hoffenheim,2,34,34,3060,34,54,1.59,203,149,73.4,9,10,15,6,17.6,,,,,,/en/squads/033ea6b8/2015-2016/Hoffenheim-Stats
GER-Bundesliga,1516,Ingolstadt,2,34,34,3060,34,42,1.24,121,79,65.3,10,10,14,10,29.4,,,,,,/en/squads/12eb2039/2015-2016/Ingolstadt-Stats
GER-Bundesliga,1516,Köln,2,34,34,3060,34,42,1.24,160,118,73.8,10,13,11,8,23.5,,,,,,/en/squads/bc357bf7/2015-2016/Koln-Stats
GER-Bundesliga,1516,Leverkusen,3,34,34,3060,34,40,1.18,139,99,71.2,18,6,10,13,38.2,,,,,,/en/squads/c7a9f859/2015-2016/Leverkusen-Stats
GER-Bundesliga,1516,Mainz 05,1,34,34,3060,34,42,1.24,159,117,73.6,14,8,12,9,26.5,,,,,,/en/squads/a224b06a/2015-2016/Mainz-05-Stats
GER-Bundesliga,1516,Schalke 04,1,34,34,3059,34,49,1.44,184,135,73.4,15,7,12,8,23.5,,,,,,/en/squads/c539e393/2015-2016/Schalke-04-Stats
GER-Bundesliga,1516,Stuttgart,3,34,34,3060,34,75,2.21,208,133,63.9,9,6,19,4,11.8,,,,,,/en/squads/598bc722/2015-2016/Stuttgart-Stats
GER-Bundesliga,1516,Werder Bremen,1,34,34,3060,34,40,1.18,165,125,75.8,10,8,16,2,5.9,,,,,,/en/squads/62add3bf/2015-2016/Werder-Bremen-Stats
GER-Bundesliga,1516,Wolfsburg,2,34,34,3060,34,49,1.44,153,104,68.0,12,9,13,9,26.5,,,,,,/en/squads/4eaa11d7/2015-2016/Wolfsburg-Stats
GER-Bundesliga,1617,Augsburg,2,34,34,3060,34,51,1.5,176,125,71.0,9,11,14,8,23.5,5,4,0,1,0.0,/en/squads/0cdc4311/2016-2017/Augsburg-Stats
GER-Bundesliga,1617,Bayern Munich,3,34,34,3060,34,22,0.65,100,78,78.0,25,7,2,17,50.0,3,2,1,0,33.3,/en/squads/054efa67/2016-2017/Bayern-Munich-Stats
GER-Bundesliga,1617,Darmstadt 98,2,34,34,3060,34,63,1.85,187,124,66.3,7,4,23,3,8.8,8,6,1,1,14.3,/en/squads/6a6967fc/2016-2017/Darmstadt-98-Stats
GER-Bundesliga,1617,Dortmund,2,34,34,3060,34,40,1.18,125,85,68.0,18,10,6,9,26.5,2,2,0,0,0.0,/en/squads/add600ae/2016-2017/Dortmund-Stats
GER-Bundesliga,1617,Frankfurt,2,34,34,3058,34,43,1.27,120,77,64.2,11,9,14,11,32.4,4,3,0,1,0.0,/en/squads/f0ac8ee6/2016-2017/Eintracht-Frankfurt-Stats
GER-Bundesliga,1617,Freiburg,1,34,34,3060,34,60,1.76,165,105,63.6,14,6,14,6,17.6,6,4,2,0,33.3,/en/squads/a486e511/2016-2017/Freiburg-Stats
GER-Bundesliga,1617,Gladbach,1,34,34,3060,34,49,1.44,146,97,66.4,12,9,13,10,29.4,5,4,0,1,0.0,/en/squads/32f3ee20/2016-2017/Monchengladbach-Stats
GER-Bundesliga,1617,Hamburger SV,3,34,34,3060,34,61,1.79,154,93,60.4,10,8,16,8,23.5,8,5,1,2,16.7,/en/squads/26790c6a/2016-2017/Hamburger-SV-Stats
GER-Bundesliga,1617,Hertha BSC,1,34,34,3060,34,47,1.38,150,103,68.7,15,4,15,11,32.4,5,4,1,0,20.0,/en/squads/2818f8bc/2016-2017/Hertha-BSC-Stats
GER-Bundesliga,1617,Hoffenheim,1,34,34,3060,34,37,1.09,150,113,75.3,16,14,4,12,35.3,3,1,1,1,50.0,/en/squads/033ea6b8/2016-2017/Hoffenheim-Stats
GER-Bundesliga,1617,Ingolstadt,2,34,34,3060,34,57,1.68,160,103,64.4,8,8,18,4,11.8,8,7,1,0,12.5,/en/squads/12eb2039/2016-2017/Ingolstadt-Stats
GER-Bundesliga,1617,Köln,3,34,34,3060,34,42,1.24,159,117,73.6,12,13,9,10,29.4,4,4,0,0,0.0,/en/squads/bc357bf7/2016-2017/Koln-Stats
GER-Bundesliga,1617,Leverkusen,1,34,34,3060,34,55,1.62,160,105,65.6,11,8,15,6,17.6,3,3,0,0,0.0,/en/squads/c7a9f859/2016-2017/Leverkusen-Stats
GER-Bundesliga,1617,Mainz 05,2,34,34,3060,34,55,1.62,160,105,65.6,10,7,17,7,20.6,4,3,1,0,25.0,/en/squads/a224b06a/2016-2017/Mainz-05-Stats
GER-Bundesliga,1617,RB Leipzig,2,34,34,3060,34,39,1.15,104,65,62.5,20,7,7,10,29.4,5,3,2,0,40.0,/en/squads/acbb6a5b/2016-2017/RB-Leipzig-Stats
GER-Bundesliga,1617,Schalke 04,1,34,34,3060,34,40,1.18,118,78,66.1,11,10,13,8,23.5,10,6,4,0,40.0,/en/squads/c539e393/2016-2017/Schalke-04-Stats
GER-Bundesliga,1617,Werder Bremen,2,34,34,3058,34,64,1.88,190,126,66.3,13,6,15,6,17.6,10,8,2,0,20.0,/en/squads/62add3bf/2016-2017/Werder-Bremen-Stats
GER-Bundesliga,1617,Wolfsburg,2,34,34,3060,34,52,1.53,155,103,66.5,10,7,17,11,32.4,5,2,1,2,33.3,/en/squads/4eaa11d7/2016-2017/Wolfsburg-Stats
GER-Bundesliga,1718,Augsburg,2,34,34,3060,34,46,1.35,166,119,72.3,10,11,13,9,26.5,3,2,1,0,33.3,/en/squads/0cdc4311/2017-2018/Augsburg-Stats
GER-Bundesliga,1718,Bayern Munich,3,34,34,3060,34,28,0.82,95,67,70.5,27,3,4,16,47.1,4,1,3,0,75.0,/en/squads/054efa67/2017-2018/Bayern-Munich-Stats
GER-Bundesliga,1718,Dortmund,2,34,34,3060,34,47,1.38,152,105,69.1,15,10,9,12,35.3,3,3,0,0,0.0,/en/squads/add600ae/2017-2018/Dortmund-Stats
GER-Bundesliga,1718,Frankfurt,1,34,34,3060,34,45,1.32,135,90,66.7,14,7,13,7,20.6,3,2,0,1,0.0,/en/squads/f0ac8ee6/2017-2018/Eintracht-Frankfurt-Stats
GER-Bundesliga,1718,Freiburg,2,34,34,3060,34,56,1.65,162,106,65.4,8,12,14,9,26.5,5,4,0,1,0.0,/en/squads/a486e511/2017-2018/Freiburg-Stats
GER-Bundesliga,1718,Gladbach,2,34,34,3060,34,52,1.53,174,123,70.1,13,8,13,7,20.6,4,4,0,0,0.0,/en/squads/32f3ee20/2017-2018/Monchengladbach-Stats
GER-Bundesliga,1718,Hamburger SV,2,34,34,3060,34,53,1.56,142,90,62.7,8,7,19,7,20.6,4,3,0,1,0.0,/en/squads/26790c6a/2017-2018/Hamburger-SV-Stats
GER-Bundesliga,1718,Hannover 96,2,34,34,3060,34,54,1.59,178,124,69.7,10,9,15,5,14.7,4,2,0,2,0.0,/en/squads/60b5e41f/2017-2018/Hannover-96-Stats
GER-Bundesliga,1718,Hertha BSC,2,34,34,3060,34,46,1.35,154,109,70.1,10,13,11,8,23.5,7,6,0,1,0.0,/en/squads/2818f8bc/2017-2018/Hertha-BSC-Stats
GER-Bundesliga,1718,Hoffenheim,1,34,34,3060,34,48,1.41,147,100,67.3,15,10,9,10,29.4,4,3,1,0,25.0,/en/squads/033ea6b8/2017-2018/Hoffenheim-Stats
GER-Bundesliga,1718,Köln,1,34,34,3060,34,70,2.06,201,130,65.2,5,7,22,5,14.7,9,8,1,0,11.1,/en/squads/bc357bf7/2017-2018/Koln-Stats
GER-Bundesliga,1718,Leverkusen,2,34,34,3060,34,44,1.29,118,73,62.7,15,10,9,10,29.4,6,5,1,0,16.7,/en/squads/c7a9f859/2017-2018/Leverkusen-Stats
GER-Bundesliga,1718,Mainz 05,3,34,34,3060,34,52,1.53,144,92,63.9,9,9,16,7,20.6,7,5,1,1,16.7,/en/squads/a224b06a/2017-2018/Mainz-05-Stats
GER-Bundesliga,1718,RB Leipzig,2,34,34,3060,34,53,1.56,151,98,64.9,15,8,11,6,17.6,5,5,0,0,0.0,/en/squads/acbb6a5b/2017-2018/RB-Leipzig-Stats
GER-Bundesliga,1718,Schalke 04,2,34,34,3060,34,37,1.09,129,91,71.3,18,9,7,13,38.2,6,3,2,1,40.0,/en/squads/c539e393/2017-2018/Schalke-04-Stats
GER-Bundesliga,1718,Stuttgart,1,34,34,3060,34,36,1.06,155,117,76.8,15,6,13,12,35.3,6,4,2,0,33.3,/en/squads/598bc722/2017-2018/Stuttgart-Stats
GER-Bundesliga,1718,Werder Bremen,1,34,34,3060,34,40,1.18,162,123,75.3,10,12,12,8,23.5,4,2,1,1,33.3,/en/squads/62add3bf/2017-2018/Werder-Bremen-Stats
GER-Bundesliga,1718,Wolfsburg,1,34,34,3060,34,48,1.41,153,104,68.6,6,15,13,8,23.5,9,6,3,0,33.3,/en/squads/4eaa11d7/2017-2018/Wolfsburg-Stats
GER-Bundesliga,1819,Augsburg,3,34,34,3060,34,71,2.09,190,120,62.6,8,8,18,5,14.7,2,1,1,0,50.0,/en/squads/0cdc4311/2018-2019/Augsburg-Stats
GER-Bundesliga,1819,Bayern Munich,2,34,34,3060,34,32,0.94,79,48,59.5,24,6,4,12,35.3,6,5,0,1,0.0,/en/squads/054efa67/2018-2019/Bayern-Munich-Stats
GER-Bundesliga,1819,Dortmund,2,34,34,3060,34,44,1.29,134,90,67.2,23,7,4,10,29.4,5,4,0,1,0.0,/en/squads/add600ae/2018-2019/Dortmund-Stats
GER-Bundesliga,1819,Düsseldorf,2,34,34,3060,34,65,1.91,179,114,63.7,13,5,16,5,14.7,7,7,0,0,0.0,/en/squads/b1278397/2018-2019/Dusseldorf-Stats
GER-Bundesliga,1819,Frankfurt,2,34,34,3060,34,48,1.41,166,118,71.1,15,9,10,9,26.5,1,1,0,0,0.0,/en/squads/f0ac8ee6/2018-2019/Eintracht-Frankfurt-Stats
GER-Bundesliga,1819,Freiburg,2,34,34,3060,34,61,1.79,175,114,65.1,8,12,14,5,14.7,7,7,0,0,0.0,/en/squads/a486e511/2018-2019/Freiburg-Stats
GER-Bundesliga,1819,Gladbach,1,34,34,3060,34,42,1.24,156,114,73.1,16,7,11,13,38.2,3,3,0,0,0.0,/en/squads/32f3ee20/2018-2019/Monchengladbach-Stats
GER-Bundesliga,1819,Hannover 96,3,34,34,3060,34,71,2.09,226,155,68.6,5,6,23,5,14.7,7,6,1,0,14.3,/en/squads/60b5e41f/2018-2019/Hannover-96-Stats
GER-Bundesliga,1819,Hertha BSC,2,34,34,3060,34,57,1.68,159,103,64.2,11,10,13,9,26.5,6,4,1,1,20.0,/en/squads/2818f8bc/2018-2019/Hertha-BSC-Stats
GER-Bundesliga,1819,Hoffenheim,2,34,34,3060,34,52,1.53,173,122,69.9,13,12,9,5,14.7,7,7,0,0,0.0,/en/squads/033ea6b8/2018-2019/Hoffenheim-Stats
GER-Bundesliga,1819,Leverkusen,2,34,34,3060,34,52,1.53,139,88,62.6,18,4,12,9,26.5,6,4,2,0,33.3,/en/squads/c7a9f859/2018-2019/Leverkusen-Stats
GER-Bundesliga,1819,Mainz 05,2,34,34,3060,34,57,1.68,173,116,67.1,12,7,15,7,20.6,4,3,0,1,0.0,/en/squads/a224b06a/2018-2019/Mainz-05-Stats
GER-Bundesliga,1819,Nürnberg,2,34,34,3060,34,68,2.0,179,112,62.0,3,10,21,4,11.8,4,2,1,1,33.3,/en/squads/6f2c108c/2018-2019/Nurnberg-Stats
GER-Bundesliga,1819,RB Leipzig,2,34,34,3060,34,29,0.85,121,93,76.0,19,9,6,16,47.1,6,5,0,1,0.0,/en/squads/acbb6a5b/2018-2019/RB-Leipzig-Stats
GER-Bundesliga,1819,Schalke 04,2,34,34,3057,34,55,1.62,166,111,66.9,8,9,17,7,20.6,6,5,1,0,16.7,/en/squads/c539e393/2018-2019/Schalke-04-Stats
GER-Bundesliga,1819,Stuttgart,1,34,34,3060,34,70,2.06,179,113,60.9,7,7,20,6,17.6,3,2,0,1,0.0,/en/squads/598bc722/2018-2019/Stuttgart-Stats
GER-Bundesliga,1819,Werder Bremen,3,34,34,3060,34,49,1.44,157,108,68.8,14,11,9,5,14.7,5,4,0,1,0.0,/en/squads/62add3bf/2018-2019/Werder-Bremen-Stats
GER-Bundesliga,1819,Wolfsburg,2,34,34,3060,34,50,1.47,159,108,68.6,16,7,11,9,26.5,6,4,1,1,20.0,/en/squads/4eaa11d7/2018-2019/Wolfsburg-Stats
GER-Bundesliga,1920,Augsburg,2,34,34,3060,34,63,1.85,155,94,59.4,9,9,16,7,20.6,1,0,1,0,100.0,/en/squads/0cdc4311/2019-2020/Augsburg-Stats
GER-Bundesliga,1920,Bayern Munich,2,34,34,3060,34,32,0.94,113,81,71.7,26,4,4,15,44.1,4,3,1,0,25.0,/en/squads/054efa67/2019-2020/Bayern-Munich-Stats
GER-Bundesliga,1920,Dortmund,2,34,34,3060,34,41,1.21,105,64,61.0,21,6,7,15,44.1,3,3,0,0,0.0,/en/squads/add600ae/2019-2020/Dortmund-Stats
GER-Bundesliga,1920,Düsseldorf,2,34,34,3060,34,67,1.97,177,112,62.1,6,12,16,4,11.8,5,3,2,0,40.0,/en/squads/b1278397/2019-2020/Dusseldorf-Stats
GER-Bundesliga,1920,Frankfurt,3,34,34,3060,34,60,1.76,174,116,65.5,13,6,15,5,14.7,3,3,0,0,0.0,/en/squads/f0ac8ee6/2019-2020/Eintracht-Frankfurt-Stats
GER-Bundesliga,1920,Freiburg,3,34,34,3060,34,47,1.38,191,144,75.4,13,9,12,7,20.6,4,3,0,1,0.0,/en/squads/a486e511/2019-2020/Freiburg-Stats
GER-Bundesliga,1920,Gladbach,1,34,34,3060,34,40,1.18,158,117,74.7,20,5,9,7,20.6,2,1,1,0,50.0,/en/squads/32f3ee20/2019-2020/Monchengladbach-Stats
GER-Bundesliga,1920,Hertha BSC,3,34,34,3058,34,59,1.74,173,116,65.9,11,8,15,9,26.5,7,7,0,0,0.0,/en/squads/2818f8bc/2019-2020/Hertha-BSC-Stats
GER-Bundesliga,1920,Hoffenheim,2,34,34,3060,34,53,1.56,167,114,68.3,15,7,12,8,23.5,8,6,2,0,25.0,/en/squads/033ea6b8/2019-2020/Hoffenheim-Stats
GER-Bundesliga,1920,Köln,1,34,34,3060,34,69,2.03,156,87,55.8,10,6,18,6,17.6,6,4,2,0,33.3,/en/squads/bc357bf7/2019-2020/Koln-Stats
GER-Bundesliga,1920,Leverkusen,1,34,34,3060,34,44,1.29,143,99,69.2,19,6,9,10,29.4,2,2,0,0,0.0,/en/squads/c7a9f859/2019-2020/Leverkusen-Stats
GER-Bundesliga,1920,Mainz 05,2,34,34,3060,34,65,1.91,181,115,64.1,11,4,19,5,14.7,5,3,2,0,40.0,/en/squads/a224b06a/2019-2020/Mainz-05-Stats
GER-Bundesliga,1920,Paderborn 07,2,34,34,3060,34,74,2.18,185,112,60.0,4,8,22,5,14.7,5,4,1,0,20.0,/en/squads/d9f93f02/2019-2020/Paderborn-07-Stats
GER-Bundesliga,1920,RB Leipzig,2,34,34,3060,34,37,1.09,121,84,69.4,18,12,4,10,29.4,2,2,0,0,0.0,/en/squads/acbb6a5b/2019-2020/RB-Leipzig-Stats
GER-Bundesliga,1920,Schalke 04,2,34,34,3057,34,58,1.71,173,117,66.5,9,12,13,7,20.6,6,6,0,0,0.0,/en/squads/c539e393/2019-2020/Schalke-04-Stats
GER-Bundesliga,1920,Union Berlin,2,34,34,3060,34,58,1.71,167,109,65.3,12,5,17,8,23.5,4,3,1,0,25.0,/en/squads/7a41008f/2019-2020/Union-Berlin-Stats
GER-Bundesliga,1920,Werder Bremen,2,34,34,3060,34,69,2.03,174,108,60.3,8,7,19,4,11.8,1,1,0,0,0.0,/en/squads/62add3bf/2019-2020/Werder-Bremen-Stats
GER-Bundesliga,1920,Wolfsburg,2,34,34,3060,34,46,1.35,142,97,67.6,13,10,11,8,23.5,5,5,0,0,0.0,/en/squads/4eaa11d7/2019-2020/Wolfsburg-Stats
GER-Bundesliga,2021,Arminia,1,34,34,3060,34,52,1.53,170,118,69.4,9,8,17,11,32.4,6,5,1,0,16.7,/en/squads/247c4b67/2020-2021/Arminia-Bielefeld-Stats
GER-Bundesliga,2021,Augsburg,1,34,34,3060,34,54,1.59,178,126,69.7,10,6,18,7,20.6,9,6,1,2,14.3,/en/squads/0cdc4311/2020-2021/Augsburg-Stats
GER-Bundesliga,2021,Bayern Munich,2,34,34,3060,34,44,1.29,127,82,65.4,24,6,4,9,26.5,3,1,1,1,50.0,/en/squads/054efa67/2020-2021/Bayern-Munich-Stats
GER-Bundesliga,2021,Dortmund,2,34,34,3060,34,46,1.35,136,91,66.2,20,4,10,11,32.4,6,6,0,0,0.0,/en/squads/add600ae/2020-2021/Dortmund-Stats
GER-Bundesliga,2021,Frankfurt,2,34,34,3060,34,53,1.56,156,104,66.0,16,12,6,4,11.8,6,4,1,1,20.0,/en/squads/f0ac8ee6/2020-2021/Eintracht-Frankfurt-Stats
GER-Bundesliga,2021,Freiburg,2,34,34,3060,34,52,1.53,175,124,70.3,12,9,13,6,17.6,6,4,1,1,20.0,/en/squads/a486e511/2020-2021/Freiburg-Stats
GER-Bundesliga,2021,Gladbach,2,34,34,3056,34,56,1.65,151,95,62.9,13,10,11,7,20.6,6,6,0,0,0.0,/en/squads/32f3ee20/2020-2021/Monchengladbach-Stats
GER-Bundesliga,2021,Hertha BSC,2,34,34,3060,34,52,1.53,141,89,63.1,8,11,15,9,26.5,8,7,1,0,12.5,/en/squads/2818f8bc/2020-2021/Hertha-BSC-Stats
GER-Bundesliga,2021,Hoffenheim,2,34,34,3060,34,54,1.59,145,91,62.8,11,10,13,6,17.6,9,6,2,1,25.0,/en/squads/033ea6b8/2020-2021/Hoffenheim-Stats
GER-Bundesliga,2021,Köln,2,34,34,3060,34,60,1.76,158,97,62.0,8,9,17,5,14.7,9,8,1,0,11.1,/en/squads/bc357bf7/2020-2021/Koln-Stats
GER-Bundesliga,2021,Leverkusen,3,34,34,3060,34,39,1.15,112,74,65.2,14,10,10,9,26.5,2,1,1,0,50.0,/en/squads/c7a9f859/2020-2021/Leverkusen-Stats
GER-Bundesliga,2021,Mainz 05,2,34,34,3060,34,56,1.65,162,107,65.4,10,9,15,5,14.7,7,6,0,1,0.0,/en/squads/a224b06a/2020-2021/Mainz-05-Stats
GER-Bundesliga,2021,RB Leipzig,2,34,34,3060,34,32,0.94,84,52,61.9,19,8,7,15,44.1,3,3,0,0,0.0,/en/squads/acbb6a5b/2020-2021/RB-Leipzig-Stats
GER-Bundesliga,2021,Schalke 04,3,34,34,3060,34,86,2.53,234,152,63.2,3,7,24,4,11.8,8,7,1,0,12.5,/en/squads/c539e393/2020-2021/Schalke-04-Stats
GER-Bundesliga,2021,Stuttgart,2,34,34,3060,34,55,1.62,166,110,66.9,12,9,13,5,14.7,7,5,2,0,28.6,/en/squads/598bc722/2020-2021/Stuttgart-Stats
GER-Bundesliga,2021,Union Berlin,2,34,34,3060,34,43,1.26,136,93,68.4,12,14,8,7,20.6,5,4,1,0,20.0,/en/squads/7a41008f/2020-2021/Union-Berlin-Stats
GER-Bundesliga,2021,Werder Bremen,1,34,34,3060,34,57,1.68,157,101,63.7,7,10,17,6,17.6,6,4,2,0,33.3,/en/squads/62add3bf/2020-2021/Werder-Bremen-Stats
GER-Bundesliga,2021,Wolfsburg,2,34,34,3060,34,37,1.09,122,84,69.7,17,10,7,14,41.2,5,3,2,0,40.0,/en/squads/4eaa11d7/2020-2021/Wolfsburg-Stats
GER-Bundesliga,2122,Arminia,2,34,34,3060,34,53,1.56,180,129,70.6,5,13,16,7,20.6,7,7,0,0,0.0,/en/squads/247c4b67/2021-2022/Arminia-Bielefeld-Stats
GER-Bundesliga,2122,Augsburg,1,34,34,3060,34,56,1.65,156,102,64.1,10,8,16,9,26.5,5,5,0,0,0.0,/en/squads/0cdc4311/2021-2022/Augsburg-Stats
GER-Bundesliga,2122,Bayern Munich,3,34,34,3060,34,37,1.09,112,76,67.0,24,5,5,11,32.4,2,2,0,0,0.0,/en/squads/054efa67/2021-2022/Bayern-Munich-Stats
GER-Bundesliga,2122,Bochum,2,34,34,3060,34,52,1.53,176,126,70.5,12,6,16,7,20.6,8,5,2,1,28.6,/en/squads/b42c6323/2021-2022/Bochum-Stats
GER-Bundesliga,2122,Dortmund,3,34,34,3060,34,52,1.53,136,86,61.8,22,3,9,7,20.6,6,6,0,0,0.0,/en/squads/add600ae/2021-2022/Dortmund-Stats
GER-Bundesliga,2122,Frankfurt,3,34,34,3060,34,49,1.44,165,117,70.3,10,12,12,5,14.7,4,4,0,0,0.0,/en/squads/f0ac8ee6/2021-2022/Eintracht-Frankfurt-Stats
GER-Bundesliga,2122,Freiburg,2,34,34,3060,34,46,1.35,153,108,69.9,15,10,9,10,29.4,2,2,0,0,0.0,/en/squads/a486e511/2021-2022/Freiburg-Stats
GER-Bundesliga,2122,Gladbach,2,34,34,3060,34,61,1.79,185,122,67.0,12,9,13,5,14.7,5,3,2,0,40.0,/en/squads/32f3ee20/2021-2022/Monchengladbach-Stats
GER-Bundesliga,2122,Greuther Fürth,3,34,34,3060,34,82,2.41,188,111,56.4,3,9,22,6,17.6,6,6,0,0,0.0,/en/squads/12192a4c/2021-2022/Greuther-Furth-Stats
GER-Bundesliga,2122,Hertha BSC,2,34,34,3060,34,71,2.09,172,101,58.7,9,6,19,6,17.6,8,8,0,0,0.0,/en/squads/2818f8bc/2021-2022/Hertha-BSC-Stats
GER-Bundesliga,2122,Hoffenheim,2,34,34,3060,34,60,1.76,162,102,63.0,13,7,14,8,23.5,4,2,1,1,33.3,/en/squads/033ea6b8/2021-2022/Hoffenheim-Stats
GER-Bundesliga,2122,Köln,2,34,34,3060,34,49,1.44,155,106,68.4,14,10,10,4,11.8,1,0,1,0,100.0,/en/squads/bc357bf7/2021-2022/Koln-Stats
GER-Bundesliga,2122,Leverkusen,3,34,34,3060,34,47,1.38,162,115,71.0,19,7,8,8,23.5,4,2,1,1,33.3,/en/squads/c7a9f859/2021-2022/Leverkusen-Stats
GER-Bundesliga,2122,Mainz 05,2,34,34,3060,34,45,1.32,125,80,64.0,13,7,14,10,29.4,6,5,1,0,16.7,/en/squads/a224b06a/2021-2022/Mainz-05-Stats
GER-Bundesliga,2122,RB Leipzig,3,34,34,3060,34,37,1.09,115,79,67.8,17,7,10,10,29.4,3,3,0,0,0.0,/en/squads/acbb6a5b/2021-2022/RB-Leipzig-Stats
GER-Bundesliga,2122,Stuttgart,2,34,34,3060,34,59,1.74,163,105,63.8,7,12,15,4,11.8,4,4,0,0,0.0,/en/squads/598bc722/2021-2022/Stuttgart-Stats
GER-Bundesliga,2122,Union Berlin,2,34,34,3060,34,44,1.29,122,82,63.9,16,9,9,8,23.5,2,2,0,0,0.0,/en/squads/7a41008f/2021-2022/Union-Berlin-Stats
GER-Bundesliga,2122,Wolfsburg,2,34,34,3060,34,54,1.59,156,101,65.4,12,6,16,11,32.4,7,4,2,1,33.3,/en/squads/4eaa11d7/2021-2022/Wolfsburg-Stats
GER-Bundesliga,2223,Augsburg,2,34,34,3060,34,63,1.85,201,138,68.7,9,7,18,6,17.6,4,1,2,1,66.7,/en/squads/0cdc4311/2022-2023/Augsburg-Stats
GER-Bundesliga,2223,Bayern Munich,3,34,34,3060,34,38,1.12,107,68,64.5,21,8,5,11,32.4,10,9,1,0,10.0,/en/squads/054efa67/2022-2023/Bayern-Munich-Stats
GER-Bundesliga,2223,Bochum,1,34,34,3060,34,72,2.12,200,128,64.0,10,5,19,5,14.7,14,8,3,3,27.3,/en/squads/b42c6323/2022-2023/Bochum-Stats
GER-Bundesliga,2223,Dortmund,2,34,34,3060,34,44,1.29,152,108,71.1,22,5,7,12,35.3,1,1,0,0,0.0,/en/squads/add600ae/2022-2023/Dortmund-Stats
GER-Bundesliga,2223,Frankfurt,2,34,34,3060,34,52,1.53,135,84,61.5,13,11,10,6,17.6,2,2,0,0,0.0,/en/squads/f0ac8ee6/2022-2023/Eintracht-Frankfurt-Stats
GER-Bundesliga,2223,Freiburg,1,34,34,3060,34,44,1.29,150,106,70.7,17,8,9,13,38.2,6,5,0,1,0.0,/en/squads/a486e511/2022-2023/Freiburg-Stats
GER-Bundesliga,2223,Gladbach,4,34,34,3060,34,55,1.62,180,126,69.4,11,10,13,9,26.5,6,6,0,0,0.0,/en/squads/32f3ee20/2022-2023/Monchengladbach-Stats
GER-Bundesliga,2223,Hertha BSC,2,34,34,3060,34,69,2.03,170,100,59.4,7,8,19,3,8.8,6,5,1,0,16.7,/en/squads/2818f8bc/2022-2023/Hertha-BSC-Stats
GER-Bundesliga,2223,Hoffenheim,1,34,34,3060,34,57,1.68,161,105,64.6,10,6,18,5,14.7,3,2,0,1,0.0,/en/squads/033ea6b8/2022-2023/Hoffenheim-Stats
GER-Bundesliga,2223,Köln,1,34,34,3060,34,54,1.59,129,77,58.1,10,12,12,6,17.6,5,4,1,0,20.0,/en/squads/bc357bf7/2022-2023/Koln-Stats
GER-Bundesliga,2223,Leverkusen,2,34,34,3059,34,49,1.44,146,99,66.4,14,8,12,9,26.5,7,7,0,0,0.0,/en/squads/c7a9f859/2022-2023/Leverkusen-Stats
GER-Bundesliga,2223,Mainz 05,2,34,34,3060,34,55,1.62,153,95,64.1,12,10,12,7,20.6,8,4,3,1,42.9,/en/squads/a224b06a/2022-2023/Mainz-05-Stats
GER-Bundesliga,2223,RB Leipzig,3,34,34,3060,34,41,1.21,106,66,61.3,20,6,8,10,29.4,8,7,1,0,12.5,/en/squads/acbb6a5b/2022-2023/RB-Leipzig-Stats
GER-Bundesliga,2223,Schalke 04,2,34,34,3060,34,71,2.09,193,123,63.2,7,10,17,7,20.6,6,5,0,1,0.0,/en/squads/c539e393/2022-2023/Schalke-04-Stats
GER-Bundesliga,2223,Stuttgart,2,34,34,3060,34,57,1.68,146,90,61.0,7,12,15,2,5.9,6,6,0,0,0.0,/en/squads/598bc722/2022-2023/Stuttgart-Stats
GER-Bundesliga,2223,Union Berlin,2,34,34,3060,34,38,1.12,144,106,73.6,18,8,8,13,38.2,7,7,0,0,0.0,/en/squads/7a41008f/2022-2023/Union-Berlin-Stats
GER-Bundesliga,2223,Werder Bremen,2,34,34,3060,34,64,1.88,184,121,65.2,10,6,18,4,11.8,3,2,1,0,33.3,/en/squads/62add3bf/2022-2023/Werder-Bremen-Stats
GER-Bundesliga,2223,Wolfsburg,1,34,34,3060,34,48,1.41,147,101,67.3,13,10,11,12,35.3,7,4,1,2,20.0,/en/squads/4eaa11d7/2022-2023/Wolfsburg-Stats
GER-Bundesliga,2324,Augsburg,2,34,34,3060,34,60,1.76,183,123,67.2,10,9,15,3,8.8,10,7,2,1,22.2,/en/squads/0cdc4311/2023-2024/Augsburg-Stats
GER-Bundesliga,2324,Bayern Munich,3,34,34,3060,34,45,1.32,124,78,63.7,23,3,8,11,32.4,4,3,1,0,25.0,/en/squads/054efa67/2023-2024/Bayern-Munich-Stats
GER-Bundesliga,2324,Bochum,2,34,34,3060,34,74,2.18,189,117,60.8,7,12,15,4,11.8,11,9,2,0,18.2,/en/squads/b42c6323/2023-2024/Bochum-Stats
GER-Bundesliga,2324,Darmstadt 98,2,34,34,3060,34,86,2.53,215,130,60.0,3,8,23,3,8.8,2,1,1,0,50.0,/en/squads/6a6967fc/2023-2024/Darmstadt-98-Stats
GER-Bundesliga,2324,Dortmund,2,34,34,3060,34,43,1.26,145,103,70.3,18,9,7,10,29.4,6,5,1,0,16.7,/en/squads/add600ae/2023-2024/Dortmund-Stats
GER-Bundesliga,2324,Frankfurt,2,34,34,3060,34,50,1.47,146,94,65.8,11,14,9,7,20.6,11,9,2,0,18.2,/en/squads/f0ac8ee6/2023-2024/Eintracht-Frankfurt-Stats
GER-Bundesliga,2324,Freiburg,1,34,34,3060,34,58,1.71,158,99,63.3,11,9,14,10,29.4,5,3,2,0,40.0,/en/squads/a486e511/2023-2024/Freiburg-Stats
GER-Bundesliga,2324,Gladbach,2,34,34,3060,34,67,1.97,207,140,67.6,7,13,14,4,11.8,6,6,0,0,0.0,/en/squads/32f3ee20/2023-2024/Monchengladbach-Stats
GER-Bundesliga,2324,Heidenheim,1,34,34,3060,34,55,1.62,174,121,68.4,10,12,12,6,17.6,10,7,1,2,12.5,/en/squads/18d9d2a7/2023-2024/Heidenheim-Stats
GER-Bundesliga,2324,Hoffenheim,1,34,34,3060,34,66,1.94,211,143,68.7,13,7,14,2,5.9,5,2,3,0,60.0,/en/squads/033ea6b8/2023-2024/Hoffenheim-Stats
GER-Bundesliga,2324,Köln,1,34,34,3060,34,60,1.76,168,108,64.3,5,12,17,4,11.8,3,3,0,0,0.0,/en/squads/bc357bf7/2023-2024/Koln-Stats
GER-Bundesliga,2324,Leverkusen,2,34,34,3060,34,24,0.71,105,81,77.1,28,6,0,16,47.1,0,0,0,0,,/en/squads/c7a9f859/2023-2024/Leverkusen-Stats
GER-Bundesliga,2324,Mainz 05,2,34,34,3060,34,51,1.5,145,95,64.8,7,14,13,8,23.5,4,3,0,1,0.0,/en/squads/a224b06a/2023-2024/Mainz-05-Stats
GER-Bundesliga,2324,RB Leipzig,2,34,34,3060,34,39,1.15,117,79,66.7,19,8,7,10,29.4,5,4,0,1,0.0,/en/squads/acbb6a5b/2023-2024/RB-Leipzig-Stats
GER-Bundesliga,2324,Stuttgart,2,34,34,3060,34,39,1.15,132,93,70.5,23,4,7,12,35.3,3,3,0,0,0.0,/en/squads/598bc722/2023-2024/Stuttgart-Stats
GER-Bundesliga,2324,Union Berlin,2,34,34,3060,34,58,1.71,168,109,65.5,9,6,19,7,20.6,7,5,2,0,28.6,/en/squads/7a41008f/2023-2024/Union-Berlin-Stats
GER-Bundesliga,2324,Werder Bremen,2,34,34,3060,34,54,1.59,166,113,67.5,11,9,14,7,20.6,6,6,0,0,0.0,/en/squads/62add3bf/2023-2024/Werder-Bremen-Stats
GER-Bundesliga,2324,Wolfsburg,2,34,34,3060,34,56,1.65,151,98,62.9,10,7,17,6,17.6,3,2,0,1,0.0,/en/squads/4eaa11d7/2023-2024/Wolfsburg-Stats
GER-Bundesliga,2425,Augsburg,2,34,34,3060,34,51,1.5,156,107,67.3,11,10,13,11,32.4,5,5,0,0,0.0,/en/squads/0cdc4311/2024-2025/Augsburg-Stats
GER-Bundesliga,2425,Bayern Munich,4,34,34,3060,34,32,0.94,80,48,60.0,25,7,2,16,47.1,2,1,0,1,0.0,/en/squads/054efa67/2024-2025/Bayern-Munich-Stats
GER-Bundesliga,2425,Bochum,2,34,34,3060,34,68,2.0,153,83,55.6,5,8,21,5,14.7,6,3,2,1,40.0,/en/squads/b42c6323/2024-2025/Bochum-Stats
GER-Bundesliga,2425,Dortmund,2,34,34,3060,34,51,1.5,140,89,63.6,17,6,11,7,20.6,4,4,0,0,0.0,/en/squads/add600ae/2024-2025/Dortmund-Stats
GER-Bundesliga,2425,Frankfurt,2,34,34,3060,34,46,1.35,163,117,71.8,17,9,8,9,26.5,3,1,2,0,66.7,/en/squads/f0ac8ee6/2024-2025/Eintracht-Frankfurt-Stats
GER-Bundesliga,2425,Freiburg,2,34,34,3060,34,53,1.56,150,96,64.7,16,7,11,11,32.4,4,2,2,0,50.0,/en/squads/a486e511/2024-2025/Freiburg-Stats
GER-Bundesliga,2425,Gladbach,4,34,34,3056,34,57,1.68,191,135,70.2,13,6,15,7,20.6,8,7,1,0,12.5,/en/squads/32f3ee20/2024-2025/Monchengladbach-Stats
GER-Bundesliga,2425,Heidenheim,2,34,34,3060,34,64,1.88,171,107,62.6,8,5,21,9,26.5,6,6,0,0,0.0,/en/squads/18d9d2a7/2024-2025/Heidenheim-Stats
GER-Bundesliga,2425,Hoffenheim,2,34,34,3060,34,68,2.0,173,105,60.7,7,11,16,4,11.8,6,3,3,0,50.0,/en/squads/033ea6b8/2024-2025/Hoffenheim-Stats
GER-Bundesliga,2425,Holstein Kiel,2,34,34,3060,34,80,2.35,195,117,59.0,6,7,21,2,5.9,7,6,1,0,14.3,/en/squads/2ac661d9/2024-2025/Holstein-Kiel-Stats
GER-Bundesliga,2425,Leverkusen,2,34,34,3060,34,43,1.26,138,95,68.8,19,12,3,9,26.5,4,4,0,0,0.0,/en/squads/c7a9f859/2024-2025/Leverkusen-Stats
GER-Bundesliga,2425,Mainz 05,2,34,34,3060,34,43,1.26,150,106,71.3,14,10,10,9,26.5,5,4,1,0,20.0,/en/squads/a224b06a/2024-2025/Mainz-05-Stats
GER-Bundesliga,2425,RB Leipzig,2,34,34,3060,34,48,1.41,158,109,69.6,13,12,9,14,41.2,3,2,1,0,33.3,/en/squads/acbb6a5b/2024-2025/RB-Leipzig-Stats
GER-Bundesliga,2425,St Pauli,2,34,34,3060,34,41,1.21,140,96,70.7,8,8,18,9,26.5,5,1,4,0,80.0,/en/squads/54864664/2024-2025/St-Pauli-Stats
GER-Bundesliga,2425,Stuttgart,1,34,34,3060,34,53,1.56,136,83,61.0,14,8,12,7,20.6,3,2,1,0,33.3,/en/squads/598bc722/2024-2025/Stuttgart-Stats
GER-Bundesliga,2425,Union Berlin,2,34,34,3060,34,50,1.47,139,86,64.0,10,11,13,8,23.5,6,2,4,0,66.7,/en/squads/7a41008f/2024-2025/Union-Berlin-Stats
GER-Bundesliga,2425,Werder Bremen,1,34,34,3060,34,57,1.68,159,102,64.2,14,9,11,10,29.4,3,3,0,0,0.0,/en/squads/62add3bf/2024-2025/Werder-Bremen-Stats
GER-Bundesliga,2425,Wolfsburg,2,34,34,3060,34,54,1.59,160,106,66.3,11,10,13,6,17.6,3,2,1,0,33.3,/en/squads/4eaa11d7/2024-2025/Wolfsburg-Stats
GER-Bundesliga,2526,Augsburg,1,34,34,3060,34,61,1.79,166,105,63.3,12,7,15,5,14.7,7,6,1,0,14.3,/en/squads/0cdc4311/2025-2026/Augsburg-Stats
GER-Bundesliga,2526,Bayern Munich,3,34,34,3060,34,36,1.06,105,69,65.7,28,5,1,12,35.3,3,2,0,1,0.0,/en/squads/054efa67/2025-2026/Bayern-Munich-Stats
GER-Bundesliga,2526,Dortmund,1,34,34,3060,34,34,1.0,122,88,72.1,22,7,5,15,44.1,5,5,0,0,0.0,/en/squads/add600ae/2025-2026/Dortmund-Stats
GER-Bundesliga,2526,Frankfurt,2,34,34,3060,34,65,1.91,164,99,60.4,11,11,12,7,20.6,3,3,0,0,0.0,/en/squads/f0ac8ee6/2025-2026/Eintracht-Frankfurt-Stats
GER-Bundesliga,2526,Freiburg,1,34,34,3060,34,57,1.68,157,100,63.7,13,8,13,6,17.6,1,0,1,0,100.0,/en/squads/a486e511/2025-2026/Freiburg-Stats
GER-Bundesliga,2526,Gladbach,1,34,34,3060,34,53,1.56,189,136,72.0,9,11,14,13,38.2,5,5,0,0,0.0,/en/squads/32f3ee20/2025-2026/Monchengladbach-Stats
GER-Bundesliga,2526,Hamburger SV,2,34,34,3060,34,54,1.59,165,111,67.3,9,11,14,6,17.6,11,6,3,2,33.3,/en/squads/26790c6a/2025-2026/Hamburger-SV-Stats
GER-Bundesliga,2526,Heidenheim,2,34,34,3060,34,72,2.12,187,115,61.5,6,8,20,1,2.9,6,5,0,1,0.0,/en/squads/18d9d2a7/2025-2026/Heidenheim-Stats
GER-Bundesliga,2526,Hoffenheim,1,34,34,3060,34,52,1.53,150,98,65.3,18,7,9,7,20.6,7,5,0,2,0.0,/en/squads/033ea6b8/2025-2026/Hoffenheim-Stats
GER-Bundesliga,2526,Köln,1,34,34,3060,34,63,1.85,155,92,59.4,7,11,16,3,8.8,7,5,2,0,28.6,/en/squads/bc357bf7/2025-2026/Koln-Stats
GER-Bundesliga,2526,Leverkusen,2,34,34,3060,34,47,1.38,167,120,71.9,17,8,9,8,23.5,7,7,0,0,0.0,/en/squads/c7a9f859/2025-2026/Leverkusen-Stats
GER-Bundesliga,2526,Mainz 05,3,34,34,3058,34,53,1.56,169,116,68.6,10,10,14,4,11.8,2,2,0,0,0.0,/en/squads/a224b06a/2025-2026/Mainz-05-Stats
GER-Bundesliga,2526,RB Leipzig,2,34,34,3060,34,47,1.38,130,82,63.8,20,5,9,11,32.4,3,2,1,0,33.3,/en/squads/acbb6a5b/2025-2026/RB-Leipzig-Stats
GER-Bundesliga,2526,St Pauli,1,34,34,3060,34,60,1.76,183,123,67.2,6,8,20,5,14.7,6,3,2,1,40.0,/en/squads/54864664/2025-2026/St-Pauli-Stats
GER-Bundesliga,2526,Stuttgart,1,34,34,3060,34,49,1.44,157,107,68.8,18,8,8,11,32.4,10,9,1,0,10.0,/en/squads/598bc722/2025-2026/Stuttgart-Stats
GER-Bundesliga,2526,Union Berlin,3,34,34,3060,34,58,1.71,150,90,61.3,10,9,15,7,20.6,6,6,0,0,0.0,/en/squads/7a41008f/2025-2026/Union-Berlin-Stats
GER-Bundesliga,2526,Werder Bremen,2,34,34,3060,34,60,1.76,171,111,64.9,8,8,18,6,17.6,6,6,0,0,0.0,/en/squads/62add3bf/2025-2026/Werder-Bremen-Stats
GER-Bundesliga,2526,Wolfsburg,1,34,34,3060,34,69,2.03,189,120,63.5,7,8,19,2,5.9,12,7,3,2,30.0,/en/squads/4eaa11d7/2025-2026/Wolfsburg-Stats
