league,season,team,players_used,Age,Poss,MP,Starts,Min,90s,Gls,Ast,G+A,G-PK,PK,PKatt,CrdY,CrdR,P90_Gls,P90_Ast,P90_G+A,P90_G-PK,P90_G+A-PK,url
ENG-Premier League,1415,Arsenal,29,26.1,56.6,38,418,3420,38,69,47,116,63,6,7,69,0,1.82,1.24,3.05,1.66,2.89,/en/squads/18bb7c10/2014-2015/Arsenal-Stats
ENG-Premier League,1415,Aston Villa,27,26.3,49.0,38,418,3420,38,31,23,54,30,1,1,76,0,0.82,0.61,1.42,0.79,1.39,/en/squads/8602292d/2014-2015/Aston-Villa-Stats
ENG-Premier League,1415,Burnley,24,27.2,42.5,38,418,3420,38,27,22,49,26,1,2,66,0,0.71,0.58,1.29,0.68,1.26,/en/squads/943e8050/2014-2015/Burnley-Stats
ENG-Premier League,1415,Chelsea,25,27.0,55.9,38,418,3420,38,72,59,131,68,4,5,75,0,1.89,1.55,3.45,1.79,3.34,/en/squads/cff3d9bb/2014-2015/Chelsea-Stats
ENG-Premier League,1415,Crystal Palace,30,27.8,40.4,38,418,3420,38,46,27,73,41,5,7,70,0,1.21,0.71,1.92,1.08,1.79,/en/squads/47c64c55/2014-2015/Crystal-Palace-Stats
ENG-Premier League,1415,Everton,28,27.9,54.7,38,418,3420,38,47,31,78,43,4,7,71,0,1.24,0.82,2.05,1.13,1.95,/en/squads/d3fd31cc/2014-2015/Everton-Stats
ENG-Premier League,1415,Hull City,29,27.4,44.2,38,418,3420,38,32,22,54,31,1,1,75,0,0.84,0.58,1.42,0.82,1.39,/en/squads/bd8769d1/2014-2015/Hull-City-Stats
ENG-Premier League,1415,Leicester City,28,27.9,43.5,38,418,3420,38,45,29,74,42,3,3,49,0,1.18,0.76,1.95,1.11,1.87,/en/squads/a2d435b3/2014-2015/Leicester-City-Stats
ENG-Premier League,1415,Liverpool,25,25.2,55.8,38,418,3420,38,48,30,78,43,5,6,70,0,1.26,0.79,2.05,1.13,1.92,/en/squads/822bd0ba/2014-2015/Liverpool-Stats
ENG-Premier League,1415,Manchester City,24,28.6,59.8,38,418,3420,38,82,61,143,75,7,8,82,0,2.16,1.61,3.76,1.97,3.58,/en/squads/b8fd03ef/2014-2015/Manchester-City-Stats
ENG-Premier League,1415,Manchester Utd,33,26.0,61.2,38,418,3420,38,60,41,101,57,3,5,68,0,1.58,1.08,2.66,1.5,2.58,/en/squads/19538871/2014-2015/Manchester-United-Stats
ENG-Premier League,1415,Newcastle,27,25.9,47.7,38,418,3420,38,40,30,70,39,1,1,78,0,1.05,0.79,1.84,1.03,1.82,/en/squads/b2b47a98/2014-2015/Newcastle-United-Stats
ENG-Premier League,1415,QPR,32,28.2,45.2,38,418,3420,38,39,29,68,36,3,5,79,0,1.03,0.76,1.79,0.95,1.71,/en/squads/a757999c/2014-2015/Queens-Park-Rangers-Stats
ENG-Premier League,1415,Southampton,29,26.0,53.1,38,418,3420,38,49,32,81,47,2,3,59,0,1.29,0.84,2.13,1.24,2.08,/en/squads/33c895d4/2014-2015/Southampton-Stats
ENG-Premier League,1415,Stoke City,25,27.4,50.4,38,418,3420,38,47,30,77,44,3,3,84,0,1.24,0.79,2.03,1.16,1.95,/en/squads/17892952/2014-2015/Stoke-City-Stats
ENG-Premier League,1415,Sunderland,25,27.8,45.2,38,417,3420,38,30,20,50,26,4,4,96,0,0.79,0.53,1.32,0.68,1.21,/en/squads/8ef52968/2014-2015/Sunderland-Stats
ENG-Premier League,1415,Swansea City,28,26.6,50.1,38,418,3420,38,43,34,77,41,2,2,54,0,1.13,0.89,2.03,1.08,1.97,/en/squads/fb10988f/2014-2015/Swansea-City-Stats
ENG-Premier League,1415,Tottenham,27,24.4,57.0,38,418,3420,38,56,40,96,53,3,5,81,0,1.47,1.05,2.53,1.39,2.45,/en/squads/361ca564/2014-2015/Tottenham-Hotspur-Stats
ENG-Premier League,1415,West Brom,26,28.0,43.7,38,418,3420,38,37,29,66,33,4,5,64,0,0.97,0.76,1.74,0.87,1.63,/en/squads/60c6b05f/2014-2015/West-Bromwich-Albion-Stats
ENG-Premier League,1415,West Ham,28,26.8,45.6,38,418,3420,38,43,34,77,42,1,2,66,0,1.13,0.89,2.03,1.11,2.0,/en/squads/7c21e445/2014-2015/West-Ham-United-Stats
ENG-Premier League,1516,Arsenal,25,27.0,58.3,38,418,3420,38,62,53,115,61,1,2,45,0,1.63,1.39,3.03,1.61,3.0,/en/squads/18bb7c10/2015-2016/Arsenal-Stats
ENG-Premier League,1516,Aston Villa,29,26.6,46.4,38,418,3420,38,24,19,43,22,2,2,77,0,0.63,0.5,1.13,0.58,1.08,/en/squads/8602292d/2015-2016/Aston-Villa-Stats
ENG-Premier League,1516,Bournemouth,28,27.7,51.2,38,418,3420,38,43,28,71,40,3,4,53,0,1.13,0.74,1.87,1.05,1.79,/en/squads/4ba7cbea/2015-2016/Bournemouth-Stats
ENG-Premier League,1516,Chelsea,28,26.8,56.2,38,418,3420,38,55,40,95,51,4,5,62,0,1.45,1.05,2.5,1.34,2.39,/en/squads/cff3d9bb/2015-2016/Chelsea-Stats
ENG-Premier League,1516,Crystal Palace,30,27.7,45.8,38,418,3420,38,38,21,59,34,4,5,62,0,1.0,0.55,1.55,0.89,1.45,/en/squads/47c64c55/2015-2016/Crystal-Palace-Stats
ENG-Premier League,1516,Everton,31,26.5,51.9,38,418,3420,38,56,44,100,52,4,5,50,0,1.47,1.16,2.63,1.37,2.53,/en/squads/d3fd31cc/2015-2016/Everton-Stats
ENG-Premier League,1516,Leicester City,23,27.7,42.6,38,418,3420,38,68,43,111,58,10,13,54,0,1.79,1.13,2.92,1.53,2.66,/en/squads/a2d435b3/2015-2016/Leicester-City-Stats
ENG-Premier League,1516,Liverpool,34,25.2,57.2,38,418,3420,38,62,50,112,60,2,2,67,0,1.63,1.32,2.95,1.58,2.89,/en/squads/822bd0ba/2015-2016/Liverpool-Stats
ENG-Premier League,1516,Manchester City,25,28.3,56.9,38,418,3420,38,71,53,124,66,5,8,63,0,1.87,1.39,3.26,1.74,3.13,/en/squads/b8fd03ef/2015-2016/Manchester-City-Stats
ENG-Premier League,1516,Manchester Utd,33,25.6,58.5,38,418,3420,38,46,31,77,43,3,3,67,0,1.21,0.82,2.03,1.13,1.95,/en/squads/19538871/2015-2016/Manchester-United-Stats
ENG-Premier League,1516,Newcastle,31,25.4,46.6,38,418,3420,38,43,34,77,40,3,3,61,0,1.13,0.89,2.03,1.05,1.95,/en/squads/b2b47a98/2015-2016/Newcastle-United-Stats
ENG-Premier League,1516,Norwich City,28,27.7,46.0,38,418,3420,38,38,27,65,37,1,1,64,0,1.0,0.71,1.71,0.97,1.68,/en/squads/1c781004/2015-2016/Norwich-City-Stats
ENG-Premier League,1516,Southampton,26,26.4,49.2,38,418,3420,38,58,45,103,55,3,4,63,0,1.53,1.18,2.71,1.45,2.63,/en/squads/33c895d4/2015-2016/Southampton-Stats
ENG-Premier League,1516,Stoke City,27,27.4,49.7,38,418,3420,38,40,29,69,35,5,5,53,0,1.05,0.76,1.82,0.92,1.68,/en/squads/17892952/2015-2016/Stoke-City-Stats
ENG-Premier League,1516,Sunderland,31,27.3,41.0,38,418,3420,38,44,30,74,41,3,3,68,0,1.16,0.79,1.95,1.08,1.87,/en/squads/8ef52968/2015-2016/Sunderland-Stats
ENG-Premier League,1516,Swansea City,27,27.6,52.5,38,418,3420,38,41,25,66,36,5,5,60,0,1.08,0.66,1.74,0.95,1.61,/en/squads/fb10988f/2015-2016/Swansea-City-Stats
ENG-Premier League,1516,Tottenham,24,24.5,57.4,38,418,3420,38,68,50,118,63,5,5,72,0,1.79,1.32,3.11,1.66,2.97,/en/squads/361ca564/2015-2016/Tottenham-Hotspur-Stats
ENG-Premier League,1516,Watford,25,28.2,45.1,38,418,3420,38,38,18,56,32,6,7,77,0,1.0,0.47,1.47,0.84,1.32,/en/squads/2abfe087/2015-2016/Watford-Stats
ENG-Premier League,1516,West Brom,28,29.1,39.8,38,418,3420,38,32,25,57,31,1,5,65,0,0.84,0.66,1.5,0.82,1.47,/en/squads/60c6b05f/2015-2016/West-Bromwich-Albion-Stats
ENG-Premier League,1516,West Ham,28,26.6,48.4,38,418,3420,38,64,38,102,60,4,4,57,0,1.68,1.0,2.68,1.58,2.58,/en/squads/7c21e445/2015-2016/West-Ham-United-Stats
ENG-Premier League,1617,Arsenal,29,26.9,58.9,38,418,3420,38,73,55,128,69,4,6,69,0,1.92,1.45,3.37,1.82,3.26,/en/squads/18bb7c10/2016-2017/Arsenal-Stats
ENG-Premier League,1617,Bournemouth,27,27.0,51.5,38,418,3420,38,53,33,86,46,7,10,56,2,1.39,0.87,2.26,1.21,2.08,/en/squads/4ba7cbea/2016-2017/Bournemouth-Stats
ENG-Premier League,1617,Burnley,27,27.7,40.3,38,418,3420,38,39,24,63,33,6,6,67,1,1.03,0.63,1.66,0.87,1.5,/en/squads/943e8050/2016-2017/Burnley-Stats
ENG-Premier League,1617,Chelsea,24,27.2,55.1,38,418,3420,38,83,53,136,81,2,4,72,0,2.18,1.39,3.58,2.13,3.53,/en/squads/cff3d9bb/2016-2017/Chelsea-Stats
ENG-Premier League,1617,Crystal Palace,31,27.7,45.4,38,418,3420,38,48,32,80,44,4,7,79,0,1.26,0.84,2.11,1.16,2.0,/en/squads/47c64c55/2016-2017/Crystal-Palace-Stats
ENG-Premier League,1617,Everton,27,27.5,52.1,38,418,3420,38,58,45,103,55,3,4,74,1,1.53,1.18,2.71,1.45,2.63,/en/squads/d3fd31cc/2016-2017/Everton-Stats
ENG-Premier League,1617,Hull City,28,27.4,45.9,38,418,3420,38,36,24,60,33,3,3,67,0,0.95,0.63,1.58,0.87,1.5,/en/squads/bd8769d1/2016-2017/Hull-City-Stats
ENG-Premier League,1617,Leicester City,25,27.8,41.9,38,418,3420,38,46,32,78,42,4,6,73,0,1.21,0.84,2.05,1.11,1.95,/en/squads/a2d435b3/2016-2017/Leicester-City-Stats
ENG-Premier League,1617,Liverpool,23,26.1,62.0,38,418,3420,38,77,52,129,70,7,8,54,0,2.03,1.37,3.39,1.84,3.21,/en/squads/822bd0ba/2016-2017/Liverpool-Stats
ENG-Premier League,1617,Manchester City,25,28.5,65.0,38,418,3420,38,75,54,129,68,7,9,71,0,1.97,1.42,3.39,1.79,3.21,/en/squads/b8fd03ef/2016-2017/Manchester-City-Stats
ENG-Premier League,1617,Manchester Utd,31,26.7,56.5,38,418,3420,38,54,37,91,51,3,4,80,1,1.42,0.97,2.39,1.34,2.32,/en/squads/19538871/2016-2017/Manchester-United-Stats
ENG-Premier League,1617,Middlesbrough,27,27.3,47.3,38,418,3420,38,26,22,48,24,2,2,79,1,0.68,0.58,1.26,0.63,1.21,/en/squads/7f59c601/2016-2017/Middlesbrough-Stats
ENG-Premier League,1617,Southampton,26,26.0,54.4,38,418,3420,38,39,27,66,36,3,6,61,1,1.03,0.71,1.74,0.95,1.66,/en/squads/33c895d4/2016-2017/Southampton-Stats
ENG-Premier League,1617,Stoke City,26,28.7,46.3,38,418,3420,38,37,24,61,33,4,6,72,1,0.97,0.63,1.61,0.87,1.5,/en/squads/17892952/2016-2017/Stoke-City-Stats
ENG-Premier League,1617,Sunderland,31,26.8,39.7,38,418,3420,38,28,11,39,23,5,5,84,3,0.74,0.29,1.03,0.61,0.89,/en/squads/8ef52968/2016-2017/Sunderland-Stats
ENG-Premier League,1617,Swansea City,27,27.4,47.9,38,418,3420,38,45,31,76,42,3,3,56,0,1.18,0.82,2.0,1.11,1.92,/en/squads/fb10988f/2016-2017/Swansea-City-Stats
ENG-Premier League,1617,Tottenham,24,25.3,60.5,38,418,3420,38,84,59,143,77,7,9,62,0,2.21,1.55,3.76,2.03,3.58,/en/squads/361ca564/2016-2017/Tottenham-Hotspur-Stats
ENG-Premier League,1617,Watford,33,29.0,46.1,38,418,3420,38,39,27,66,36,3,3,90,3,1.03,0.71,1.74,0.95,1.66,/en/squads/2abfe087/2016-2017/Watford-Stats
ENG-Premier League,1617,West Brom,23,29.4,37.3,38,418,3420,38,43,33,76,42,1,1,80,0,1.13,0.87,2.0,1.11,1.97,/en/squads/60c6b05f/2016-2017/West-Bromwich-Albion-Stats
ENG-Premier League,1617,West Ham,29,27.1,47.1,38,418,3420,38,46,28,74,43,3,4,86,4,1.21,0.74,1.95,1.13,1.87,/en/squads/7c21e445/2016-2017/West-Ham-United-Stats
ENG-Premier League,1718,Arsenal,30,26.8,61.4,38,418,3420,38,73,61,134,69,4,5,57,,1.92,1.61,3.53,1.82,3.42,/en/squads/18bb7c10/2017-2018/Arsenal-Stats
ENG-Premier League,1718,Bournemouth,22,26.9,48.1,38,418,3420,38,45,36,81,42,3,3,57,,1.18,0.95,2.13,1.11,2.05,/en/squads/4ba7cbea/2017-2018/Bournemouth-Stats
ENG-Premier League,1718,Brighton,24,27.5,43.7,38,418,3420,38,33,25,58,28,5,7,54,,0.87,0.66,1.53,0.74,1.39,/en/squads/d07537b9/2017-2018/Brighton-and-Hove-Albion-Stats
ENG-Premier League,1718,Burnley,24,27.5,43.7,38,418,3420,38,35,26,61,35,0,0,65,,0.92,0.68,1.61,0.92,1.61,/en/squads/943e8050/2017-2018/Burnley-Stats
ENG-Premier League,1718,Chelsea,26,26.7,55.6,38,418,3420,38,60,42,102,57,3,3,46,,1.58,1.11,2.68,1.5,2.61,/en/squads/cff3d9bb/2017-2018/Chelsea-Stats
ENG-Premier League,1718,Crystal Palace,28,27.1,45.2,38,418,3420,38,44,26,70,36,8,10,72,,1.16,0.68,1.84,0.95,1.63,/en/squads/47c64c55/2017-2018/Crystal-Palace-Stats
ENG-Premier League,1718,Everton,30,26.7,45.5,38,418,3420,38,42,26,68,37,5,8,55,,1.11,0.68,1.79,0.97,1.66,/en/squads/d3fd31cc/2017-2018/Everton-Stats
ENG-Premier League,1718,Huddersfield,25,26.4,45.7,38,418,3420,38,25,19,44,23,2,2,65,,0.66,0.5,1.16,0.61,1.11,/en/squads/f5922ca5/2017-2018/Huddersfield-Town-Stats
ENG-Premier League,1718,Leicester City,27,27.2,48.0,38,418,3420,38,53,38,91,48,5,6,60,,1.39,1.0,2.39,1.26,2.26,/en/squads/a2d435b3/2017-2018/Leicester-City-Stats
ENG-Premier League,1718,Liverpool,27,25.6,60.3,38,418,3420,38,82,58,140,80,2,3,44,,2.16,1.53,3.68,2.11,3.63,/en/squads/822bd0ba/2017-2018/Liverpool-Stats
ENG-Premier League,1718,Manchester City,25,26.4,71.0,38,418,3420,38,103,85,188,97,6,8,63,,2.71,2.24,4.95,2.55,4.79,/en/squads/b8fd03ef/2017-2018/Manchester-City-Stats
ENG-Premier League,1718,Manchester Utd,27,26.7,54.7,38,418,3420,38,67,53,120,66,1,3,64,,1.76,1.39,3.16,1.74,3.13,/en/squads/19538871/2017-2018/Manchester-United-Stats
ENG-Premier League,1718,Newcastle,27,25.6,41.7,38,418,3420,38,38,29,67,38,0,1,54,,1.0,0.76,1.76,1.0,1.76,/en/squads/b2b47a98/2017-2018/Newcastle-United-Stats
ENG-Premier League,1718,Southampton,26,26.2,51.3,38,418,3420,38,36,23,59,33,3,3,65,,0.95,0.61,1.55,0.87,1.47,/en/squads/33c895d4/2017-2018/Southampton-Stats
ENG-Premier League,1718,Stoke City,30,27.5,41.4,38,418,3420,38,34,28,62,34,0,3,62,,0.89,0.74,1.63,0.89,1.63,/en/squads/17892952/2017-2018/Stoke-City-Stats
ENG-Premier League,1718,Swansea City,26,27.2,45.3,38,418,3420,38,27,20,47,26,1,1,51,,0.71,0.53,1.24,0.68,1.21,/en/squads/fb10988f/2017-2018/Swansea-City-Stats
ENG-Premier League,1718,Tottenham,25,25.8,61.8,38,418,3420,38,70,51,121,68,2,3,52,,1.84,1.34,3.18,1.79,3.13,/en/squads/361ca564/2017-2018/Tottenham-Hotspur-Stats
ENG-Premier League,1718,Watford,29,27.9,49.7,38,418,3420,38,42,27,69,39,3,6,65,,1.11,0.71,1.82,1.03,1.74,/en/squads/2abfe087/2017-2018/Watford-Stats
ENG-Premier League,1718,West Brom,24,29.1,40.7,38,418,3420,38,31,24,55,30,1,1,73,,0.82,0.63,1.45,0.79,1.42,/en/squads/60c6b05f/2017-2018/West-Bromwich-Albion-Stats
ENG-Premier League,1718,West Ham,27,28.0,45.2,38,418,3420,38,48,29,77,46,2,4,75,,1.26,0.76,2.03,1.21,1.97,/en/squads/7c21e445/2017-2018/West-Ham-United-Stats
ENG-Premier League,1819,Arsenal,28,26.7,58.1,38,418,3420,38,69,52,121,65,4,5,74,2,1.82,1.37,3.18,1.71,3.08,/en/squads/18bb7c10/2018-2019/Arsenal-Stats
ENG-Premier League,1819,Bournemouth,28,26.6,46.9,38,418,3420,38,55,43,98,48,7,9,60,1,1.45,1.13,2.58,1.26,2.39,/en/squads/4ba7cbea/2018-2019/Bournemouth-Stats
ENG-Premier League,1819,Brighton,21,27.4,42.4,38,418,3420,38,35,24,59,30,5,6,62,4,0.92,0.63,1.55,0.79,1.42,/en/squads/d07537b9/2018-2019/Brighton-and-Hove-Albion-Stats
ENG-Premier League,1819,Burnley,23,28.0,41.2,38,418,3420,38,43,32,75,41,2,2,75,1,1.13,0.84,1.97,1.08,1.92,/en/squads/943e8050/2018-2019/Burnley-Stats
ENG-Premier League,1819,Cardiff City,25,27.7,35.4,38,418,3420,38,33,20,53,30,3,4,66,1,0.87,0.53,1.39,0.79,1.32,/en/squads/75fae011/2018-2019/Cardiff-City-Stats
ENG-Premier League,1819,Chelsea,24,27.3,62.9,38,418,3420,38,61,52,113,56,5,5,49,0,1.61,1.37,2.97,1.47,2.84,/en/squads/cff3d9bb/2018-2019/Chelsea-Stats
ENG-Premier League,1819,Crystal Palace,26,27.4,45.2,38,418,3420,38,48,33,81,38,10,11,59,2,1.26,0.87,2.13,1.0,1.87,/en/squads/47c64c55/2018-2019/Crystal-Palace-Stats
ENG-Premier League,1819,Everton,23,25.7,51.5,38,418,3420,38,53,34,87,51,2,5,57,4,1.39,0.89,2.29,1.34,2.24,/en/squads/d3fd31cc/2018-2019/Everton-Stats
ENG-Premier League,1819,Fulham,28,26.0,48.8,38,418,3420,38,33,24,57,31,2,3,72,2,0.87,0.63,1.5,0.82,1.45,/en/squads/fd962109/2018-2019/Fulham-Stats
ENG-Premier League,1819,Huddersfield,31,26.2,47.2,38,418,3420,38,21,13,34,20,1,1,57,4,0.55,0.34,0.89,0.53,0.87,/en/squads/f5922ca5/2018-2019/Huddersfield-Town-Stats
ENG-Premier League,1819,Leicester City,25,25.9,50.9,38,418,3420,38,48,34,82,43,5,7,63,5,1.26,0.89,2.16,1.13,2.03,/en/squads/a2d435b3/2018-2019/Leicester-City-Stats
ENG-Premier League,1819,Liverpool,23,26.1,61.8,38,418,3420,38,86,55,141,79,7,7,41,2,2.26,1.45,3.71,2.08,3.53,/en/squads/822bd0ba/2018-2019/Liverpool-Stats
ENG-Premier League,1819,Manchester City,21,26.7,67.9,38,418,3420,38,91,71,162,88,3,4,44,1,2.39,1.87,4.26,2.32,4.18,/en/squads/b8fd03ef/2018-2019/Manchester-City-Stats
ENG-Premier League,1819,Manchester Utd,28,26.3,54.7,38,418,3420,38,65,40,105,56,9,12,77,4,1.71,1.05,2.76,1.47,2.53,/en/squads/19538871/2018-2019/Manchester-United-Stats
ENG-Premier League,1819,Newcastle,24,26.9,40.4,38,418,3420,38,41,33,74,40,1,3,57,2,1.08,0.87,1.95,1.05,1.92,/en/squads/b2b47a98/2018-2019/Newcastle-United-Stats
ENG-Premier League,1819,Southampton,30,25.4,43.4,38,418,3420,38,44,27,71,40,4,5,75,3,1.16,0.71,1.87,1.05,1.76,/en/squads/33c895d4/2018-2019/Southampton-Stats
ENG-Premier League,1819,Tottenham,28,26.8,59.0,38,418,3420,38,66,47,113,62,4,4,58,3,1.74,1.24,2.97,1.63,2.87,/en/squads/361ca564/2018-2019/Tottenham-Hotspur-Stats
ENG-Premier League,1819,Watford,25,28.5,46.7,38,418,3420,38,51,39,90,50,1,1,80,4,1.34,1.03,2.37,1.32,2.34,/en/squads/2abfe087/2018-2019/Watford-Stats
ENG-Premier League,1819,West Ham,26,27.6,48.6,38,418,3420,38,51,33,84,46,5,5,59,1,1.34,0.87,2.21,1.21,2.08,/en/squads/7c21e445/2018-2019/West-Ham-United-Stats
ENG-Premier League,1819,Wolves,21,26.1,46.8,38,418,3420,38,46,35,81,42,4,4,73,1,1.21,0.92,2.13,1.11,2.03,/en/squads/8cec06e1/2018-2019/Wolverhampton-Wanderers-Stats
ENG-Premier League,1920,Arsenal,29,25.8,53.8,38,418,3420,38,56,35,91,53,3,3,88,5,1.47,0.92,2.39,1.39,2.32,/en/squads/18bb7c10/2019-2020/Arsenal-Stats
ENG-Premier League,1920,Aston Villa,28,25.7,44.1,38,418,3420,38,40,32,72,39,1,3,70,1,1.05,0.84,1.89,1.03,1.87,/en/squads/8602292d/2019-2020/Aston-Villa-Stats
ENG-Premier League,1920,Bournemouth,27,25.2,44.1,38,418,3420,38,38,24,62,34,4,4,78,3,1.0,0.63,1.63,0.89,1.53,/en/squads/4ba7cbea/2019-2020/Bournemouth-Stats
ENG-Premier League,1920,Brighton,25,26.4,52.2,38,418,3420,38,35,24,59,34,1,2,59,2,0.92,0.63,1.55,0.89,1.53,/en/squads/d07537b9/2019-2020/Brighton-and-Hove-Albion-Stats
ENG-Premier League,1920,Burnley,22,28.0,41.9,38,418,3420,38,41,30,71,38,3,3,67,0,1.08,0.79,1.87,1.0,1.79,/en/squads/943e8050/2019-2020/Burnley-Stats
ENG-Premier League,1920,Chelsea,27,25.5,60.4,38,418,3420,38,69,46,115,62,7,7,60,0,1.82,1.21,3.03,1.63,2.84,/en/squads/cff3d9bb/2019-2020/Chelsea-Stats
ENG-Premier League,1920,Crystal Palace,25,29.4,44.8,38,418,3420,38,29,20,49,26,3,3,62,2,0.76,0.53,1.29,0.68,1.21,/en/squads/47c64c55/2019-2020/Crystal-Palace-Stats
ENG-Premier League,1920,Everton,24,25.5,49.0,38,418,3420,38,42,32,74,41,1,1,76,3,1.11,0.84,1.95,1.08,1.92,/en/squads/d3fd31cc/2019-2020/Everton-Stats
ENG-Premier League,1920,Leicester City,24,26.1,57.1,38,418,3420,38,65,48,113,60,5,7,43,3,1.71,1.26,2.97,1.58,2.84,/en/squads/a2d435b3/2019-2020/Leicester-City-Stats
ENG-Premier League,1920,Liverpool,24,26.6,62.9,38,418,3420,38,83,69,152,78,5,5,38,1,2.18,1.82,4.0,2.05,3.87,/en/squads/822bd0ba/2019-2020/Liverpool-Stats
ENG-Premier League,1920,Manchester City,24,26.9,66.2,38,418,3420,38,100,69,169,94,6,11,64,4,2.63,1.82,4.45,2.47,4.29,/en/squads/b8fd03ef/2019-2020/Manchester-City-Stats
ENG-Premier League,1920,Manchester Utd,29,24.8,55.8,38,418,3420,38,65,43,108,55,10,14,73,0,1.71,1.13,2.84,1.45,2.58,/en/squads/19538871/2019-2020/Manchester-United-Stats
ENG-Premier League,1920,Newcastle,28,26.5,39.0,38,418,3420,38,38,29,67,38,0,1,66,3,1.0,0.76,1.76,1.0,1.76,/en/squads/b2b47a98/2019-2020/Newcastle-United-Stats
ENG-Premier League,1920,Norwich City,30,26.0,49.3,38,418,3420,38,25,18,43,23,2,2,68,3,0.66,0.47,1.13,0.61,1.08,/en/squads/1c781004/2019-2020/Norwich-City-Stats
ENG-Premier League,1920,Sheffield United,26,26.9,43.1,38,418,3420,38,36,25,61,35,1,1,63,2,0.95,0.66,1.61,0.92,1.58,/en/squads/1df6b87e/2019-2020/Sheffield-United-Stats
ENG-Premier League,1920,Southampton,25,25.9,48.9,38,418,3420,38,51,32,83,49,2,5,55,4,1.34,0.84,2.18,1.29,2.13,/en/squads/33c895d4/2019-2020/Southampton-Stats
ENG-Premier League,1920,Tottenham,29,26.7,52.0,38,418,3420,38,56,39,95,53,3,4,84,3,1.47,1.03,2.5,1.39,2.42,/en/squads/361ca564/2019-2020/Tottenham-Hotspur-Stats
ENG-Premier League,1920,Watford,26,28.9,42.9,38,418,3420,38,35,21,56,28,7,8,80,3,0.92,0.55,1.47,0.74,1.29,/en/squads/2abfe087/2019-2020/Watford-Stats
ENG-Premier League,1920,West Ham,29,27.4,44.1,38,418,3420,38,49,36,85,45,4,4,64,1,1.29,0.95,2.24,1.18,2.13,/en/squads/7c21e445/2019-2020/West-Ham-United-Stats
ENG-Premier League,1920,Wolves,21,26.6,48.3,38,418,3420,38,49,34,83,45,4,4,61,2,1.29,0.89,2.18,1.18,2.08,/en/squads/8cec06e1/2019-2020/Wolverhampton-Wanderers-Stats
ENG-Premier League,2021,Arsenal,29,25.9,53.5,38,418,3420,38,53,38,91,47,6,6,49,5,1.39,1.0,2.39,1.24,2.24,/en/squads/18bb7c10/2020-2021/Arsenal-Stats
ENG-Premier League,2021,Aston Villa,24,25.2,48.5,38,418,3420,38,52,38,90,47,5,6,71,4,1.37,1.0,2.37,1.24,2.24,/en/squads/8602292d/2020-2021/Aston-Villa-Stats
ENG-Premier League,2021,Brighton,27,25.8,51.1,38,418,3420,38,39,24,63,33,6,9,49,6,1.03,0.63,1.66,0.87,1.5,/en/squads/d07537b9/2020-2021/Brighton-and-Hove-Albion-Stats
ENG-Premier League,2021,Burnley,25,28.3,42.1,38,418,3420,38,32,20,52,29,3,3,48,0,0.84,0.53,1.37,0.76,1.29,/en/squads/943e8050/2020-2021/Burnley-Stats
ENG-Premier League,2021,Chelsea,27,26.0,60.9,38,418,3420,38,56,38,94,48,8,10,51,3,1.47,1.0,2.47,1.26,2.26,/en/squads/cff3d9bb/2020-2021/Chelsea-Stats
ENG-Premier League,2021,Crystal Palace,24,29.1,40.6,38,418,3420,38,39,29,68,36,3,4,56,2,1.03,0.76,1.79,0.95,1.71,/en/squads/47c64c55/2020-2021/Crystal-Palace-Stats
ENG-Premier League,2021,Everton,29,26.3,46.4,38,418,3420,38,45,32,77,41,4,5,59,2,1.18,0.84,2.03,1.08,1.92,/en/squads/d3fd31cc/2020-2021/Everton-Stats
ENG-Premier League,2021,Fulham,28,25.2,49.7,38,418,3420,38,26,18,44,23,3,6,67,3,0.68,0.47,1.16,0.61,1.08,/en/squads/fd962109/2020-2021/Fulham-Stats
ENG-Premier League,2021,Leeds United,23,26.1,57.3,38,418,3420,38,60,45,105,56,4,4,61,1,1.58,1.18,2.76,1.47,2.66,/en/squads/5bfb9659/2020-2021/Leeds-United-Stats
ENG-Premier League,2021,Leicester City,27,26.5,54.3,38,418,3420,38,64,45,109,54,10,12,61,0,1.68,1.18,2.87,1.42,2.61,/en/squads/a2d435b3/2020-2021/Leicester-City-Stats
ENG-Premier League,2021,Liverpool,28,26.8,62.1,38,418,3420,38,65,43,108,59,6,6,40,0,1.71,1.13,2.84,1.55,2.68,/en/squads/822bd0ba/2020-2021/Liverpool-Stats
ENG-Premier League,2021,Manchester City,24,26.1,63.5,38,418,3420,38,82,55,137,77,5,9,46,2,2.16,1.45,3.61,2.03,3.47,/en/squads/b8fd03ef/2020-2021/Manchester-City-Stats
ENG-Premier League,2021,Manchester Utd,29,25.6,55.7,38,418,3420,38,70,51,121,60,10,11,64,1,1.84,1.34,3.18,1.58,2.92,/en/squads/19538871/2020-2021/Manchester-United-Stats
ENG-Premier League,2021,Newcastle,27,27.1,38.8,38,418,3420,38,44,26,70,38,6,7,65,3,1.16,0.68,1.84,1.0,1.68,/en/squads/b2b47a98/2020-2021/Newcastle-United-Stats
ENG-Premier League,2021,Sheffield United,27,26.7,41.7,38,418,3420,38,19,13,32,16,3,4,73,3,0.5,0.34,0.84,0.42,0.76,/en/squads/1df6b87e/2020-2021/Sheffield-United-Stats
ENG-Premier League,2021,Southampton,29,26.6,52.0,38,418,3420,38,47,33,80,42,5,6,52,3,1.24,0.87,2.11,1.11,1.97,/en/squads/33c895d4/2020-2021/Southampton-Stats
ENG-Premier League,2021,Tottenham,24,27.2,51.6,38,418,3420,38,66,50,116,61,5,5,57,2,1.74,1.32,3.05,1.61,2.92,/en/squads/361ca564/2020-2021/Tottenham-Hotspur-Stats
ENG-Premier League,2021,West Brom,30,26.4,37.9,38,418,3420,38,33,20,53,29,4,4,51,4,0.87,0.53,1.39,0.76,1.29,/en/squads/60c6b05f/2020-2021/West-Bromwich-Albion-Stats
ENG-Premier League,2021,West Ham,24,27.8,43.2,38,418,3420,38,60,46,106,58,2,4,50,3,1.58,1.21,2.79,1.53,2.74,/en/squads/7c21e445/2020-2021/West-Ham-United-Stats
ENG-Premier League,2021,Wolves,27,26.3,49.3,38,418,3420,38,34,21,55,30,4,4,55,1,0.89,0.55,1.45,0.79,1.34,/en/squads/8cec06e1/2020-2021/Wolverhampton-Wanderers-Stats
ENG-Premier League,2122,Arsenal,27,24.4,52.8,38,418,3420,38,60,41,101,55,5,8,67,4,1.58,1.08,2.66,1.45,2.53,/en/squads/18bb7c10/2021-2022/Arsenal-Stats
ENG-Premier League,2122,Aston Villa,31,26.1,46.5,38,418,3420,38,50,42,92,47,3,3,81,2,1.32,1.11,2.42,1.24,2.34,/en/squads/8602292d/2021-2022/Aston-Villa-Stats
ENG-Premier League,2122,Brentford,29,25.4,44.8,38,418,3420,38,46,33,79,40,6,6,65,3,1.21,0.87,2.08,1.05,1.92,/en/squads/cd051869/2021-2022/Brentford-Stats
ENG-Premier League,2122,Brighton,26,26.2,54.4,38,418,3420,38,40,30,70,36,4,7,72,2,1.05,0.79,1.84,0.95,1.74,/en/squads/d07537b9/2021-2022/Brighton-and-Hove-Albion-Stats
ENG-Premier League,2122,Burnley,23,28.5,40.2,38,418,3420,38,32,26,58,31,1,2,68,2,0.84,0.68,1.53,0.82,1.5,/en/squads/943e8050/2021-2022/Burnley-Stats
ENG-Premier League,2122,Chelsea,26,27.4,61.8,38,418,3420,38,75,52,127,67,8,9,63,1,1.97,1.37,3.34,1.76,3.13,/en/squads/cff3d9bb/2021-2022/Chelsea-Stats
ENG-Premier League,2122,Crystal Palace,24,27.1,51.1,38,418,3420,38,50,31,81,44,6,8,69,1,1.32,0.82,2.13,1.16,1.97,/en/squads/47c64c55/2021-2022/Crystal-Palace-Stats
ENG-Premier League,2122,Everton,33,26.7,40.0,38,418,3420,38,42,29,71,36,6,7,82,6,1.11,0.76,1.87,0.95,1.71,/en/squads/d3fd31cc/2021-2022/Everton-Stats
ENG-Premier League,2122,Leeds United,29,26.1,52.3,38,418,3420,38,42,26,68,37,5,5,101,3,1.11,0.68,1.79,0.97,1.66,/en/squads/5bfb9659/2021-2022/Leeds-United-Stats
ENG-Premier League,2122,Leicester City,28,26.5,52.0,38,418,3420,38,62,46,108,60,2,2,55,1,1.63,1.21,2.84,1.58,2.79,/en/squads/a2d435b3/2021-2022/Leicester-City-Stats
ENG-Premier League,2122,Liverpool,27,27.7,62.7,38,418,3420,38,94,71,165,87,7,8,50,1,2.47,1.87,4.34,2.29,4.16,/en/squads/822bd0ba/2021-2022/Liverpool-Stats
ENG-Premier League,2122,Manchester City,26,27.0,67.9,38,418,3420,38,96,63,159,89,7,9,42,1,2.53,1.66,4.18,2.34,4.0,/en/squads/b8fd03ef/2021-2022/Manchester-City-Stats
ENG-Premier League,2122,Manchester Utd,29,27.2,52.7,38,418,3420,38,56,46,102,53,3,5,77,2,1.47,1.21,2.68,1.39,2.61,/en/squads/19538871/2021-2022/Manchester-United-Stats
ENG-Premier League,2122,Newcastle,29,27.5,40.4,38,418,3420,38,41,23,64,38,3,3,81,2,1.08,0.61,1.68,1.0,1.61,/en/squads/b2b47a98/2021-2022/Newcastle-United-Stats
ENG-Premier League,2122,Norwich City,28,26.2,42.9,38,418,3420,38,21,16,37,18,3,3,57,1,0.55,0.42,0.97,0.47,0.89,/en/squads/1c781004/2021-2022/Norwich-City-Stats
ENG-Premier League,2122,Southampton,25,25.7,47.7,38,418,3420,38,41,26,67,37,4,4,65,2,1.08,0.68,1.76,0.97,1.66,/en/squads/33c895d4/2021-2022/Southampton-Stats
ENG-Premier League,2122,Tottenham,25,26.5,51.8,38,418,3420,38,63,50,113,58,5,5,69,1,1.66,1.32,2.97,1.53,2.84,/en/squads/361ca564/2021-2022/Tottenham-Hotspur-Stats
ENG-Premier League,2122,Watford,30,28.4,40.7,38,418,3420,38,33,26,59,32,1,2,63,3,0.87,0.68,1.55,0.84,1.53,/en/squads/2abfe087/2021-2022/Watford-Stats
ENG-Premier League,2122,West Ham,25,28.2,47.9,38,418,3420,38,58,46,104,54,4,6,52,3,1.53,1.21,2.74,1.42,2.63,/en/squads/7c21e445/2021-2022/West-Ham-United-Stats
ENG-Premier League,2122,Wolves,26,27.3,49.5,38,418,3420,38,35,22,57,34,1,1,62,2,0.92,0.58,1.5,0.89,1.47,/en/squads/8cec06e1/2021-2022/Wolverhampton-Wanderers-Stats
ENG-Premier League,2223,Arsenal,26,24.7,59.3,38,418,3420,38,84,64,148,81,3,4,51,0,2.21,1.68,3.89,2.13,3.82,/en/squads/18bb7c10/2022-2023/Arsenal-Stats
ENG-Premier League,2223,Aston Villa,26,27.0,49.3,38,418,3420,38,49,35,84,46,3,4,80,1,1.29,0.92,2.21,1.21,2.13,/en/squads/8602292d/2022-2023/Aston-Villa-Stats
ENG-Premier League,2223,Bournemouth,31,26.3,40.4,38,418,3420,38,37,24,61,37,0,0,68,0,0.97,0.63,1.61,0.97,1.61,/en/squads/4ba7cbea/2022-2023/Bournemouth-Stats
ENG-Premier League,2223,Brentford,25,26.2,43.8,38,418,3420,38,56,36,92,49,7,8,57,1,1.47,0.95,2.42,1.29,2.24,/en/squads/cd051869/2022-2023/Brentford-Stats
ENG-Premier League,2223,Brighton,29,26.3,60.2,38,418,3420,38,68,46,114,62,6,6,58,0,1.79,1.21,3.0,1.63,2.84,/en/squads/d07537b9/2022-2023/Brighton-and-Hove-Albion-Stats
ENG-Premier League,2223,Chelsea,32,26.3,58.7,38,418,3420,38,37,27,64,34,3,3,81,3,0.97,0.71,1.68,0.89,1.61,/en/squads/cff3d9bb/2022-2023/Chelsea-Stats
ENG-Premier League,2223,Crystal Palace,26,26.7,46.3,38,418,3420,38,38,29,67,37,1,3,82,3,1.0,0.76,1.76,0.97,1.74,/en/squads/47c64c55/2022-2023/Crystal-Palace-Stats
ENG-Premier League,2223,Everton,28,26.6,42.8,38,418,3420,38,32,24,56,29,3,3,81,2,0.84,0.63,1.47,0.76,1.39,/en/squads/d3fd31cc/2022-2023/Everton-Stats
ENG-Premier League,2223,Fulham,29,28.2,48.8,38,418,3420,38,52,33,85,47,5,9,80,1,1.37,0.87,2.24,1.24,2.11,/en/squads/fd962109/2022-2023/Fulham-Stats
ENG-Premier League,2223,Leeds United,29,25.3,47.0,38,418,3420,38,45,31,76,44,1,3,89,3,1.18,0.82,2.0,1.16,1.97,/en/squads/5bfb9659/2022-2023/Leeds-United-Stats
ENG-Premier League,2223,Leicester City,28,26.1,47.7,38,418,3420,38,49,36,85,46,3,6,63,2,1.29,0.95,2.24,1.21,2.16,/en/squads/a2d435b3/2022-2023/Leicester-City-Stats
ENG-Premier League,2223,Liverpool,28,27.4,60.8,38,418,3420,38,71,58,129,69,2,4,57,1,1.87,1.53,3.39,1.82,3.34,/en/squads/822bd0ba/2022-2023/Liverpool-Stats
ENG-Premier League,2223,Manchester City,24,27.2,64.7,38,418,3420,38,92,69,161,83,9,10,44,1,2.42,1.82,4.24,2.18,4.0,/en/squads/b8fd03ef/2022-2023/Manchester-City-Stats
ENG-Premier League,2223,Manchester Utd,26,26.9,53.7,38,418,3420,38,56,42,98,53,3,3,78,2,1.47,1.11,2.58,1.39,2.5,/en/squads/19538871/2022-2023/Manchester-United-Stats
ENG-Premier League,2223,Newcastle,27,27.3,52.3,38,418,3420,38,64,42,106,58,6,6,61,1,1.68,1.11,2.79,1.53,2.63,/en/squads/b2b47a98/2022-2023/Newcastle-United-Stats
ENG-Premier League,2223,Nottingham,33,26.5,37.6,38,418,3420,38,36,22,58,33,3,6,84,0,0.95,0.58,1.53,0.87,1.45,/en/squads/e4a775cb/2022-2023/Nottingham-Forest-Stats
ENG-Premier League,2223,Southampton,36,24.7,44.5,38,418,3420,38,36,25,61,34,2,4,73,0,0.95,0.66,1.61,0.89,1.55,/en/squads/33c895d4/2022-2023/Southampton-Stats
ENG-Premier League,2223,Tottenham,29,27.6,50.0,38,418,3420,38,68,46,114,63,5,6,77,3,1.79,1.21,3.0,1.66,2.87,/en/squads/361ca564/2022-2023/Tottenham-Hotspur-Stats
ENG-Premier League,2223,West Ham,25,28.2,42.1,38,418,3420,38,41,25,66,35,6,8,44,0,1.08,0.66,1.74,0.92,1.58,/en/squads/7c21e445/2022-2023/West-Ham-United-Stats
ENG-Premier League,2223,Wolves,32,26.7,49.9,38,418,3420,38,28,12,40,25,3,3,85,6,0.74,0.32,1.05,0.66,0.97,/en/squads/8cec06e1/2022-2023/Wolverhampton-Wanderers-Stats
ENG-Premier League,2324,Arsenal,25,25.0,58.2,38,418,3420,38,86,62,148,76,10,10,64,2,2.26,1.63,3.89,2.0,3.63,/en/squads/18bb7c10/2023-2024/Arsenal-Stats
ENG-Premier League,2324,Aston Villa,31,26.9,53.1,38,418,3420,38,72,55,127,68,4,4,94,2,1.89,1.45,3.34,1.79,3.24,/en/squads/8602292d/2023-2024/Aston-Villa-Stats
ENG-Premier League,2324,Bournemouth,30,25.7,44.4,38,418,3420,38,52,39,91,50,2,3,79,3,1.37,1.03,2.39,1.32,2.34,/en/squads/4ba7cbea/2023-2024/Bournemouth-Stats
ENG-Premier League,2324,Brentford,28,26.6,45.2,38,418,3420,38,54,38,92,51,3,3,89,2,1.42,1.0,2.42,1.34,2.34,/en/squads/cd051869/2023-2024/Brentford-Stats
ENG-Premier League,2324,Brighton,30,25.9,59.8,38,418,3420,38,50,36,86,45,5,6,90,3,1.32,0.95,2.26,1.18,2.13,/en/squads/d07537b9/2023-2024/Brighton-and-Hove-Albion-Stats
ENG-Premier League,2324,Burnley,31,24.5,47.4,38,418,3420,38,40,30,70,37,3,3,77,7,1.05,0.79,1.84,0.97,1.76,/en/squads/943e8050/2023-2024/Burnley-Stats
ENG-Premier League,2324,Chelsea,32,24.2,58.6,38,418,3420,38,76,51,127,65,11,12,109,4,2.0,1.34,3.34,1.71,3.05,/en/squads/cff3d9bb/2023-2024/Chelsea-Stats
ENG-Premier League,2324,Crystal Palace,26,26.8,42.3,38,418,3420,38,56,43,99,52,4,4,73,2,1.47,1.13,2.61,1.37,2.5,/en/squads/47c64c55/2023-2024/Crystal-Palace-Stats
ENG-Premier League,2324,Everton,26,27.1,40.8,38,418,3420,38,40,17,57,38,2,3,82,1,1.05,0.45,1.5,1.0,1.45,/en/squads/d3fd31cc/2023-2024/Everton-Stats
ENG-Premier League,2324,Fulham,25,28.4,50.6,38,418,3420,38,54,40,94,52,2,2,84,4,1.42,1.05,2.47,1.37,2.42,/en/squads/fd962109/2023-2024/Fulham-Stats
ENG-Premier League,2324,Liverpool,30,26.3,61.3,38,418,3420,38,80,60,140,74,6,9,69,5,2.11,1.58,3.68,1.95,3.53,/en/squads/822bd0ba/2023-2024/Liverpool-Stats
ENG-Premier League,2324,Luton Town,28,26.7,42.4,38,418,3420,38,49,33,82,44,5,5,71,0,1.29,0.87,2.16,1.16,2.03,/en/squads/e297cd13/2023-2024/Luton-Town-Stats
ENG-Premier League,2324,Manchester City,25,26.6,65.2,38,418,3420,38,94,69,163,85,9,10,53,2,2.47,1.82,4.29,2.24,4.05,/en/squads/b8fd03ef/2023-2024/Manchester-City-Stats
ENG-Premier League,2324,Manchester Utd,31,26.1,50.6,38,418,3420,38,57,36,93,51,6,7,83,1,1.5,0.95,2.45,1.34,2.29,/en/squads/19538871/2023-2024/Manchester-United-Stats
ENG-Premier League,2324,Newcastle,32,27.2,52.2,38,418,3420,38,83,55,138,75,8,9,79,1,2.18,1.45,3.63,1.97,3.42,/en/squads/b2b47a98/2023-2024/Newcastle-United-Stats
ENG-Premier League,2324,Nottingham,33,25.7,40.6,38,418,3420,38,49,43,92,48,1,1,82,3,1.29,1.13,2.42,1.26,2.39,/en/squads/e4a775cb/2023-2024/Nottingham-Forest-Stats
ENG-Premier League,2324,Sheffield United,35,25.7,35.8,38,418,3420,38,31,18,49,26,5,5,101,5,0.82,0.47,1.29,0.68,1.16,/en/squads/1df6b87e/2023-2024/Sheffield-United-Stats
ENG-Premier League,2324,Tottenham,29,25.2,61.6,38,418,3420,38,69,58,127,67,2,2,92,4,1.82,1.53,3.34,1.76,3.29,/en/squads/361ca564/2023-2024/Tottenham-Hotspur-Stats
ENG-Premier League,2324,West Ham,26,28.3,41.1,38,418,3420,38,58,40,98,54,4,5,82,3,1.53,1.05,2.58,1.42,2.47,/en/squads/7c21e445/2023-2024/West-Ham-United-Stats
ENG-Premier League,2324,Wolves,27,26.6,48.9,38,418,3420,38,47,36,83,43,4,4,102,4,1.24,0.95,2.18,1.13,2.08,/en/squads/8cec06e1/2023-2024/Wolverhampton-Wanderers-Stats
ENG-Premier League,2425,Arsenal,25,25.8,56.9,38,418,3420,38,67,55,122,65,2,2,70,6,1.76,1.45,3.21,1.71,3.16,/en/squads/18bb7c10/2024-2025/Arsenal-Stats
ENG-Premier League,2425,Aston Villa,28,27.0,50.5,38,418,3420,38,56,45,101,53,3,6,76,4,1.47,1.18,2.66,1.39,2.58,/en/squads/8602292d/2024-2025/Aston-Villa-Stats
ENG-Premier League,2425,Bournemouth,29,25.1,48.5,38,418,3420,38,57,41,98,51,6,7,97,3,1.5,1.08,2.58,1.34,2.42,/en/squads/4ba7cbea/2024-2025/Bournemouth-Stats
ENG-Premier League,2425,Brentford,28,25.8,47.9,38,418,3420,38,65,44,109,60,5,6,62,1,1.71,1.16,2.87,1.58,2.74,/en/squads/cd051869/2024-2025/Brentford-Stats
ENG-Premier League,2425,Brighton,32,24.8,52.3,38,418,3420,38,64,41,105,57,7,7,78,3,1.68,1.08,2.76,1.5,2.58,/en/squads/d07537b9/2024-2025/Brighton-and-Hove-Albion-Stats
ENG-Premier League,2425,Chelsea,29,23.7,57.1,38,418,3420,38,61,47,108,57,4,5,101,2,1.61,1.24,2.84,1.5,2.74,/en/squads/cff3d9bb/2024-2025/Chelsea-Stats
ENG-Premier League,2425,Crystal Palace,29,26.2,42.8,38,418,3420,38,49,38,87,46,3,4,80,4,1.29,1.0,2.29,1.21,2.21,/en/squads/47c64c55/2024-2025/Crystal-Palace-Stats
ENG-Premier League,2425,Everton,26,28.0,40.9,38,418,3420,38,39,27,66,37,2,2,82,2,1.03,0.71,1.74,0.97,1.68,/en/squads/d3fd31cc/2024-2025/Everton-Stats
ENG-Premier League,2425,Fulham,26,28.1,52.3,38,418,3420,38,53,44,97,50,3,4,80,2,1.39,1.16,2.55,1.32,2.47,/en/squads/fd962109/2024-2025/Fulham-Stats
ENG-Premier League,2425,Ipswich Town,32,25.8,40.6,38,418,3420,38,35,26,61,33,2,2,93,5,0.92,0.68,1.61,0.87,1.55,/en/squads/b74092de/2024-2025/Ipswich-Town-Stats
ENG-Premier League,2425,Leicester City,32,26.5,45.4,38,418,3420,38,33,25,58,31,2,3,87,0,0.87,0.66,1.53,0.82,1.47,/en/squads/a2d435b3/2024-2025/Leicester-City-Stats
ENG-Premier League,2425,Liverpool,24,27.2,57.7,38,418,3420,38,85,65,150,76,9,9,67,3,2.24,1.71,3.95,2.0,3.71,/en/squads/822bd0ba/2024-2025/Liverpool-Stats
ENG-Premier League,2425,Manchester City,30,26.8,61.3,38,418,3420,38,71,51,122,68,3,4,59,2,1.87,1.34,3.21,1.79,3.13,/en/squads/b8fd03ef/2024-2025/Manchester-City-Stats
ENG-Premier League,2425,Manchester Utd,31,25.5,53.5,38,418,3420,38,42,29,71,38,4,4,86,3,1.11,0.76,1.87,1.0,1.76,/en/squads/19538871/2024-2025/Manchester-United-Stats
ENG-Premier League,2425,Newcastle,24,27.4,51.3,38,418,3420,38,66,50,116,61,5,6,68,1,1.74,1.32,3.05,1.61,2.92,/en/squads/b2b47a98/2024-2025/Newcastle-United-Stats
ENG-Premier League,2425,Nottingham,23,26.1,41.2,38,418,3420,38,57,42,99,54,3,3,90,2,1.5,1.11,2.61,1.42,2.53,/en/squads/e4a775cb/2024-2025/Nottingham-Forest-Stats
ENG-Premier League,2425,Southampton,36,25.2,48.5,38,418,3420,38,25,16,41,25,0,2,89,3,0.66,0.42,1.08,0.66,1.08,/en/squads/33c895d4/2024-2025/Southampton-Stats
ENG-Premier League,2425,Tottenham,31,25.0,54.7,38,418,3420,38,61,47,108,58,3,4,72,1,1.61,1.24,2.84,1.53,2.76,/en/squads/361ca564/2024-2025/Tottenham-Hotspur-Stats
ENG-Premier League,2425,West Ham,27,28.1,48.4,38,418,3420,38,43,29,72,40,3,3,82,3,1.13,0.76,1.89,1.05,1.82,/en/squads/7c21e445/2024-2025/West-Ham-United-Stats
ENG-Premier League,2425,Wolves,32,26.9,48.1,38,418,3420,38,53,42,95,53,0,0,79,2,1.39,1.11,2.5,1.39,2.5,/en/squads/8cec06e1/2024-2025/Wolverhampton-Wanderers-Stats
ENG-Premier League,2526,Arsenal,25,26.0,56.4,38,418,3420,38,67,51,118,63,4,4,51,0,1.76,1.34,3.11,1.66,3.0,/en/squads/18bb7c10/2025-2026/Arsenal-Stats
ENG-Premier League,2526,Aston Villa,30,28.0,53.7,38,418,3420,38,53,40,93,53,0,0,58,1,1.39,1.05,2.45,1.39,2.45,/en/squads/8602292d/2025-2026/Aston-Villa-Stats
ENG-Premier League,2526,Bournemouth,26,25.0,50.1,38,418,3420,38,57,35,92,52,5,6,88,2,1.5,0.92,2.42,1.37,2.29,/en/squads/4ba7cbea/2025-2026/Bournemouth-Stats
ENG-Premier League,2526,Brentford,26,25.2,47.5,38,418,3420,38,53,33,86,45,8,10,69,1,1.39,0.87,2.26,1.18,2.05,/en/squads/cd051869/2025-2026/Brentford-Stats
ENG-Premier League,2526,Brighton,28,26.1,53.9,38,418,3420,38,51,33,84,48,3,5,86,0,1.34,0.87,2.21,1.26,2.13,/en/squads/d07537b9/2025-2026/Brighton-and-Hove-Albion-Stats
ENG-Premier League,2526,Burnley,28,27.0,42.5,38,418,3420,38,35,27,62,33,2,2,66,3,0.92,0.71,1.63,0.87,1.58,/en/squads/943e8050/2025-2026/Burnley-Stats
ENG-Premier League,2526,Chelsea,30,24.1,57.7,38,418,3420,38,57,39,96,50,7,8,98,8,1.5,1.03,2.53,1.32,2.34,/en/squads/cff3d9bb/2025-2026/Chelsea-Stats
ENG-Premier League,2526,Crystal Palace,30,26.2,45.9,38,418,3420,38,40,23,63,32,8,8,76,2,1.05,0.61,1.66,0.84,1.45,/en/squads/47c64c55/2025-2026/Crystal-Palace-Stats
ENG-Premier League,2526,Everton,22,27.3,43.8,38,418,3420,38,45,34,79,43,2,2,74,4,1.18,0.89,2.08,1.13,2.03,/en/squads/d3fd31cc/2025-2026/Everton-Stats
ENG-Premier League,2526,Fulham,24,28.1,51.7,38,418,3420,38,43,26,69,38,5,5,75,1,1.13,0.68,1.82,1.0,1.68,/en/squads/fd962109/2025-2026/Fulham-Stats
ENG-Premier League,2526,Leeds United,24,26.8,45.7,38,418,3420,38,48,24,72,42,6,8,64,1,1.26,0.63,1.89,1.11,1.74,/en/squads/5bfb9659/2025-2026/Leeds-United-Stats
ENG-Premier League,2526,Liverpool,24,26.6,59.3,38,418,3420,38,61,44,105,60,1,2,57,1,1.61,1.16,2.76,1.58,2.74,/en/squads/822bd0ba/2025-2026/Liverpool-Stats
ENG-Premier League,2526,Manchester City,27,25.4,60.7,38,418,3420,38,74,57,131,71,3,4,67,0,1.95,1.5,3.45,1.87,3.37,/en/squads/b8fd03ef/2025-2026/Manchester-City-Stats
ENG-Premier League,2526,Manchester Utd,27,26.1,51.9,38,418,3420,38,66,46,112,62,4,6,64,3,1.74,1.21,2.95,1.63,2.84,/en/squads/19538871/2025-2026/Manchester-United-Stats
ENG-Premier League,2526,Newcastle,26,26.7,52.5,38,418,3420,38,53,33,86,47,6,6,67,3,1.39,0.87,2.26,1.24,2.11,/en/squads/b2b47a98/2025-2026/Newcastle-United-Stats
ENG-Premier League,2526,Nottingham,31,25.9,46.8,38,418,3420,38,47,34,81,44,3,3,60,1,1.24,0.89,2.13,1.16,2.05,/en/squads/e4a775cb/2025-2026/Nottingham-Forest-Stats
ENG-Premier League,2526,Sunderland,29,25.3,44.9,38,418,3420,38,38,25,63,34,4,5,82,3,1.0,0.66,1.66,0.89,1.55,/en/squads/8ef52968/2025-2026/Sunderland-Stats
ENG-Premier League,2526,Tottenham,31,25.3,50.4,38,418,3420,38,47,36,83,47,0,0,101,4,1.24,0.95,2.18,1.24,2.18,/en/squads/361ca564/2025-2026/Tottenham-Hotspur-Stats
ENG-Premier League,2526,West Ham,32,26.3,42.6,38,418,3420,38,44,31,75,41,3,3,69,3,1.16,0.82,1.97,1.08,1.89,/en/squads/7c21e445/2025-2026/West-Ham-United-Stats
ENG-Premier League,2526,Wolves,31,25.8,42.8,38,418,3420,38,26,18,44,23,3,5,80,3,0.68,0.47,1.16,0.61,1.08,/en/squads/8cec06e1/2025-2026/Wolverhampton-Wanderers-Stats
ESP-La Liga,1415,Almería,27,26.1,46.4,38,418,3420,38,33,22,55,28,5,6,124,0,0.87,0.58,1.45,0.74,1.32,/en/squads/78ecf4bb/2014-2015/Almeria-Stats
ESP-La Liga,1415,Athletic Club,26,26.8,53.2,38,418,3420,38,41,26,67,36,5,5,103,0,1.08,0.68,1.76,0.95,1.63,/en/squads/2b390eca/2014-2015/Athletic-Club-Stats
ESP-La Liga,1415,Atlético Madrid,25,27.5,48.6,38,418,3420,38,65,48,113,60,5,6,118,0,1.71,1.26,2.97,1.58,2.84,/en/squads/db3b9613/2014-2015/Atletico-Madrid-Stats
ESP-La Liga,1415,Barcelona,24,27.7,65.7,38,418,3420,38,107,79,186,101,6,7,69,0,2.82,2.08,4.89,2.66,4.74,/en/squads/206d90db/2014-2015/Barcelona-Stats
ESP-La Liga,1415,Celta Vigo,23,26.3,55.9,38,418,3420,38,47,33,80,43,4,6,120,0,1.24,0.87,2.11,1.13,2.0,/en/squads/f25da7fb/2014-2015/Celta-Vigo-Stats
ESP-La Liga,1415,Córdoba,33,25.7,45.9,38,418,3420,38,21,12,33,19,2,3,106,0,0.55,0.32,0.87,0.5,0.82,/en/squads/6009ff35/2014-2015/Cordoba-Stats
ESP-La Liga,1415,Dep. La Coruña,27,26.9,48.4,38,418,3420,38,33,17,50,29,4,7,111,0,0.87,0.45,1.32,0.76,1.21,/en/squads/2a60ed82/2014-2015/Deportivo-La-Coruna-Stats
ESP-La Liga,1415,Eibar,23,27.6,43.8,38,418,3420,38,33,25,58,31,2,2,110,0,0.87,0.66,1.53,0.82,1.47,/en/squads/bea5c710/2014-2015/Eibar-Stats
ESP-La Liga,1415,Elche,24,26.3,47.9,38,418,3420,38,35,25,60,31,4,7,113,0,0.92,0.66,1.58,0.82,1.47,/en/squads/6c8b07df/2014-2015/Elche-Stats
ESP-La Liga,1415,Espanyol,27,26.9,46.0,38,418,3420,38,47,29,76,43,4,4,125,0,1.24,0.76,2.0,1.13,1.89,/en/squads/a8661628/2014-2015/Espanyol-Stats
ESP-La Liga,1415,Getafe,27,26.9,46.9,38,418,3420,38,32,25,57,31,1,2,98,0,0.84,0.66,1.5,0.82,1.47,/en/squads/7848bd64/2014-2015/Getafe-Stats
ESP-La Liga,1415,Granada,34,26.6,47.4,38,418,3420,38,29,17,46,23,6,6,115,0,0.76,0.45,1.21,0.61,1.05,/en/squads/a0435291/2014-2015/Granada-Stats
ESP-La Liga,1415,Levante,29,28.0,44.5,38,418,3420,38,34,22,56,31,3,4,107,0,0.89,0.58,1.47,0.82,1.39,/en/squads/9800b6a1/2014-2015/Levante-Stats
ESP-La Liga,1415,Málaga,23,26.6,49.5,38,418,3420,38,40,27,67,36,4,7,112,0,1.05,0.71,1.76,0.95,1.66,/en/squads/1c896955/2014-2015/Malaga-Stats
ESP-La Liga,1415,Rayo Vallecano,28,27.2,54.8,38,418,3420,38,46,33,79,44,2,3,113,0,1.21,0.87,2.08,1.16,2.03,/en/squads/98e8af82/2014-2015/Rayo-Vallecano-Stats
ESP-La Liga,1415,Real Madrid,24,26.4,56.2,38,418,3420,38,116,91,207,105,11,13,87,0,3.05,2.39,5.45,2.76,5.16,/en/squads/53a2f082/2014-2015/Real-Madrid-Stats
ESP-La Liga,1415,Real Sociedad,25,26.5,49.8,38,418,3420,38,41,35,76,38,3,3,89,0,1.08,0.92,2.0,1.0,1.92,/en/squads/e31d1cd9/2014-2015/Real-Sociedad-Stats
ESP-La Liga,1415,Sevilla,26,26.2,50.3,38,418,3420,38,68,45,113,60,8,10,118,0,1.79,1.18,2.97,1.58,2.76,/en/squads/ad2be733/2014-2015/Sevilla-Stats
ESP-La Liga,1415,Valencia,24,24.8,50.0,38,418,3420,38,66,48,114,61,5,7,112,0,1.74,1.26,3.0,1.61,2.87,/en/squads/dcc91a7b/2014-2015/Valencia-Stats
ESP-La Liga,1415,Villarreal,28,25.0,48.6,38,418,3420,38,48,34,82,46,2,2,96,0,1.26,0.89,2.16,1.21,2.11,/en/squads/2a8183b3/2014-2015/Villarreal-Stats
ESP-La Liga,1516,Athletic Club,25,27.7,49.9,38,418,3420,38,57,42,99,54,3,5,86,6,1.5,1.11,2.61,1.42,2.53,/en/squads/2b390eca/2015-2016/Athletic-Club-Stats
ESP-La Liga,1516,Atlético Madrid,25,25.9,48.5,38,418,3420,38,62,47,109,61,1,2,94,3,1.63,1.24,2.87,1.61,2.84,/en/squads/db3b9613/2015-2016/Atletico-Madrid-Stats
ESP-La Liga,1516,Barcelona,25,28.0,67.1,38,418,3420,38,109,74,183,98,11,19,67,1,2.87,1.95,4.82,2.58,4.53,/en/squads/206d90db/2015-2016/Barcelona-Stats
ESP-La Liga,1516,Celta Vigo,27,26.1,56.4,38,418,3420,38,50,41,91,46,4,5,115,8,1.32,1.08,2.39,1.21,2.29,/en/squads/f25da7fb/2015-2016/Celta-Vigo-Stats
ESP-La Liga,1516,Dep. La Coruña,25,28.2,47.1,38,418,3420,38,41,31,72,40,1,1,86,4,1.08,0.82,1.89,1.05,1.87,/en/squads/2a60ed82/2015-2016/Deportivo-La-Coruna-Stats
ESP-La Liga,1516,Eibar,28,25.6,45.2,38,419,3420,38,47,31,78,41,6,8,108,4,1.24,0.82,2.05,1.08,1.89,/en/squads/bea5c710/2015-2016/Eibar-Stats
ESP-La Liga,1516,Espanyol,26,24.9,46.2,38,418,3420,38,38,29,67,37,1,3,132,5,1.0,0.76,1.76,0.97,1.74,/en/squads/a8661628/2015-2016/Espanyol-Stats
ESP-La Liga,1516,Getafe,27,26.7,46.1,38,418,3420,38,36,31,67,35,1,2,129,6,0.95,0.82,1.76,0.92,1.74,/en/squads/7848bd64/2015-2016/Getafe-Stats
ESP-La Liga,1516,Granada,28,25.9,44.6,38,418,3420,38,45,26,71,38,7,7,141,7,1.18,0.68,1.87,1.0,1.68,/en/squads/a0435291/2015-2016/Granada-Stats
ESP-La Liga,1516,Las Palmas,27,27.6,54.6,38,418,3420,38,42,31,73,38,4,5,100,4,1.11,0.82,1.92,1.0,1.82,/en/squads/0049d422/2015-2016/Las-Palmas-Stats
ESP-La Liga,1516,Levante,27,27.2,45.9,38,418,3420,38,36,23,59,34,2,2,134,7,0.95,0.61,1.55,0.89,1.5,/en/squads/9800b6a1/2015-2016/Levante-Stats
ESP-La Liga,1516,Málaga,30,28.0,48.8,38,418,3420,38,37,27,64,35,2,4,110,5,0.97,0.71,1.68,0.92,1.63,/en/squads/1c896955/2015-2016/Malaga-Stats
ESP-La Liga,1516,Rayo Vallecano,29,28.5,55.6,38,418,3420,38,52,38,90,50,2,3,115,10,1.37,1.0,2.37,1.32,2.32,/en/squads/98e8af82/2015-2016/Rayo-Vallecano-Stats
ESP-La Liga,1516,Real Betis,29,27.4,46.7,38,418,3420,38,34,25,59,31,3,4,114,5,0.89,0.66,1.55,0.82,1.47,/en/squads/fc536746/2015-2016/Real-Betis-Stats
ESP-La Liga,1516,Real Madrid,24,26.5,57.3,38,418,3420,38,108,86,194,102,6,9,75,5,2.84,2.26,5.11,2.68,4.95,/en/squads/53a2f082/2015-2016/Real-Madrid-Stats
ESP-La Liga,1516,Real Sociedad,27,25.3,51.8,38,418,3420,38,44,31,75,43,1,1,109,5,1.16,0.82,1.97,1.13,1.95,/en/squads/e31d1cd9/2015-2016/Real-Sociedad-Stats
ESP-La Liga,1516,Sevilla,33,26.9,50.0,38,418,3420,38,50,35,85,44,6,7,106,8,1.32,0.92,2.24,1.16,2.08,/en/squads/ad2be733/2015-2016/Sevilla-Stats
ESP-La Liga,1516,Sporting Gijón,28,24.5,43.1,38,418,3420,38,39,29,68,38,1,2,107,6,1.03,0.76,1.79,1.0,1.76,/en/squads/bb9efd50/2015-2016/Sporting-Gijon-Stats
ESP-La Liga,1516,Valencia,30,24.7,50.1,38,419,3420,38,42,27,69,38,4,5,110,7,1.11,0.71,1.82,1.0,1.71,/en/squads/dcc91a7b/2015-2016/Valencia-Stats
ESP-La Liga,1516,Villarreal,26,25.3,45.9,38,418,3420,38,42,32,74,39,3,3,103,4,1.11,0.84,1.95,1.03,1.87,/en/squads/2a8183b3/2015-2016/Villarreal-Stats
ESP-La Liga,1617,Alavés,25,25.4,44.4,38,418,3420,38,41,27,68,37,4,4,120,5,1.08,0.71,1.79,0.97,1.68,/en/squads/8d6fd021/2016-2017/Alaves-Stats
ESP-La Liga,1617,Athletic Club,25,26.8,51.1,38,418,3420,38,53,31,84,45,8,8,89,2,1.39,0.82,2.21,1.18,2.0,/en/squads/2b390eca/2016-2017/Athletic-Club-Stats
ESP-La Liga,1617,Atlético Madrid,22,26.9,48.4,38,418,3420,38,70,54,124,68,2,7,85,3,1.84,1.42,3.26,1.79,3.21,/en/squads/db3b9613/2016-2017/Atletico-Madrid-Stats
ESP-La Liga,1617,Barcelona,25,26.9,66.1,38,418,3420,38,113,71,184,105,8,9,75,1,2.97,1.87,4.84,2.76,4.63,/en/squads/206d90db/2016-2017/Barcelona-Stats
ESP-La Liga,1617,Celta Vigo,27,26.1,53.2,38,418,3420,38,52,33,85,45,7,7,111,8,1.37,0.87,2.24,1.18,2.05,/en/squads/f25da7fb/2016-2017/Celta-Vigo-Stats
ESP-La Liga,1617,Dep. La Coruña,28,27.7,47.0,38,418,3420,38,42,29,71,39,3,7,97,4,1.11,0.76,1.87,1.03,1.79,/en/squads/2a60ed82/2016-2017/Deportivo-La-Coruna-Stats
ESP-La Liga,1617,Eibar,24,26.9,47.8,38,418,3420,38,53,34,87,47,6,8,96,7,1.39,0.89,2.29,1.24,2.13,/en/squads/bea5c710/2016-2017/Eibar-Stats
ESP-La Liga,1617,Espanyol,27,27.2,44.0,38,418,3420,38,48,36,84,46,2,4,82,2,1.26,0.95,2.21,1.21,2.16,/en/squads/a8661628/2016-2017/Espanyol-Stats
ESP-La Liga,1617,Granada,35,24.7,45.1,38,418,3420,38,30,19,49,30,0,1,116,6,0.79,0.5,1.29,0.79,1.29,/en/squads/a0435291/2016-2017/Granada-Stats
ESP-La Liga,1617,Las Palmas,29,27.3,59.0,38,418,3420,38,52,34,86,46,6,6,106,6,1.37,0.89,2.26,1.21,2.11,/en/squads/0049d422/2016-2017/Las-Palmas-Stats
ESP-La Liga,1617,Leganés,31,26.3,44.7,38,418,3420,38,36,24,60,33,3,4,107,3,0.95,0.63,1.58,0.87,1.5,/en/squads/7c6f2c78/2016-2017/Leganes-Stats
ESP-La Liga,1617,Málaga,29,26.0,48.4,38,418,3420,38,48,33,81,45,3,5,116,7,1.26,0.87,2.13,1.18,2.05,/en/squads/1c896955/2016-2017/Malaga-Stats
ESP-La Liga,1617,Osasuna,35,26.3,39.0,38,418,3420,38,37,24,61,33,4,6,100,3,0.97,0.63,1.61,0.87,1.5,/en/squads/03c57e2b/2016-2017/Osasuna-Stats
ESP-La Liga,1617,Real Betis,27,26.1,47.9,38,418,3420,38,41,27,68,39,2,2,106,5,1.08,0.71,1.79,1.03,1.74,/en/squads/fc536746/2016-2017/Real-Betis-Stats
ESP-La Liga,1617,Real Madrid,24,27.0,56.2,38,419,3420,38,106,83,189,100,6,8,76,2,2.79,2.18,4.97,2.63,4.82,/en/squads/53a2f082/2016-2017/Real-Madrid-Stats
ESP-La Liga,1617,Real Sociedad,27,26.0,56.7,38,418,3420,38,56,39,95,49,7,8,89,6,1.47,1.03,2.5,1.29,2.32,/en/squads/e31d1cd9/2016-2017/Real-Sociedad-Stats
ESP-La Liga,1617,Sevilla,28,26.8,59.2,38,418,3420,38,67,48,115,64,3,5,109,4,1.76,1.26,3.03,1.68,2.95,/en/squads/ad2be733/2016-2017/Sevilla-Stats
ESP-La Liga,1617,Sporting Gijón,29,26.4,44.4,38,418,3420,38,42,26,68,38,4,7,116,4,1.11,0.68,1.79,1.0,1.68,/en/squads/bb9efd50/2016-2017/Sporting-Gijon-Stats
ESP-La Liga,1617,Valencia,31,25.9,48.8,38,418,3420,38,53,38,91,49,4,6,114,6,1.39,1.0,2.39,1.29,2.29,/en/squads/dcc91a7b/2016-2017/Valencia-Stats
ESP-La Liga,1617,Villarreal,27,26.7,49.3,38,418,3420,38,55,36,91,49,6,8,91,4,1.45,0.95,2.39,1.29,2.24,/en/squads/2a8183b3/2016-2017/Villarreal-Stats
ESP-La Liga,1718,Alavés,30,25.5,40.3,38,418,3420,38,40,31,71,39,1,3,109,4,1.05,0.82,1.87,1.03,1.84,/en/squads/8d6fd021/2017-2018/Alaves-Stats
ESP-La Liga,1718,Athletic Club,26,26.7,49.6,38,418,3420,38,39,25,64,33,6,8,93,0,1.03,0.66,1.68,0.87,1.53,/en/squads/2b390eca/2017-2018/Athletic-Club-Stats
ESP-La Liga,1718,Atlético Madrid,26,26.6,47.5,38,418,3420,38,57,41,98,53,4,5,96,5,1.5,1.08,2.58,1.39,2.47,/en/squads/db3b9613/2017-2018/Atletico-Madrid-Stats
ESP-La Liga,1718,Barcelona,25,27.7,62.8,38,418,3420,38,96,74,170,93,3,5,67,2,2.53,1.95,4.47,2.45,4.39,/en/squads/206d90db/2017-2018/Barcelona-Stats
ESP-La Liga,1718,Celta Vigo,23,25.7,55.7,38,418,3420,38,57,45,102,55,2,3,85,1,1.5,1.18,2.68,1.45,2.63,/en/squads/f25da7fb/2017-2018/Celta-Vigo-Stats
ESP-La Liga,1718,Dep. La Coruña,32,28.2,46.8,38,418,3420,38,38,30,68,35,3,5,100,2,1.0,0.79,1.79,0.92,1.71,/en/squads/2a60ed82/2017-2018/Deportivo-La-Coruna-Stats
ESP-La Liga,1718,Eibar,27,27.4,52.0,38,418,3420,38,43,31,74,41,2,3,86,3,1.13,0.82,1.95,1.08,1.89,/en/squads/bea5c710/2017-2018/Eibar-Stats
ESP-La Liga,1718,Espanyol,25,26.8,46.9,38,418,3420,38,33,24,57,31,2,3,88,1,0.87,0.63,1.5,0.82,1.45,/en/squads/a8661628/2017-2018/Espanyol-Stats
ESP-La Liga,1718,Getafe,32,28.2,40.2,38,418,3420,38,41,27,68,36,5,12,134,5,1.08,0.71,1.79,0.95,1.66,/en/squads/7848bd64/2017-2018/Getafe-Stats
ESP-La Liga,1718,Girona,25,26.3,46.8,38,418,3420,38,50,31,81,44,6,8,102,0,1.32,0.82,2.13,1.16,1.97,/en/squads/9024a00a/2017-2018/Girona-Stats
ESP-La Liga,1718,Las Palmas,36,27.0,54.7,38,418,3420,38,24,15,39,18,6,8,89,3,0.63,0.39,1.03,0.47,0.87,/en/squads/0049d422/2017-2018/Las-Palmas-Stats
ESP-La Liga,1718,Leganés,28,27.8,43.0,38,418,3420,38,32,23,55,30,2,3,105,5,0.84,0.61,1.45,0.79,1.39,/en/squads/7c6f2c78/2017-2018/Leganes-Stats
ESP-La Liga,1718,Levante,33,25.7,42.8,38,418,3420,38,43,28,71,38,5,5,111,6,1.13,0.74,1.87,1.0,1.74,/en/squads/9800b6a1/2017-2018/Levante-Stats
ESP-La Liga,1718,Málaga,37,27.2,44.1,38,418,3420,38,23,15,38,19,4,6,101,8,0.61,0.39,1.0,0.5,0.89,/en/squads/1c896955/2017-2018/Malaga-Stats
ESP-La Liga,1718,Real Betis,29,27.1,56.9,38,418,3420,38,56,43,99,54,2,3,91,3,1.47,1.13,2.61,1.42,2.55,/en/squads/fc536746/2017-2018/Real-Betis-Stats
ESP-La Liga,1718,Real Madrid,24,27.1,60.2,38,418,3420,38,91,65,156,83,8,10,67,4,2.39,1.71,4.11,2.18,3.89,/en/squads/53a2f082/2017-2018/Real-Madrid-Stats
ESP-La Liga,1718,Real Sociedad,27,25.9,56.5,38,418,3420,38,64,47,111,60,4,5,64,5,1.68,1.24,2.92,1.58,2.82,/en/squads/e31d1cd9/2017-2018/Real-Sociedad-Stats
ESP-La Liga,1718,Sevilla,31,27.1,54.3,38,418,3420,38,48,35,83,44,4,5,99,3,1.26,0.92,2.18,1.16,2.08,/en/squads/ad2be733/2017-2018/Sevilla-Stats
ESP-La Liga,1718,Valencia,25,24.8,48.6,38,418,3420,38,63,45,108,55,8,8,107,5,1.66,1.18,2.84,1.45,2.63,/en/squads/dcc91a7b/2017-2018/Valencia-Stats
ESP-La Liga,1718,Villarreal,32,26.6,50.4,38,418,3420,38,56,45,101,52,4,5,117,6,1.47,1.18,2.66,1.37,2.55,/en/squads/2a8183b3/2017-2018/Villarreal-Stats
ESP-La Liga,1819,Alavés,26,26.7,42.7,38,418,3420,38,39,27,66,37,2,3,101,1,1.03,0.71,1.74,0.97,1.68,/en/squads/8d6fd021/2018-2019/Alaves-Stats
ESP-La Liga,1819,Athletic Club,27,27.6,50.0,38,418,3420,38,39,26,65,34,5,7,120,4,1.03,0.68,1.71,0.89,1.58,/en/squads/2b390eca/2018-2019/Athletic-Club-Stats
ESP-La Liga,1819,Atlético Madrid,29,26.4,49.2,38,418,3420,38,53,36,89,50,3,4,103,5,1.39,0.95,2.34,1.32,2.26,/en/squads/db3b9613/2018-2019/Atletico-Madrid-Stats
ESP-La Liga,1819,Barcelona,30,27.7,64.4,38,418,3420,38,88,61,149,80,8,9,77,2,2.32,1.61,3.92,2.11,3.71,/en/squads/206d90db/2018-2019/Barcelona-Stats
ESP-La Liga,1819,Celta Vigo,28,25.5,51.6,38,418,3420,38,52,37,89,45,7,7,84,6,1.37,0.97,2.34,1.18,2.16,/en/squads/f25da7fb/2018-2019/Celta-Vigo-Stats
ESP-La Liga,1819,Eibar,25,28.5,54.0,38,418,3420,38,46,26,72,39,7,8,82,2,1.21,0.68,1.89,1.03,1.71,/en/squads/bea5c710/2018-2019/Eibar-Stats
ESP-La Liga,1819,Espanyol,25,27.7,49.4,38,418,3420,38,43,26,69,39,4,4,92,2,1.13,0.68,1.82,1.03,1.71,/en/squads/a8661628/2018-2019/Espanyol-Stats
ESP-La Liga,1819,Getafe,26,27.5,40.7,38,418,3420,38,47,34,81,41,6,6,111,7,1.24,0.89,2.13,1.08,1.97,/en/squads/7848bd64/2018-2019/Getafe-Stats
ESP-La Liga,1819,Girona,26,26.6,48.0,38,418,3420,38,37,23,60,31,6,6,83,4,0.97,0.61,1.58,0.82,1.42,/en/squads/9024a00a/2018-2019/Girona-Stats
ESP-La Liga,1819,Huesca,30,26.7,44.5,38,418,3420,38,43,28,71,37,6,7,114,3,1.13,0.74,1.87,0.97,1.71,/en/squads/c6c493e6/2018-2019/Huesca-Stats
ESP-La Liga,1819,Leganés,29,26.6,43.1,38,418,3420,38,36,25,61,33,3,5,106,4,0.95,0.66,1.61,0.87,1.53,/en/squads/7c6f2c78/2018-2019/Leganes-Stats
ESP-La Liga,1819,Levante,26,26.3,45.7,38,418,3420,38,56,39,95,51,5,7,112,7,1.47,1.03,2.5,1.34,2.37,/en/squads/9800b6a1/2018-2019/Levante-Stats
ESP-La Liga,1819,Rayo Vallecano,29,26.6,48.7,38,418,3420,38,40,24,64,35,5,5,106,8,1.05,0.63,1.68,0.92,1.55,/en/squads/98e8af82/2018-2019/Rayo-Vallecano-Stats
ESP-La Liga,1819,Real Betis,25,26.7,61.8,38,418,3420,38,43,30,73,38,5,7,89,1,1.13,0.79,1.92,1.0,1.79,/en/squads/fc536746/2018-2019/Real-Betis-Stats
ESP-La Liga,1819,Real Madrid,27,27.1,60.1,38,418,3420,38,61,39,100,52,9,9,83,6,1.61,1.03,2.63,1.37,2.39,/en/squads/53a2f082/2018-2019/Real-Madrid-Stats
ESP-La Liga,1819,Real Sociedad,30,24.9,51.7,38,418,3420,38,44,27,71,36,8,10,82,4,1.16,0.71,1.87,0.95,1.66,/en/squads/e31d1cd9/2018-2019/Real-Sociedad-Stats
ESP-La Liga,1819,Sevilla,27,27.9,52.3,38,418,3420,38,60,47,107,55,5,6,118,6,1.58,1.24,2.82,1.45,2.68,/en/squads/ad2be733/2018-2019/Sevilla-Stats
ESP-La Liga,1819,Valencia,25,26.4,47.1,38,418,3420,38,50,38,88,45,5,7,90,3,1.32,1.0,2.32,1.18,2.18,/en/squads/dcc91a7b/2018-2019/Valencia-Stats
ESP-La Liga,1819,Valladolid,28,27.4,46.8,38,418,3420,38,31,19,50,27,4,7,92,0,0.82,0.5,1.32,0.71,1.21,/en/squads/17859612/2018-2019/Valladolid-Stats
ESP-La Liga,1819,Villarreal,26,27.1,48.3,38,418,3420,38,47,34,81,44,3,6,118,3,1.24,0.89,2.13,1.16,2.05,/en/squads/2a8183b3/2018-2019/Villarreal-Stats
ESP-La Liga,1920,Alavés,32,27.6,41.5,38,418,3420,38,34,20,54,28,6,6,111,7,0.89,0.53,1.42,0.74,1.26,/en/squads/8d6fd021/2019-2020/Alaves-Stats
ESP-La Liga,1920,Athletic Club,26,26.7,48.7,38,418,3420,38,40,23,63,32,8,10,90,2,1.05,0.61,1.66,0.84,1.45,/en/squads/2b390eca/2019-2020/Athletic-Club-Stats
ESP-La Liga,1920,Atlético Madrid,30,26.1,48.6,38,418,3420,38,50,35,85,44,6,8,93,3,1.32,0.92,2.24,1.16,2.08,/en/squads/db3b9613/2019-2020/Atletico-Madrid-Stats
ESP-La Liga,1920,Barcelona,28,27.8,66.4,38,418,3420,38,84,62,146,78,6,6,92,6,2.21,1.63,3.84,2.05,3.68,/en/squads/206d90db/2019-2020/Barcelona-Stats
ESP-La Liga,1920,Celta Vigo,30,25.8,51.7,38,418,3420,38,37,26,63,31,6,9,104,6,0.97,0.68,1.66,0.82,1.5,/en/squads/f25da7fb/2019-2020/Celta-Vigo-Stats
ESP-La Liga,1920,Eibar,26,29.3,46.3,38,418,3420,38,38,24,62,31,7,10,92,3,1.0,0.63,1.63,0.82,1.45,/en/squads/bea5c710/2019-2020/Eibar-Stats
ESP-La Liga,1920,Espanyol,31,27.7,47.4,38,418,3420,38,25,17,42,21,4,4,107,9,0.66,0.45,1.11,0.55,1.0,/en/squads/a8661628/2019-2020/Espanyol-Stats
ESP-La Liga,1920,Getafe,30,27.5,45.0,38,418,3420,38,42,31,73,36,6,7,135,5,1.11,0.82,1.92,0.95,1.76,/en/squads/7848bd64/2019-2020/Getafe-Stats
ESP-La Liga,1920,Granada,27,26.8,43.8,38,418,3420,38,50,34,84,45,5,5,109,1,1.32,0.89,2.21,1.18,2.08,/en/squads/a0435291/2019-2020/Granada-Stats
ESP-La Liga,1920,Leganés,29,26.9,43.9,38,418,3420,38,30,19,49,27,3,5,127,4,0.79,0.5,1.29,0.71,1.21,/en/squads/7c6f2c78/2019-2020/Leganes-Stats
ESP-La Liga,1920,Levante,29,27.7,48.3,38,418,3420,38,45,28,73,40,5,5,79,5,1.18,0.74,1.92,1.05,1.79,/en/squads/9800b6a1/2019-2020/Levante-Stats
ESP-La Liga,1920,Mallorca,32,26.8,45.0,38,418,3420,38,39,21,60,31,8,10,93,5,1.03,0.55,1.58,0.82,1.37,/en/squads/2aa12281/2019-2020/Mallorca-Stats
ESP-La Liga,1920,Osasuna,31,27.7,47.4,38,418,3420,38,46,26,72,38,8,8,110,6,1.21,0.68,1.89,1.0,1.68,/en/squads/03c57e2b/2019-2020/Osasuna-Stats
ESP-La Liga,1920,Real Betis,27,27.5,56.7,38,418,3420,38,48,35,83,42,6,8,108,9,1.26,0.92,2.18,1.11,2.03,/en/squads/fc536746/2019-2020/Real-Betis-Stats
ESP-La Liga,1920,Real Madrid,26,27.6,58.8,38,418,3420,38,69,52,121,58,11,11,82,4,1.82,1.37,3.18,1.53,2.89,/en/squads/53a2f082/2019-2020/Real-Madrid-Stats
ESP-La Liga,1920,Real Sociedad,27,24.8,56.2,38,418,3420,38,54,38,92,50,4,5,79,2,1.42,1.0,2.42,1.32,2.32,/en/squads/e31d1cd9/2019-2020/Real-Sociedad-Stats
ESP-La Liga,1920,Sevilla,26,27.7,57.9,38,418,3420,38,53,35,88,46,7,7,97,1,1.39,0.92,2.32,1.21,2.13,/en/squads/ad2be733/2019-2020/Sevilla-Stats
ESP-La Liga,1920,Valencia,28,27.0,49.0,38,418,3420,38,45,34,79,40,5,8,80,8,1.18,0.89,2.08,1.05,1.95,/en/squads/dcc91a7b/2019-2020/Valencia-Stats
ESP-La Liga,1920,Valladolid,30,27.1,44.7,38,418,3420,38,31,19,50,28,3,6,84,0,0.82,0.5,1.32,0.74,1.24,/en/squads/17859612/2019-2020/Valladolid-Stats
ESP-La Liga,1920,Villarreal,25,27.6,52.9,38,418,3420,38,62,40,102,52,10,11,78,1,1.63,1.05,2.68,1.37,2.42,/en/squads/2a8183b3/2019-2020/Villarreal-Stats
ESP-La Liga,2021,Alavés,30,28.7,42.8,38,418,3420,38,35,21,56,30,5,8,96,8,0.92,0.55,1.47,0.79,1.34,/en/squads/8d6fd021/2020-2021/Alaves-Stats
ESP-La Liga,2021,Athletic Club,27,26.6,49.9,38,418,3420,38,43,31,74,39,4,5,82,3,1.13,0.82,1.95,1.03,1.84,/en/squads/2b390eca/2020-2021/Athletic-Club-Stats
ESP-La Liga,2021,Atlético Madrid,25,27.3,52.3,38,418,3420,38,65,54,119,60,5,7,100,0,1.71,1.42,3.13,1.58,3.0,/en/squads/db3b9613/2020-2021/Atletico-Madrid-Stats
ESP-La Liga,2021,Barcelona,25,26.4,65.5,38,418,3420,38,80,51,131,76,4,8,72,2,2.11,1.34,3.45,2.0,3.34,/en/squads/206d90db/2020-2021/Barcelona-Stats
ESP-La Liga,2021,Celta Vigo,30,26.6,53.3,38,418,3420,38,55,39,94,48,7,7,109,5,1.45,1.03,2.47,1.26,2.29,/en/squads/f25da7fb/2020-2021/Celta-Vigo-Stats
ESP-La Liga,2021,Cádiz,34,28.8,34.8,38,418,3420,38,33,16,49,29,4,4,81,3,0.87,0.42,1.29,0.76,1.18,/en/squads/ee7c297c/2020-2021/Cadiz-Stats
ESP-La Liga,2021,Eibar,30,28.2,49.3,38,418,3420,38,29,20,49,25,4,9,71,3,0.76,0.53,1.29,0.66,1.18,/en/squads/bea5c710/2020-2021/Eibar-Stats
ESP-La Liga,2021,Elche,30,28.1,47.5,38,418,3420,38,33,25,58,31,2,3,99,3,0.87,0.66,1.53,0.82,1.47,/en/squads/6c8b07df/2020-2021/Elche-Stats
ESP-La Liga,2021,Getafe,31,26.7,43.3,38,418,3420,38,27,14,41,24,3,5,120,7,0.71,0.37,1.08,0.63,1.0,/en/squads/7848bd64/2020-2021/Getafe-Stats
ESP-La Liga,2021,Granada,34,27.4,41.4,38,418,3420,38,47,30,77,44,3,5,97,6,1.24,0.79,2.03,1.16,1.95,/en/squads/a0435291/2020-2021/Granada-Stats
ESP-La Liga,2021,Huesca,27,28.0,48.3,38,418,3420,38,32,23,55,29,3,4,69,2,0.84,0.61,1.45,0.76,1.37,/en/squads/c6c493e6/2020-2021/Huesca-Stats
ESP-La Liga,2021,Levante,29,28.0,52.2,38,418,3420,38,45,35,80,42,3,6,68,1,1.18,0.92,2.11,1.11,2.03,/en/squads/9800b6a1/2020-2021/Levante-Stats
ESP-La Liga,2021,Osasuna,28,27.9,43.2,38,418,3420,38,36,25,61,31,5,6,80,5,0.95,0.66,1.61,0.82,1.47,/en/squads/03c57e2b/2020-2021/Osasuna-Stats
ESP-La Liga,2021,Real Betis,25,27.9,53.6,38,418,3420,38,50,35,85,42,8,11,93,8,1.32,0.92,2.24,1.11,2.03,/en/squads/fc536746/2020-2021/Real-Betis-Stats
ESP-La Liga,2021,Real Madrid,30,27.9,59.3,38,418,3420,38,64,53,117,61,3,3,59,2,1.68,1.39,3.08,1.61,3.0,/en/squads/53a2f082/2020-2021/Real-Madrid-Stats
ESP-La Liga,2021,Real Sociedad,30,25.0,54.9,38,418,3420,38,58,39,97,49,9,12,81,1,1.53,1.03,2.55,1.29,2.32,/en/squads/e31d1cd9/2020-2021/Real-Sociedad-Stats
ESP-La Liga,2021,Sevilla,26,28.1,60.9,38,418,3420,38,52,36,88,46,6,7,79,2,1.37,0.95,2.32,1.21,2.16,/en/squads/ad2be733/2020-2021/Sevilla-Stats
ESP-La Liga,2021,Valencia,30,25.2,46.9,38,418,3420,38,48,35,83,40,8,10,82,5,1.26,0.92,2.18,1.05,1.97,/en/squads/dcc91a7b/2020-2021/Valencia-Stats
ESP-La Liga,2021,Valladolid,32,28.1,45.2,38,418,3420,38,34,21,55,27,7,8,93,4,0.89,0.55,1.45,0.71,1.26,/en/squads/17859612/2020-2021/Valladolid-Stats
ESP-La Liga,2021,Villarreal,29,28.0,55.2,38,418,3420,38,57,33,90,45,12,13,67,5,1.5,0.87,2.37,1.18,2.05,/en/squads/2a8183b3/2020-2021/Villarreal-Stats
ESP-La Liga,2122,Alavés,33,27.9,42.0,38,418,3420,38,29,20,49,23,6,7,93,4,0.76,0.53,1.29,0.61,1.13,/en/squads/8d6fd021/2021-2022/Alaves-Stats
ESP-La Liga,2122,Athletic Club,26,26.9,48.1,38,418,3420,38,40,34,74,37,3,7,90,4,1.05,0.89,1.95,0.97,1.87,/en/squads/2b390eca/2021-2022/Athletic-Club-Stats
ESP-La Liga,2122,Atlético Madrid,26,28.1,50.6,38,418,3420,38,63,45,108,59,4,5,111,7,1.66,1.18,2.84,1.55,2.74,/en/squads/db3b9613/2021-2022/Atletico-Madrid-Stats
ESP-La Liga,2122,Barcelona,38,26.2,64.2,38,418,3420,38,68,52,120,62,6,7,97,5,1.79,1.37,3.16,1.63,3.0,/en/squads/206d90db/2021-2022/Barcelona-Stats
ESP-La Liga,2122,Celta Vigo,25,28.4,55.2,38,418,3420,38,43,29,72,40,3,6,87,3,1.13,0.76,1.89,1.05,1.82,/en/squads/f25da7fb/2021-2022/Celta-Vigo-Stats
ESP-La Liga,2122,Cádiz,33,28.5,41.3,38,418,3420,38,35,21,56,32,3,6,105,3,0.92,0.55,1.47,0.84,1.39,/en/squads/ee7c297c/2021-2022/Cadiz-Stats
ESP-La Liga,2122,Elche,28,29.1,48.4,38,418,3420,38,39,29,68,38,1,1,104,6,1.03,0.76,1.79,1.0,1.76,/en/squads/6c8b07df/2021-2022/Elche-Stats
ESP-La Liga,2122,Espanyol,34,27.7,46.9,38,418,3420,38,39,25,64,34,5,5,99,7,1.03,0.66,1.68,0.89,1.55,/en/squads/a8661628/2021-2022/Espanyol-Stats
ESP-La Liga,2122,Getafe,31,26.6,41.5,38,418,3420,38,31,26,57,28,3,5,121,8,0.82,0.68,1.5,0.74,1.42,/en/squads/7848bd64/2021-2022/Getafe-Stats
ESP-La Liga,2122,Granada,32,28.1,44.7,38,418,3420,38,43,28,71,40,3,5,105,4,1.13,0.74,1.87,1.05,1.79,/en/squads/a0435291/2021-2022/Granada-Stats
ESP-La Liga,2122,Levante,31,28.0,47.2,38,418,3420,38,51,34,85,43,8,13,109,6,1.34,0.89,2.24,1.13,2.03,/en/squads/9800b6a1/2021-2022/Levante-Stats
ESP-La Liga,2122,Mallorca,33,27.9,45.3,38,418,3420,38,33,23,56,27,6,7,114,7,0.87,0.61,1.47,0.71,1.32,/en/squads/2aa12281/2021-2022/Mallorca-Stats
ESP-La Liga,2122,Osasuna,29,27.7,46.9,38,418,3420,38,37,23,60,31,6,8,84,2,0.97,0.61,1.58,0.82,1.42,/en/squads/03c57e2b/2021-2022/Osasuna-Stats
ESP-La Liga,2122,Rayo Vallecano,28,27.5,49.9,38,418,3420,38,38,28,66,34,4,4,101,3,1.0,0.74,1.74,0.89,1.63,/en/squads/98e8af82/2021-2022/Rayo-Vallecano-Stats
ESP-La Liga,2122,Real Betis,31,28.9,53.7,38,418,3420,38,60,45,105,54,6,6,87,6,1.58,1.18,2.76,1.42,2.61,/en/squads/fc536746/2021-2022/Real-Betis-Stats
ESP-La Liga,2122,Real Madrid,31,27.7,59.9,38,418,3420,38,80,59,139,72,8,12,76,0,2.11,1.55,3.66,1.89,3.45,/en/squads/53a2f082/2021-2022/Real-Madrid-Stats
ESP-La Liga,2122,Real Sociedad,32,25.7,54.3,38,418,3420,38,40,22,62,31,9,10,77,4,1.05,0.58,1.63,0.82,1.39,/en/squads/e31d1cd9/2021-2022/Real-Sociedad-Stats
ESP-La Liga,2122,Sevilla,33,28.6,59.4,38,418,3420,38,51,40,91,49,2,3,97,4,1.34,1.05,2.39,1.29,2.34,/en/squads/ad2be733/2021-2022/Sevilla-Stats
ESP-La Liga,2122,Valencia,34,24.8,43.6,38,418,3420,38,45,30,75,37,8,9,134,8,1.18,0.79,1.97,0.97,1.76,/en/squads/dcc91a7b/2021-2022/Valencia-Stats
ESP-La Liga,2122,Villarreal,29,28.0,56.8,38,418,3420,38,62,51,113,57,5,6,81,1,1.63,1.34,2.97,1.5,2.84,/en/squads/2a8183b3/2021-2022/Villarreal-Stats
ESP-La Liga,2223,Almería,29,26.4,45.1,38,418,3420,38,49,33,82,47,2,3,98,4,1.29,0.87,2.16,1.24,2.11,/en/squads/78ecf4bb/2022-2023/Almeria-Stats
ESP-La Liga,2223,Athletic Club,26,27.4,51.6,38,418,3420,38,46,33,79,41,5,7,81,5,1.21,0.87,2.08,1.08,1.95,/en/squads/2b390eca/2022-2023/Athletic-Club-Stats
ESP-La Liga,2223,Atlético Madrid,27,28.5,50.6,38,418,3420,38,68,51,119,67,1,1,92,8,1.79,1.34,3.13,1.76,3.11,/en/squads/db3b9613/2022-2023/Atletico-Madrid-Stats
ESP-La Liga,2223,Barcelona,29,25.9,64.3,38,418,3420,38,69,56,125,69,0,2,84,6,1.82,1.47,3.29,1.82,3.29,/en/squads/206d90db/2022-2023/Barcelona-Stats
ESP-La Liga,2223,Celta Vigo,26,26.7,50.2,38,418,3420,38,41,31,72,39,2,3,85,6,1.08,0.82,1.89,1.03,1.84,/en/squads/f25da7fb/2022-2023/Celta-Vigo-Stats
ESP-La Liga,2223,Cádiz,38,29.1,41.9,38,418,3420,38,29,20,49,25,4,5,116,7,0.76,0.53,1.29,0.66,1.18,/en/squads/ee7c297c/2022-2023/Cadiz-Stats
ESP-La Liga,2223,Elche,32,28.3,45.5,38,418,3420,38,30,21,51,26,4,5,99,12,0.79,0.55,1.34,0.68,1.24,/en/squads/6c8b07df/2022-2023/Elche-Stats
ESP-La Liga,2223,Espanyol,33,27.6,43.1,38,418,3420,38,51,31,82,46,5,5,99,10,1.34,0.82,2.16,1.21,2.03,/en/squads/a8661628/2022-2023/Espanyol-Stats
ESP-La Liga,2223,Getafe,25,27.4,39.9,38,418,3420,38,34,21,55,29,5,8,126,9,0.89,0.55,1.45,0.76,1.32,/en/squads/7848bd64/2022-2023/Getafe-Stats
ESP-La Liga,2223,Girona,29,26.0,51.3,38,418,3420,38,55,41,96,47,8,9,92,3,1.45,1.08,2.53,1.24,2.32,/en/squads/9024a00a/2022-2023/Girona-Stats
ESP-La Liga,2223,Mallorca,31,27.7,41.1,38,418,3420,38,36,27,63,32,4,5,120,5,0.95,0.71,1.66,0.84,1.55,/en/squads/2aa12281/2022-2023/Mallorca-Stats
ESP-La Liga,2223,Osasuna,26,27.5,48.0,38,418,3420,38,36,30,66,32,4,5,93,7,0.95,0.79,1.74,0.84,1.63,/en/squads/03c57e2b/2022-2023/Osasuna-Stats
ESP-La Liga,2223,Rayo Vallecano,28,27.9,51.2,38,418,3420,38,41,29,70,37,4,8,90,6,1.08,0.76,1.84,0.97,1.74,/en/squads/98e8af82/2022-2023/Rayo-Vallecano-Stats
ESP-La Liga,2223,Real Betis,30,28.6,50.6,38,418,3420,38,43,26,69,35,8,9,83,15,1.13,0.68,1.82,0.92,1.61,/en/squads/fc536746/2022-2023/Real-Betis-Stats
ESP-La Liga,2223,Real Madrid,26,27.4,60.9,38,418,3420,38,73,56,129,64,9,12,72,3,1.92,1.47,3.39,1.68,3.16,/en/squads/53a2f082/2022-2023/Real-Madrid-Stats
ESP-La Liga,2223,Real Sociedad,30,25.9,54.6,38,418,3420,38,47,36,83,45,2,4,90,2,1.24,0.95,2.18,1.18,2.13,/en/squads/e31d1cd9/2022-2023/Real-Sociedad-Stats
ESP-La Liga,2223,Sevilla,35,28.7,52.6,38,418,3420,38,47,31,78,43,4,5,121,13,1.24,0.82,2.05,1.13,1.95,/en/squads/ad2be733/2022-2023/Sevilla-Stats
ESP-La Liga,2223,Valencia,28,24.2,52.0,38,418,3420,38,40,23,63,35,5,8,93,8,1.05,0.61,1.66,0.92,1.53,/en/squads/dcc91a7b/2022-2023/Valencia-Stats
ESP-La Liga,2223,Valladolid,36,27.4,48.7,38,418,3420,38,32,24,56,29,3,4,94,6,0.84,0.63,1.47,0.76,1.39,/en/squads/17859612/2022-2023/Valladolid-Stats
ESP-La Liga,2223,Villarreal,32,28.4,56.9,38,418,3420,38,57,33,90,53,4,7,91,4,1.5,0.87,2.37,1.39,2.26,/en/squads/2a8183b3/2022-2023/Villarreal-Stats
ESP-La Liga,2324,Alavés,30,25.6,41.8,38,418,3420,38,33,28,61,30,3,7,84,1,0.87,0.74,1.61,0.79,1.53,/en/squads/8d6fd021/2023-2024/Alaves-Stats
ESP-La Liga,2324,Almería,35,25.6,46.4,38,418,3420,38,42,25,67,40,2,2,93,6,1.11,0.66,1.76,1.05,1.71,/en/squads/78ecf4bb/2023-2024/Almeria-Stats
ESP-La Liga,2324,Athletic Club,27,27.3,49.8,38,418,3420,38,59,41,100,56,3,5,80,5,1.55,1.08,2.63,1.47,2.55,/en/squads/2b390eca/2023-2024/Athletic-Club-Stats
ESP-La Liga,2324,Atlético Madrid,27,29.2,50.8,38,418,3420,38,68,48,116,63,5,6,89,5,1.79,1.26,3.05,1.66,2.92,/en/squads/db3b9613/2023-2024/Atletico-Madrid-Stats
ESP-La Liga,2324,Barcelona,29,26.0,64.3,38,418,3420,38,76,55,131,70,6,7,87,2,2.0,1.45,3.45,1.84,3.29,/en/squads/206d90db/2023-2024/Barcelona-Stats
ESP-La Liga,2324,Celta Vigo,31,26.7,46.1,38,418,3420,38,45,35,80,42,3,5,66,5,1.18,0.92,2.11,1.11,2.03,/en/squads/f25da7fb/2023-2024/Celta-Vigo-Stats
ESP-La Liga,2324,Cádiz,34,28.5,43.3,38,418,3420,38,25,17,42,22,3,3,107,7,0.66,0.45,1.11,0.58,1.03,/en/squads/ee7c297c/2023-2024/Cadiz-Stats
ESP-La Liga,2324,Getafe,33,27.3,44.8,38,418,3420,38,42,27,69,36,6,7,135,10,1.11,0.71,1.82,0.95,1.66,/en/squads/7848bd64/2023-2024/Getafe-Stats
ESP-La Liga,2324,Girona,25,26.1,56.9,38,418,3420,38,84,64,148,77,7,8,75,1,2.21,1.68,3.89,2.03,3.71,/en/squads/9024a00a/2023-2024/Girona-Stats
ESP-La Liga,2324,Granada,40,26.7,45.6,38,418,3420,38,35,27,62,30,5,8,98,4,0.92,0.71,1.63,0.79,1.5,/en/squads/a0435291/2023-2024/Granada-Stats
ESP-La Liga,2324,Las Palmas,29,25.6,59.2,38,418,3420,38,33,23,56,30,3,5,84,5,0.87,0.61,1.47,0.79,1.39,/en/squads/0049d422/2023-2024/Las-Palmas-Stats
ESP-La Liga,2324,Mallorca,25,28.7,45.0,38,418,3420,38,33,27,60,32,1,3,105,4,0.87,0.71,1.58,0.84,1.55,/en/squads/2aa12281/2023-2024/Mallorca-Stats
ESP-La Liga,2324,Osasuna,29,27.7,47.5,38,418,3420,38,45,32,77,41,4,5,78,5,1.18,0.84,2.03,1.08,1.92,/en/squads/03c57e2b/2023-2024/Osasuna-Stats
ESP-La Liga,2324,Rayo Vallecano,26,29.4,49.4,38,418,3420,38,29,12,41,23,6,6,108,5,0.76,0.32,1.08,0.61,0.92,/en/squads/98e8af82/2023-2024/Rayo-Vallecano-Stats
ESP-La Liga,2324,Real Betis,35,27.8,50.4,38,418,3420,38,46,31,77,44,2,3,87,3,1.21,0.82,2.03,1.16,1.97,/en/squads/fc536746/2023-2024/Real-Betis-Stats
ESP-La Liga,2324,Real Madrid,27,27.4,59.2,38,418,3420,38,85,66,151,83,2,5,69,4,2.24,1.74,3.97,2.18,3.92,/en/squads/53a2f082/2023-2024/Real-Madrid-Stats
ESP-La Liga,2324,Real Sociedad,31,25.8,55.3,38,418,3420,38,48,36,84,44,4,4,98,2,1.26,0.95,2.21,1.16,2.11,/en/squads/e31d1cd9/2023-2024/Real-Sociedad-Stats
ESP-La Liga,2324,Sevilla,35,28.6,50.3,38,418,3420,38,46,30,76,44,2,2,108,4,1.21,0.79,2.0,1.16,1.95,/en/squads/ad2be733/2023-2024/Sevilla-Stats
ESP-La Liga,2324,Valencia,29,23.8,44.3,38,418,3420,38,39,24,63,31,8,9,64,5,1.03,0.63,1.66,0.82,1.45,/en/squads/dcc91a7b/2023-2024/Valencia-Stats
ESP-La Liga,2324,Villarreal,32,27.9,49.6,38,418,3420,38,64,47,111,59,5,7,110,8,1.68,1.24,2.92,1.55,2.79,/en/squads/2a8183b3/2023-2024/Villarreal-Stats
ESP-La Liga,2425,Alavés,29,26.6,45.3,38,418,3420,38,38,20,58,29,9,11,107,5,1.0,0.53,1.53,0.76,1.29,/en/squads/8d6fd021/2024-2025/Alaves-Stats
ESP-La Liga,2425,Athletic Club,31,26.9,48.4,38,418,3420,38,53,40,93,50,3,6,64,3,1.39,1.05,2.45,1.32,2.37,/en/squads/2b390eca/2024-2025/Athletic-Club-Stats
ESP-La Liga,2425,Atlético Madrid,24,28.4,52.6,38,418,3420,38,68,51,119,62,6,7,75,3,1.79,1.34,3.13,1.63,2.97,/en/squads/db3b9613/2024-2025/Atletico-Madrid-Stats
ESP-La Liga,2425,Barcelona,28,24.7,68.3,38,418,3420,38,99,72,171,92,7,8,63,3,2.61,1.89,4.5,2.42,4.32,/en/squads/206d90db/2024-2025/Barcelona-Stats
ESP-La Liga,2425,Celta Vigo,30,26.8,53.6,38,418,3420,38,58,40,98,50,8,9,84,6,1.53,1.05,2.58,1.32,2.37,/en/squads/f25da7fb/2024-2025/Celta-Vigo-Stats
ESP-La Liga,2425,Espanyol,27,25.2,39.8,38,418,3420,38,38,27,65,33,5,5,88,1,1.0,0.71,1.71,0.87,1.58,/en/squads/a8661628/2024-2025/Espanyol-Stats
ESP-La Liga,2425,Getafe,30,27.7,41.8,38,418,3420,38,34,21,55,29,5,5,110,7,0.89,0.55,1.45,0.76,1.32,/en/squads/7848bd64/2024-2025/Getafe-Stats
ESP-La Liga,2425,Girona,30,27.5,56.3,38,418,3420,38,43,31,74,39,4,5,76,2,1.13,0.82,1.95,1.03,1.84,/en/squads/9024a00a/2024-2025/Girona-Stats
ESP-La Liga,2425,Las Palmas,34,26.7,50.7,38,418,3420,38,38,27,65,35,3,4,110,4,1.0,0.71,1.71,0.92,1.63,/en/squads/0049d422/2024-2025/Las-Palmas-Stats
ESP-La Liga,2425,Leganés,26,27.8,42.6,38,418,3420,38,38,27,65,33,5,7,82,6,1.0,0.71,1.71,0.87,1.58,/en/squads/7c6f2c78/2024-2025/Leganes-Stats
ESP-La Liga,2425,Mallorca,28,28.7,46.8,38,418,3420,38,34,24,58,30,4,5,81,6,0.89,0.63,1.53,0.79,1.42,/en/squads/2aa12281/2024-2025/Mallorca-Stats
ESP-La Liga,2425,Osasuna,25,27.4,46.1,38,418,3420,38,46,28,74,37,9,9,88,0,1.21,0.74,1.95,0.97,1.71,/en/squads/03c57e2b/2024-2025/Osasuna-Stats
ESP-La Liga,2425,Rayo Vallecano,26,29.3,51.7,38,418,3420,38,38,27,65,38,0,1,96,3,1.0,0.71,1.71,1.0,1.71,/en/squads/98e8af82/2024-2025/Rayo-Vallecano-Stats
ESP-La Liga,2425,Real Betis,36,27.5,52.4,38,418,3420,38,55,37,92,48,7,10,75,4,1.45,0.97,2.42,1.26,2.24,/en/squads/fc536746/2024-2025/Real-Betis-Stats
ESP-La Liga,2425,Real Madrid,30,26.6,60.4,38,418,3420,38,78,55,133,68,10,14,57,4,2.05,1.45,3.5,1.79,3.24,/en/squads/53a2f082/2024-2025/Real-Madrid-Stats
ESP-La Liga,2425,Real Sociedad,31,25.1,53.8,38,418,3420,38,34,22,56,30,4,4,85,4,0.89,0.58,1.47,0.79,1.37,/en/squads/e31d1cd9/2024-2025/Real-Sociedad-Stats
ESP-La Liga,2425,Sevilla,35,26.1,50.5,38,418,3420,38,39,32,71,37,2,3,98,8,1.03,0.84,1.87,0.97,1.82,/en/squads/ad2be733/2024-2025/Sevilla-Stats
ESP-La Liga,2425,Valencia,32,24.6,48.4,38,418,3420,38,43,26,69,38,5,5,86,1,1.13,0.68,1.82,1.0,1.68,/en/squads/dcc91a7b/2024-2025/Valencia-Stats
ESP-La Liga,2425,Valladolid,38,25.6,42.8,38,418,3420,38,26,15,41,21,5,5,91,5,0.68,0.39,1.08,0.55,0.95,/en/squads/17859612/2024-2025/Valladolid-Stats
ESP-La Liga,2425,Villarreal,31,26.7,47.6,38,418,3420,38,69,51,120,64,5,7,96,4,1.82,1.34,3.16,1.68,3.03,/en/squads/2a8183b3/2024-2025/Villarreal-Stats
ESP-La Liga,2526,Alavés,28,27.3,48.1,38,418,3420,38,41,26,67,34,7,7,95,5,1.08,0.68,1.76,0.89,1.58,/en/squads/8d6fd021/2025-2026/Alaves-Stats
ESP-La Liga,2526,Athletic Club,29,27.6,48.6,38,418,3420,38,42,30,72,37,5,6,79,7,1.11,0.79,1.89,0.97,1.76,/en/squads/2b390eca/2025-2026/Athletic-Club-Stats
ESP-La Liga,2526,Atlético Madrid,36,27.2,53.4,38,418,3420,38,58,40,98,55,3,4,79,5,1.53,1.05,2.58,1.45,2.5,/en/squads/db3b9613/2025-2026/Atletico-Madrid-Stats
ESP-La Liga,2526,Barcelona,29,24.7,68.9,38,418,3420,38,94,68,162,87,7,10,60,2,2.47,1.79,4.26,2.29,4.08,/en/squads/206d90db/2025-2026/Barcelona-Stats
ESP-La Liga,2526,Celta Vigo,31,26.0,50.4,38,418,3420,38,52,36,88,44,8,8,73,1,1.37,0.95,2.32,1.16,2.11,/en/squads/f25da7fb/2025-2026/Celta-Vigo-Stats
ESP-La Liga,2526,Elche,32,26.8,57.7,38,418,3420,38,47,33,80,43,4,5,81,6,1.24,0.87,2.11,1.13,2.0,/en/squads/6c8b07df/2025-2026/Elche-Stats
ESP-La Liga,2526,Espanyol,25,27.4,42.4,38,418,3420,38,42,29,71,39,3,5,91,5,1.11,0.76,1.87,1.03,1.79,/en/squads/a8661628/2025-2026/Espanyol-Stats
ESP-La Liga,2526,Getafe,33,28.5,40.2,38,418,3420,38,31,26,57,29,2,4,109,8,0.82,0.68,1.5,0.76,1.45,/en/squads/7848bd64/2025-2026/Getafe-Stats
ESP-La Liga,2526,Girona,32,27.3,50.7,38,418,3420,38,38,27,65,31,7,8,80,7,1.0,0.71,1.71,0.82,1.53,/en/squads/9024a00a/2025-2026/Girona-Stats
ESP-La Liga,2526,Levante,30,25.9,42.9,38,418,3420,38,47,31,78,45,2,6,85,5,1.24,0.82,2.05,1.18,2.0,/en/squads/9800b6a1/2025-2026/Levante-Stats
ESP-La Liga,2526,Mallorca,30,27.8,47.0,38,418,3420,38,47,32,79,42,5,7,83,5,1.24,0.84,2.08,1.11,1.95,/en/squads/2aa12281/2025-2026/Mallorca-Stats
ESP-La Liga,2526,Osasuna,24,28.2,46.8,38,418,3420,38,42,30,72,36,6,8,91,7,1.11,0.79,1.89,0.95,1.74,/en/squads/03c57e2b/2025-2026/Osasuna-Stats
ESP-La Liga,2526,Oviedo,31,28.0,46.1,38,418,3420,38,26,18,44,24,2,3,81,10,0.68,0.47,1.16,0.63,1.11,/en/squads/ab358912/2025-2026/Oviedo-Stats
ESP-La Liga,2526,Rayo Vallecano,28,28.9,53.5,38,418,3420,38,41,29,70,38,3,5,103,9,1.08,0.76,1.84,1.0,1.76,/en/squads/98e8af82/2025-2026/Rayo-Vallecano-Stats
ESP-La Liga,2526,Real Betis,29,27.8,50.3,38,418,3420,38,58,39,97,55,3,3,72,2,1.53,1.03,2.55,1.45,2.47,/en/squads/fc536746/2025-2026/Real-Betis-Stats
ESP-La Liga,2526,Real Madrid,35,25.3,59.5,38,418,3420,38,77,56,133,65,12,14,70,7,2.03,1.47,3.5,1.71,3.18,/en/squads/53a2f082/2025-2026/Real-Madrid-Stats
ESP-La Liga,2526,Real Sociedad,36,25.8,51.3,38,418,3420,38,57,38,95,49,8,9,88,4,1.5,1.0,2.5,1.29,2.29,/en/squads/e31d1cd9/2025-2026/Real-Sociedad-Stats
ESP-La Liga,2526,Sevilla,33,27.0,51.0,38,418,3420,38,44,33,77,39,5,6,108,5,1.16,0.87,2.03,1.03,1.89,/en/squads/ad2be733/2025-2026/Sevilla-Stats
ESP-La Liga,2526,Valencia,27,27.1,47.7,38,418,3420,38,46,32,78,41,5,9,70,3,1.21,0.84,2.05,1.08,1.92,/en/squads/dcc91a7b/2025-2026/Valencia-Stats
ESP-La Liga,2526,Villarreal,33,26.1,44.5,38,418,3420,38,71,47,118,64,7,7,78,3,1.87,1.24,3.11,1.68,2.92,/en/squads/2a8183b3/2025-2026/Villarreal-Stats
FRA-Ligue 1,1415,Bastia,31,27.2,48.9,38,418,3420,38,35,20,55,30,5,5,80,0,0.92,0.53,1.45,0.79,1.32,/en/squads/6283be2c/2014-2015/Bastia-Stats
FRA-Ligue 1,1415,Bordeaux,30,26.2,52.8,38,418,3420,38,46,34,80,38,8,8,66,0,1.21,0.89,2.11,1.0,1.89,/en/squads/123f3efe/2014-2015/Bordeaux-Stats
FRA-Ligue 1,1415,Caen,23,27.2,45.2,38,418,3420,38,51,34,85,45,6,6,45,0,1.34,0.89,2.24,1.18,2.08,/en/squads/74229020/2014-2015/Caen-Stats
FRA-Ligue 1,1415,Evian,29,26.8,45.8,38,418,3420,38,37,25,62,36,1,2,70,0,0.97,0.66,1.63,0.95,1.61,/en/squads/633fbb6e/2014-2015/Evian-Stats
FRA-Ligue 1,1415,Guingamp,28,28.3,44.2,38,418,3420,38,40,26,66,33,7,7,62,0,1.05,0.68,1.74,0.87,1.55,/en/squads/d41b5f53/2014-2015/Guingamp-Stats
FRA-Ligue 1,1415,Lens,27,26.0,47.3,38,418,3420,38,32,19,51,27,5,8,76,,0.84,0.5,1.34,0.71,1.21,/en/squads/fd4e0f7d/2014-2015/Lens-Stats
FRA-Ligue 1,1415,Lille,27,26.4,51.3,38,418,3420,38,42,28,70,37,5,8,63,0,1.11,0.74,1.84,0.97,1.71,/en/squads/cb188c0c/2014-2015/Lille-Stats
FRA-Ligue 1,1415,Lorient,32,24.8,49.6,38,418,3420,38,41,27,68,36,5,5,56,0,1.08,0.71,1.79,0.95,1.66,/en/squads/d2c87802/2014-2015/Lorient-Stats
FRA-Ligue 1,1415,Lyon,26,24.6,56.9,38,418,3420,38,69,47,116,60,9,12,64,0,1.82,1.24,3.05,1.58,2.82,/en/squads/d53c0b06/2014-2015/Lyon-Stats
FRA-Ligue 1,1415,Marseille,25,25.6,57.7,38,418,3420,38,72,45,117,70,2,4,69,0,1.89,1.18,3.08,1.84,3.03,/en/squads/5725cc7b/2014-2015/Marseille-Stats
FRA-Ligue 1,1415,Metz,31,26.3,44.9,38,418,3420,38,31,17,48,23,8,10,76,,0.82,0.45,1.26,0.61,1.05,/en/squads/f83960ae/2014-2015/Metz-Stats
FRA-Ligue 1,1415,Monaco,27,25.5,51.7,38,418,3420,38,50,35,85,45,5,7,63,0,1.32,0.92,2.24,1.18,2.11,/en/squads/fd6114db/2014-2015/Monaco-Stats
FRA-Ligue 1,1415,Montpellier,26,27.3,47.3,38,418,3420,38,45,32,77,42,3,6,51,0,1.18,0.84,2.03,1.11,1.95,/en/squads/281b0e73/2014-2015/Montpellier-Stats
FRA-Ligue 1,1415,Nantes,27,26.3,47.1,38,418,3420,38,26,17,43,22,4,6,73,0,0.68,0.45,1.13,0.58,1.03,/en/squads/d7a486cd/2014-2015/Nantes-Stats
FRA-Ligue 1,1415,Nice,30,24.0,50.4,38,417,3420,38,44,29,73,40,4,4,89,0,1.16,0.76,1.92,1.05,1.82,/en/squads/132ebc33/2014-2015/Nice-Stats
FRA-Ligue 1,1415,PSG,23,26.8,60.4,38,418,3420,38,80,55,135,67,13,14,66,0,2.11,1.45,3.55,1.76,3.21,/en/squads/e2d8892c/2014-2015/Paris-Saint-Germain-Stats
FRA-Ligue 1,1415,Reims,30,27.0,48.9,38,418,3420,38,45,31,76,42,3,3,79,0,1.18,0.82,2.0,1.11,1.92,/en/squads/7fdd64e0/2014-2015/Reims-Stats
FRA-Ligue 1,1415,Rennes,22,26.0,50.2,38,418,3420,38,34,28,62,33,1,3,56,,0.89,0.74,1.63,0.87,1.61,/en/squads/b3072e00/2014-2015/Rennes-Stats
FRA-Ligue 1,1415,Saint-Étienne,24,27.1,50.3,38,418,3420,38,50,33,83,45,5,7,70,,1.32,0.87,2.18,1.18,2.05,/en/squads/d298ef2c/2014-2015/Saint-Etienne-Stats
FRA-Ligue 1,1415,Toulouse,27,24.4,49.1,38,418,3420,38,42,31,73,39,3,3,63,,1.11,0.82,1.92,1.03,1.84,/en/squads/3f8c4b5f/2014-2015/Toulouse-Stats
FRA-Ligue 1,1516,Angers,29,27.2,42.5,38,418,3420,38,40,25,65,36,4,5,71,0,1.05,0.66,1.71,0.95,1.61,/en/squads/69236f98/2015-2016/Angers-Stats
FRA-Ligue 1,1516,Bastia,26,28.7,43.4,38,418,3420,38,34,20,54,32,2,2,85,0,0.89,0.53,1.42,0.84,1.37,/en/squads/6283be2c/2015-2016/Bastia-Stats
FRA-Ligue 1,1516,Bordeaux,35,24.9,50.8,38,418,3420,38,48,33,81,47,1,2,86,0,1.26,0.87,2.13,1.24,2.11,/en/squads/123f3efe/2015-2016/Bordeaux-Stats
FRA-Ligue 1,1516,Caen,24,28.2,40.2,38,418,3420,38,38,22,60,33,5,6,58,0,1.0,0.58,1.58,0.87,1.45,/en/squads/74229020/2015-2016/Caen-Stats
FRA-Ligue 1,1516,Gazélec Ajaccio,23,28.4,47.0,38,418,3420,38,36,26,62,33,3,3,98,0,0.95,0.68,1.63,0.87,1.55,/en/squads/73905dde/2015-2016/Gazelec-Ajaccio-Stats
FRA-Ligue 1,1516,Guingamp,28,28.4,42.8,38,418,3420,38,46,36,82,44,2,3,81,0,1.21,0.95,2.16,1.16,2.11,/en/squads/d41b5f53/2015-2016/Guingamp-Stats
FRA-Ligue 1,1516,Lille,32,27.1,51.1,38,418,3420,38,38,28,66,35,3,3,86,0,1.0,0.74,1.74,0.92,1.66,/en/squads/cb188c0c/2015-2016/Lille-Stats
FRA-Ligue 1,1516,Lorient,31,25.4,49.0,38,418,3420,38,46,30,76,39,7,7,66,0,1.21,0.79,2.0,1.03,1.82,/en/squads/d2c87802/2015-2016/Lorient-Stats
FRA-Ligue 1,1516,Lyon,30,25.5,61.3,38,418,3420,38,66,44,110,63,3,3,69,0,1.74,1.16,2.89,1.66,2.82,/en/squads/d53c0b06/2015-2016/Lyon-Stats
FRA-Ligue 1,1516,Marseille,28,25.0,56.6,38,418,3420,38,48,35,83,46,2,4,74,0,1.26,0.92,2.18,1.21,2.13,/en/squads/5725cc7b/2015-2016/Marseille-Stats
FRA-Ligue 1,1516,Monaco,31,26.1,48.1,38,418,3420,38,54,36,90,48,6,8,86,0,1.42,0.95,2.37,1.26,2.21,/en/squads/fd6114db/2015-2016/Monaco-Stats
FRA-Ligue 1,1516,Montpellier,30,27.1,49.8,38,418,3420,38,46,34,80,44,2,2,62,0,1.21,0.89,2.11,1.16,2.05,/en/squads/281b0e73/2015-2016/Montpellier-Stats
FRA-Ligue 1,1516,Nantes,29,25.8,49.2,38,418,3420,38,30,25,55,30,0,0,81,0,0.79,0.66,1.45,0.79,1.45,/en/squads/d7a486cd/2015-2016/Nantes-Stats
FRA-Ligue 1,1516,Nice,33,24.2,57.9,38,418,3420,38,55,43,98,50,5,5,68,0,1.45,1.13,2.58,1.32,2.45,/en/squads/132ebc33/2015-2016/Nice-Stats
FRA-Ligue 1,1516,PSG,28,27.0,66.5,38,418,3420,38,101,72,173,95,6,8,47,0,2.66,1.89,4.55,2.5,4.39,/en/squads/e2d8892c/2015-2016/Paris-Saint-Germain-Stats
FRA-Ligue 1,1516,Reims,31,26.9,47.6,38,418,3420,38,43,30,73,41,2,3,88,0,1.13,0.79,1.92,1.08,1.87,/en/squads/7fdd64e0/2015-2016/Reims-Stats
FRA-Ligue 1,1516,Rennes,31,26.2,50.4,38,418,3420,38,48,32,80,45,3,7,74,,1.26,0.84,2.11,1.18,2.03,/en/squads/b3072e00/2015-2016/Rennes-Stats
FRA-Ligue 1,1516,Saint-Étienne,31,27.2,51.5,38,418,3420,38,39,27,66,36,3,4,76,,1.03,0.71,1.74,0.95,1.66,/en/squads/d298ef2c/2015-2016/Saint-Etienne-Stats
FRA-Ligue 1,1516,Toulouse,25,23.8,46.6,38,418,3420,38,43,28,71,39,4,6,80,,1.13,0.74,1.87,1.03,1.76,/en/squads/3f8c4b5f/2015-2016/Toulouse-Stats
FRA-Ligue 1,1516,Troyes,33,26.5,48.2,38,418,3420,38,27,18,45,24,3,3,76,0,0.71,0.47,1.18,0.63,1.11,/en/squads/54195385/2015-2016/Troyes-Stats
FRA-Ligue 1,1617,Angers,29,26.7,46.1,38,418,3420,38,39,25,64,36,3,4,60,1,1.03,0.66,1.68,0.95,1.61,/en/squads/69236f98/2016-2017/Angers-Stats
FRA-Ligue 1,1617,Bastia,29,26.9,43.4,38,418,3420,38,28,18,46,28,0,1,85,7,0.74,0.47,1.21,0.74,1.21,/en/squads/6283be2c/2016-2017/Bastia-Stats
FRA-Ligue 1,1617,Bordeaux,27,25.9,48.3,38,418,3420,38,51,35,86,47,4,7,67,1,1.34,0.92,2.26,1.24,2.16,/en/squads/123f3efe/2016-2017/Bordeaux-Stats
FRA-Ligue 1,1617,Caen,27,28.7,45.8,38,418,3420,38,35,28,63,31,4,5,61,1,0.92,0.74,1.66,0.82,1.55,/en/squads/74229020/2016-2017/Caen-Stats
FRA-Ligue 1,1617,Dijon,27,27.7,46.4,38,418,3420,38,42,29,71,39,3,4,74,3,1.11,0.76,1.87,1.03,1.79,/en/squads/8dfb7350/2016-2017/Dijon-Stats
FRA-Ligue 1,1617,Guingamp,25,27.6,47.5,38,418,3420,38,46,33,79,42,4,4,63,3,1.21,0.87,2.08,1.11,1.97,/en/squads/d41b5f53/2016-2017/Guingamp-Stats
FRA-Ligue 1,1617,Lille,31,26.9,51.1,38,418,3420,38,40,26,66,34,6,7,64,3,1.05,0.68,1.74,0.89,1.58,/en/squads/cb188c0c/2016-2017/Lille-Stats
FRA-Ligue 1,1617,Lorient,30,26.8,50.5,38,418,3420,38,43,30,73,39,4,6,68,0,1.13,0.79,1.92,1.03,1.82,/en/squads/d2c87802/2016-2017/Lorient-Stats
FRA-Ligue 1,1617,Lyon,27,25.0,59.1,38,418,3420,38,74,44,118,62,12,14,65,2,1.95,1.16,3.11,1.63,2.79,/en/squads/d53c0b06/2016-2017/Lyon-Stats
FRA-Ligue 1,1617,Marseille,27,27.4,55.9,38,418,3420,38,56,37,93,52,4,4,71,1,1.47,0.97,2.45,1.37,2.34,/en/squads/5725cc7b/2016-2017/Marseille-Stats
FRA-Ligue 1,1617,Metz,31,26.5,42.4,38,418,3420,38,37,22,59,29,8,9,75,,0.97,0.58,1.55,0.76,1.34,/en/squads/f83960ae/2016-2017/Metz-Stats
FRA-Ligue 1,1617,Monaco,29,25.0,51.9,38,418,3420,38,103,62,165,92,11,11,53,1,2.71,1.63,4.34,2.42,4.05,/en/squads/fd6114db/2016-2017/Monaco-Stats
FRA-Ligue 1,1617,Montpellier,32,26.8,49.4,38,418,3420,38,48,30,78,45,3,3,48,2,1.26,0.79,2.05,1.18,1.97,/en/squads/281b0e73/2016-2017/Montpellier-Stats
FRA-Ligue 1,1617,Nancy,27,27.2,43.1,38,418,3420,38,29,22,51,28,1,3,78,1,0.76,0.58,1.34,0.74,1.32,/en/squads/e88fc6e5/2016-2017/Nancy-Stats
FRA-Ligue 1,1617,Nantes,27,24.8,48.4,38,418,3420,38,40,31,71,38,2,4,78,1,1.05,0.82,1.87,1.0,1.82,/en/squads/d7a486cd/2016-2017/Nantes-Stats
FRA-Ligue 1,1617,Nice,27,24.3,58.9,38,418,3420,38,63,45,108,57,6,8,60,1,1.66,1.18,2.84,1.5,2.68,/en/squads/132ebc33/2016-2017/Nice-Stats
FRA-Ligue 1,1617,PSG,28,26.4,65.3,38,418,3420,38,79,54,133,70,9,10,54,1,2.08,1.42,3.5,1.84,3.26,/en/squads/e2d8892c/2016-2017/Paris-Saint-Germain-Stats
FRA-Ligue 1,1617,Rennes,31,26.3,52.0,38,418,3420,38,35,25,60,33,2,3,59,,0.92,0.66,1.58,0.87,1.53,/en/squads/b3072e00/2016-2017/Rennes-Stats
FRA-Ligue 1,1617,Saint-Étienne,34,26.1,49.8,38,418,3420,38,40,26,66,35,5,6,58,,1.05,0.68,1.74,0.92,1.61,/en/squads/d298ef2c/2016-2017/Saint-Etienne-Stats
FRA-Ligue 1,1617,Toulouse,30,23.3,45.4,38,418,3420,38,37,22,59,31,6,9,90,,0.97,0.58,1.55,0.82,1.39,/en/squads/3f8c4b5f/2016-2017/Toulouse-Stats
FRA-Ligue 1,1718,Amiens,30,27.5,43.3,38,418,3420,38,36,24,60,33,3,4,74,5,0.95,0.63,1.58,0.87,1.5,/en/squads/25622401/2017-2018/Amiens-Stats
FRA-Ligue 1,1718,Angers,27,27.1,45.1,38,418,3420,38,41,30,71,37,4,4,70,3,1.08,0.79,1.87,0.97,1.76,/en/squads/69236f98/2017-2018/Angers-Stats
FRA-Ligue 1,1718,Bordeaux,31,25.1,50.6,38,418,3420,38,52,36,88,48,4,6,74,2,1.37,0.95,2.32,1.26,2.21,/en/squads/123f3efe/2017-2018/Bordeaux-Stats
FRA-Ligue 1,1718,Caen,26,27.3,45.5,38,418,3420,38,25,19,44,20,5,8,68,4,0.66,0.5,1.16,0.53,1.03,/en/squads/74229020/2017-2018/Caen-Stats
FRA-Ligue 1,1718,Dijon,26,26.6,48.4,38,418,3420,38,52,36,88,47,5,5,70,5,1.37,0.95,2.32,1.24,2.18,/en/squads/8dfb7350/2017-2018/Dijon-Stats
FRA-Ligue 1,1718,Guingamp,23,27.2,49.7,38,418,3420,38,46,27,73,40,6,7,67,2,1.21,0.71,1.92,1.05,1.76,/en/squads/d41b5f53/2017-2018/Guingamp-Stats
FRA-Ligue 1,1718,Lille,25,22.6,53.8,38,418,3420,38,41,31,72,39,2,2,61,6,1.08,0.82,1.89,1.03,1.84,/en/squads/cb188c0c/2017-2018/Lille-Stats
FRA-Ligue 1,1718,Lyon,26,24.4,55.6,38,418,3420,38,85,62,147,79,6,7,72,2,2.24,1.63,3.87,2.08,3.71,/en/squads/d53c0b06/2017-2018/Lyon-Stats
FRA-Ligue 1,1718,Marseille,26,27.2,57.8,38,418,3420,38,79,54,133,74,5,8,81,2,2.08,1.42,3.5,1.95,3.37,/en/squads/5725cc7b/2017-2018/Marseille-Stats
FRA-Ligue 1,1718,Metz,36,27.4,45.5,38,418,3420,38,33,27,60,30,3,4,80,7,0.87,0.71,1.58,0.79,1.5,/en/squads/f83960ae/2017-2018/Metz-Stats
FRA-Ligue 1,1718,Monaco,32,25.8,50.9,38,418,3420,38,83,56,139,76,7,8,71,4,2.18,1.47,3.66,2.0,3.47,/en/squads/fd6114db/2017-2018/Monaco-Stats
FRA-Ligue 1,1718,Montpellier,23,26.4,47.0,38,418,3420,38,36,28,64,36,0,2,72,1,0.95,0.74,1.68,0.95,1.68,/en/squads/281b0e73/2017-2018/Montpellier-Stats
FRA-Ligue 1,1718,Nantes,30,25.6,43.7,38,418,3420,38,36,24,60,32,4,5,68,6,0.95,0.63,1.58,0.84,1.47,/en/squads/d7a486cd/2017-2018/Nantes-Stats
FRA-Ligue 1,1718,Nice,31,25.0,58.1,38,418,3420,38,52,35,87,44,8,10,82,4,1.37,0.92,2.29,1.16,2.08,/en/squads/132ebc33/2017-2018/Nice-Stats
FRA-Ligue 1,1718,PSG,28,26.1,66.3,38,418,3420,38,100,75,175,93,7,9,69,6,2.63,1.97,4.61,2.45,4.42,/en/squads/e2d8892c/2017-2018/Paris-Saint-Germain-Stats
FRA-Ligue 1,1718,Rennes,28,24.2,49.9,38,418,3420,38,48,32,80,42,6,8,67,5,1.26,0.84,2.11,1.11,1.95,/en/squads/b3072e00/2017-2018/Rennes-Stats
FRA-Ligue 1,1718,Saint-Étienne,30,26.6,51.3,38,418,3420,38,45,31,76,38,7,11,72,8,1.18,0.82,2.0,1.0,1.82,/en/squads/d298ef2c/2017-2018/Saint-Etienne-Stats
FRA-Ligue 1,1718,Strasbourg,25,27.2,49.1,38,418,3420,38,43,26,69,36,7,7,72,4,1.13,0.68,1.82,0.95,1.63,/en/squads/c0d3eab4/2017-2018/Strasbourg-Stats
FRA-Ligue 1,1718,Toulouse,25,23.9,45.7,38,418,3420,38,35,24,59,27,8,11,93,3,0.92,0.63,1.55,0.71,1.34,/en/squads/3f8c4b5f/2017-2018/Toulouse-Stats
FRA-Ligue 1,1718,Troyes,25,26.7,42.6,38,418,3420,38,30,21,51,28,2,3,78,7,0.79,0.55,1.34,0.74,1.29,/en/squads/54195385/2017-2018/Troyes-Stats
FRA-Ligue 1,1819,Amiens,26,26.5,46.5,38,418,3420,38,30,22,52,28,2,3,62,6,0.79,0.58,1.37,0.74,1.32,/en/squads/25622401/2018-2019/Amiens-Stats
FRA-Ligue 1,1819,Angers,24,28.0,43.3,38,418,3420,38,42,27,69,37,5,10,49,4,1.11,0.71,1.82,0.97,1.68,/en/squads/69236f98/2018-2019/Angers-Stats
FRA-Ligue 1,1819,Bordeaux,33,25.3,50.1,38,418,3420,38,34,26,60,29,5,6,74,5,0.89,0.68,1.58,0.76,1.45,/en/squads/123f3efe/2018-2019/Bordeaux-Stats
FRA-Ligue 1,1819,Caen,26,25.8,44.0,38,418,3420,38,29,17,46,25,4,4,83,6,0.76,0.45,1.21,0.66,1.11,/en/squads/74229020/2018-2019/Caen-Stats
FRA-Ligue 1,1819,Dijon,26,27.1,47.9,38,418,3420,38,29,21,50,26,3,4,79,7,0.76,0.55,1.32,0.68,1.24,/en/squads/8dfb7350/2018-2019/Dijon-Stats
FRA-Ligue 1,1819,Guingamp,30,26.0,44.1,38,418,3420,38,28,21,49,23,5,6,58,5,0.74,0.55,1.29,0.61,1.16,/en/squads/d41b5f53/2018-2019/Guingamp-Stats
FRA-Ligue 1,1819,Lille,25,24.1,51.4,38,418,3420,38,66,49,115,55,11,13,71,4,1.74,1.29,3.03,1.45,2.74,/en/squads/cb188c0c/2018-2019/Lille-Stats
FRA-Ligue 1,1819,Lyon,25,24.4,60.4,38,418,3420,38,70,54,124,65,5,10,57,3,1.84,1.42,3.26,1.71,3.13,/en/squads/d53c0b06/2018-2019/Lyon-Stats
FRA-Ligue 1,1819,Marseille,24,26.9,55.2,38,418,3420,38,59,45,104,55,4,5,83,8,1.55,1.18,2.74,1.45,2.63,/en/squads/5725cc7b/2018-2019/Marseille-Stats
FRA-Ligue 1,1819,Monaco,42,25.6,49.8,38,418,3420,38,38,25,63,34,4,5,92,6,1.0,0.66,1.66,0.89,1.55,/en/squads/fd6114db/2018-2019/Monaco-Stats
FRA-Ligue 1,1819,Montpellier,25,28.0,48.0,38,418,3420,38,50,28,78,47,3,3,61,4,1.32,0.74,2.05,1.24,1.97,/en/squads/281b0e73/2018-2019/Montpellier-Stats
FRA-Ligue 1,1819,Nantes,33,25.9,50.1,38,418,3420,38,46,28,74,40,6,8,75,6,1.21,0.74,1.95,1.05,1.79,/en/squads/d7a486cd/2018-2019/Nantes-Stats
FRA-Ligue 1,1819,Nice,30,24.2,54.8,38,418,3420,38,28,18,46,23,5,9,73,5,0.74,0.47,1.21,0.61,1.08,/en/squads/132ebc33/2018-2019/Nice-Stats
FRA-Ligue 1,1819,Nîmes,23,24.1,45.7,38,418,3420,38,55,37,92,51,4,6,71,5,1.45,0.97,2.42,1.34,2.32,/en/squads/1cbf5f9e/2018-2019/Nimes-Stats
FRA-Ligue 1,1819,PSG,30,26.2,63.7,38,418,3420,38,103,72,175,93,10,12,64,4,2.71,1.89,4.61,2.45,4.34,/en/squads/e2d8892c/2018-2019/Paris-Saint-Germain-Stats
FRA-Ligue 1,1819,Reims,27,26.2,43.6,38,418,3420,38,39,27,66,37,2,2,67,2,1.03,0.71,1.74,0.97,1.68,/en/squads/7fdd64e0/2018-2019/Reims-Stats
FRA-Ligue 1,1819,Rennes,28,25.7,50.6,38,418,3420,38,52,34,86,45,7,10,70,3,1.37,0.89,2.26,1.18,2.08,/en/squads/b3072e00/2018-2019/Rennes-Stats
FRA-Ligue 1,1819,Saint-Étienne,29,27.8,52.5,38,418,3420,38,56,40,96,51,5,5,67,7,1.47,1.05,2.53,1.34,2.39,/en/squads/d298ef2c/2018-2019/Saint-Etienne-Stats
FRA-Ligue 1,1819,Strasbourg,26,26.2,50.1,38,418,3420,38,57,43,100,52,5,7,71,4,1.5,1.13,2.63,1.37,2.5,/en/squads/c0d3eab4/2018-2019/Strasbourg-Stats
FRA-Ligue 1,1819,Toulouse,29,25.5,48.2,38,418,3420,38,35,16,51,28,7,11,77,5,0.92,0.42,1.34,0.74,1.16,/en/squads/3f8c4b5f/2018-2019/Toulouse-Stats
FRA-Ligue 1,1920,Amiens,27,27.4,45.6,28,308,2520,28,30,20,50,27,3,5,59,4,1.07,0.71,1.79,0.96,1.68,/en/squads/25622401/2019-2020/Amiens-Stats
FRA-Ligue 1,1920,Angers,26,28.0,45.3,28,308,2520,28,27,21,48,26,1,1,43,2,0.96,0.75,1.71,0.93,1.68,/en/squads/69236f98/2019-2020/Angers-Stats
FRA-Ligue 1,1920,Bordeaux,26,26.9,53.6,28,308,2520,28,40,29,69,38,2,2,55,0,1.43,1.04,2.46,1.36,2.39,/en/squads/123f3efe/2019-2020/Bordeaux-Stats
FRA-Ligue 1,1920,Brest,24,26.1,49.8,28,308,2520,28,32,27,59,31,1,5,45,2,1.14,0.96,2.11,1.11,2.07,/en/squads/fb08dbb3/2019-2020/Brest-Stats
FRA-Ligue 1,1920,Dijon,28,26.9,46.5,28,308,2520,28,26,17,43,25,1,1,43,2,0.93,0.61,1.54,0.89,1.5,/en/squads/8dfb7350/2019-2020/Dijon-Stats
FRA-Ligue 1,1920,Lille,25,24.3,52.9,28,308,2520,28,35,25,60,30,5,8,51,3,1.25,0.89,2.14,1.07,1.96,/en/squads/cb188c0c/2019-2020/Lille-Stats
FRA-Ligue 1,1920,Lyon,27,24.8,56.2,28,308,2520,28,42,29,71,37,5,6,50,4,1.5,1.04,2.54,1.32,2.36,/en/squads/d53c0b06/2019-2020/Lyon-Stats
FRA-Ligue 1,1920,Marseille,23,27.1,53.5,28,308,2520,28,38,28,66,34,4,6,68,3,1.36,1.0,2.36,1.21,2.21,/en/squads/5725cc7b/2019-2020/Marseille-Stats
FRA-Ligue 1,1920,Metz,24,25.9,45.3,28,308,2520,28,27,20,47,25,2,4,45,4,0.96,0.71,1.68,0.89,1.61,/en/squads/f83960ae/2019-2020/Metz-Stats
FRA-Ligue 1,1920,Monaco,28,26.0,50.9,28,308,2520,28,44,29,73,40,4,4,61,10,1.57,1.04,2.61,1.43,2.46,/en/squads/fd6114db/2019-2020/Monaco-Stats
FRA-Ligue 1,1920,Montpellier,27,28.5,47.6,28,308,2520,28,33,19,52,31,2,5,57,5,1.18,0.68,1.86,1.11,1.79,/en/squads/281b0e73/2019-2020/Montpellier-Stats
FRA-Ligue 1,1920,Nantes,29,25.4,48.0,28,308,2520,28,23,16,39,21,2,2,52,2,0.82,0.57,1.39,0.75,1.32,/en/squads/d7a486cd/2019-2020/Nantes-Stats
FRA-Ligue 1,1920,Nice,31,23.9,54.6,28,308,2520,28,41,30,71,36,5,5,58,7,1.46,1.07,2.54,1.29,2.36,/en/squads/132ebc33/2019-2020/Nice-Stats
FRA-Ligue 1,1920,Nîmes,28,25.4,45.0,28,308,2520,28,29,20,49,27,2,2,44,6,1.04,0.71,1.75,0.96,1.68,/en/squads/1cbf5f9e/Nimes-Stats
FRA-Ligue 1,1920,PSG,31,27.2,65.2,27,297,2430,27,71,51,122,65,6,8,51,1,2.63,1.89,4.52,2.41,4.3,/en/squads/e2d8892c/2019-2020/Paris-Saint-Germain-Stats
FRA-Ligue 1,1920,Reims,26,25.3,48.9,28,308,2520,28,26,16,42,21,5,5,57,5,0.93,0.57,1.5,0.75,1.32,/en/squads/7fdd64e0/2019-2020/Reims-Stats
FRA-Ligue 1,1920,Rennes,26,25.5,49.6,28,308,2520,28,37,26,63,34,3,5,51,1,1.32,0.93,2.25,1.21,2.14,/en/squads/b3072e00/2019-2020/Rennes-Stats
FRA-Ligue 1,1920,Saint-Étienne,31,27.0,48.2,28,308,2520,28,28,20,48,23,5,5,61,3,1.0,0.71,1.71,0.82,1.54,/en/squads/d298ef2c/2019-2020/Saint-Etienne-Stats
FRA-Ligue 1,1920,Strasbourg,25,25.8,49.6,27,297,2430,27,32,21,53,29,3,4,47,1,1.19,0.78,1.96,1.07,1.85,/en/squads/c0d3eab4/2019-2020/Strasbourg-Stats
FRA-Ligue 1,1920,Toulouse,30,25.1,44.2,28,308,2520,28,21,14,35,17,4,6,49,5,0.75,0.5,1.25,0.61,1.11,/en/squads/3f8c4b5f/2019-2020/Toulouse-Stats
FRA-Ligue 1,2021,Angers,31,27.9,46.4,38,418,3420,38,40,23,63,35,5,6,65,2,1.05,0.61,1.66,0.92,1.53,/en/squads/69236f98/2020-2021/Angers-Stats
FRA-Ligue 1,2021,Bordeaux,28,27.6,49.8,38,418,3420,38,41,32,73,37,4,4,78,4,1.08,0.84,1.92,0.97,1.82,/en/squads/123f3efe/2020-2021/Bordeaux-Stats
FRA-Ligue 1,2021,Brest,26,24.9,49.3,38,418,3420,38,48,31,79,45,3,4,62,4,1.26,0.82,2.08,1.18,2.0,/en/squads/fb08dbb3/2020-2021/Brest-Stats
FRA-Ligue 1,2021,Dijon,33,25.7,46.2,38,418,3420,38,25,15,40,22,3,5,76,5,0.66,0.39,1.05,0.58,0.97,/en/squads/8dfb7350/2020-2021/Dijon-Stats
FRA-Ligue 1,2021,Lens,27,26.4,51.1,38,418,3420,38,53,35,88,43,10,12,94,7,1.39,0.92,2.32,1.13,2.05,/en/squads/fd4e0f7d/2020-2021/Lens-Stats
FRA-Ligue 1,2021,Lille,21,25.4,53.8,38,418,3420,38,62,39,101,57,5,5,68,2,1.63,1.03,2.66,1.5,2.53,/en/squads/cb188c0c/2020-2021/Lille-Stats
FRA-Ligue 1,2021,Lorient,27,26.8,44.6,38,418,3420,38,49,26,75,40,9,10,69,3,1.29,0.68,1.97,1.05,1.74,/en/squads/d2c87802/2020-2021/Lorient-Stats
FRA-Ligue 1,2021,Lyon,29,25.8,54.9,38,418,3420,38,76,46,122,65,11,11,66,10,2.0,1.21,3.21,1.71,2.92,/en/squads/d53c0b06/2020-2021/Lyon-Stats
FRA-Ligue 1,2021,Marseille,31,27.2,53.6,38,418,3420,38,53,45,98,49,4,7,98,9,1.39,1.18,2.58,1.29,2.47,/en/squads/5725cc7b/2020-2021/Marseille-Stats
FRA-Ligue 1,2021,Metz,27,25.7,45.2,38,418,3420,38,42,28,70,35,7,11,84,4,1.11,0.74,1.84,0.92,1.66,/en/squads/f83960ae/2020-2021/Metz-Stats
FRA-Ligue 1,2021,Monaco,30,24.8,55.8,38,418,3420,38,76,52,128,64,12,15,78,7,2.0,1.37,3.37,1.68,3.05,/en/squads/fd6114db/2020-2021/Monaco-Stats
FRA-Ligue 1,2021,Montpellier,25,28.0,45.7,38,418,3420,38,60,42,102,58,2,5,65,7,1.58,1.11,2.68,1.53,2.63,/en/squads/281b0e73/2020-2021/Montpellier-Stats
FRA-Ligue 1,2021,Nantes,25,25.8,43.9,38,418,3420,38,47,28,75,39,8,9,70,4,1.24,0.74,1.97,1.03,1.76,/en/squads/d7a486cd/2020-2021/Nantes-Stats
FRA-Ligue 1,2021,Nice,31,23.5,54.3,38,418,3420,38,49,26,75,42,7,7,73,4,1.29,0.68,1.97,1.11,1.79,/en/squads/132ebc33/2020-2021/Nice-Stats
FRA-Ligue 1,2021,Nîmes,33,25.8,44.4,38,418,3420,38,40,26,66,33,7,8,60,5,1.05,0.68,1.74,0.87,1.55,/en/squads/1cbf5f9e/2020-2021/Nimes-Stats
FRA-Ligue 1,2021,PSG,33,26.7,63.1,38,418,3420,38,84,52,136,72,12,13,79,7,2.21,1.37,3.58,1.89,3.26,/en/squads/e2d8892c/2020-2021/Paris-Saint-Germain-Stats
FRA-Ligue 1,2021,Reims,29,24.6,44.9,38,418,3420,38,39,23,62,34,5,5,77,8,1.03,0.61,1.63,0.89,1.5,/en/squads/7fdd64e0/2020-2021/Reims-Stats
FRA-Ligue 1,2021,Rennes,32,25.5,59.1,38,418,3420,38,50,39,89,47,3,3,79,5,1.32,1.03,2.34,1.24,2.26,/en/squads/b3072e00/2020-2021/Rennes-Stats
FRA-Ligue 1,2021,Saint-Étienne,40,25.4,48.3,38,418,3420,38,40,28,68,34,6,9,76,2,1.05,0.74,1.79,0.89,1.63,/en/squads/d298ef2c/2020-2021/Saint-Etienne-Stats
FRA-Ligue 1,2021,Strasbourg,26,26.8,45.7,38,418,3420,38,49,26,75,39,10,12,58,3,1.29,0.68,1.97,1.03,1.71,/en/squads/c0d3eab4/2020-2021/Strasbourg-Stats
FRA-Ligue 1,2122,Angers,30,27.4,48.4,38,418,3420,38,41,25,66,32,9,9,70,4,1.08,0.66,1.74,0.84,1.5,/en/squads/69236f98/2021-2022/Angers-Stats
FRA-Ligue 1,2122,Bordeaux,39,25.7,47.4,38,418,3420,38,50,39,89,48,2,4,91,5,1.32,1.03,2.34,1.26,2.29,/en/squads/123f3efe/2021-2022/Bordeaux-Stats
FRA-Ligue 1,2122,Brest,25,25.4,43.9,38,418,3420,38,48,32,80,41,7,8,59,2,1.26,0.84,2.11,1.08,1.92,/en/squads/fb08dbb3/2021-2022/Brest-Stats
FRA-Ligue 1,2122,Clermont Foot,28,26.9,50.0,38,418,3420,38,36,25,61,34,2,3,65,8,0.95,0.66,1.61,0.89,1.55,/en/squads/d9676424/2021-2022/Clermont-Foot-Stats
FRA-Ligue 1,2122,Lens,28,26.1,50.7,38,418,3420,38,60,39,99,55,5,5,73,7,1.58,1.03,2.61,1.45,2.47,/en/squads/fd4e0f7d/2021-2022/Lens-Stats
FRA-Ligue 1,2122,Lille,26,26.1,50.8,38,418,3420,38,45,29,74,41,4,5,98,6,1.18,0.76,1.95,1.08,1.84,/en/squads/cb188c0c/2021-2022/Lille-Stats
FRA-Ligue 1,2122,Lorient,29,26.2,44.4,38,418,3420,38,35,20,55,32,3,3,69,4,0.92,0.53,1.45,0.84,1.37,/en/squads/d2c87802/2021-2022/Lorient-Stats
FRA-Ligue 1,2122,Lyon,30,25.6,58.4,38,418,3420,38,64,45,109,56,8,8,65,6,1.68,1.18,2.87,1.47,2.66,/en/squads/d53c0b06/2021-2022/Lyon-Stats
FRA-Ligue 1,2122,Marseille,27,25.0,61.7,38,418,3420,38,61,40,101,51,10,10,61,3,1.61,1.05,2.66,1.34,2.39,/en/squads/5725cc7b/2021-2022/Marseille-Stats
FRA-Ligue 1,2122,Metz,36,25.9,42.9,38,418,3420,38,33,24,57,32,1,1,94,9,0.87,0.63,1.5,0.84,1.47,/en/squads/f83960ae/2021-2022/Metz-Stats
FRA-Ligue 1,2122,Monaco,27,24.4,54.1,38,418,3420,38,62,45,107,53,9,9,85,4,1.63,1.18,2.82,1.39,2.58,/en/squads/fd6114db/2021-2022/Monaco-Stats
FRA-Ligue 1,2122,Montpellier,27,25.8,48.2,38,418,3420,38,48,31,79,45,3,4,77,8,1.26,0.82,2.08,1.18,2.0,/en/squads/281b0e73/2021-2022/Montpellier-Stats
FRA-Ligue 1,2122,Nantes,26,26.1,43.9,38,418,3420,38,53,37,90,48,5,5,80,4,1.39,0.97,2.37,1.26,2.24,/en/squads/d7a486cd/2021-2022/Nantes-Stats
FRA-Ligue 1,2122,Nice,27,25.0,51.5,38,418,3420,38,52,35,87,44,8,10,77,6,1.37,0.92,2.29,1.16,2.08,/en/squads/132ebc33/2021-2022/Nice-Stats
FRA-Ligue 1,2122,PSG,36,27.8,63.0,38,418,3420,38,88,65,153,81,7,8,79,4,2.32,1.71,4.03,2.13,3.84,/en/squads/e2d8892c/2021-2022/Paris-Saint-Germain-Stats
FRA-Ligue 1,2122,Reims,35,24.0,42.2,38,418,3420,38,42,27,69,38,4,6,68,7,1.11,0.71,1.82,1.0,1.71,/en/squads/7fdd64e0/2021-2022/Reims-Stats
FRA-Ligue 1,2122,Rennes,28,25.3,55.9,38,418,3420,38,81,61,142,77,4,4,56,2,2.13,1.61,3.74,2.03,3.63,/en/squads/b3072e00/2021-2022/Rennes-Stats
FRA-Ligue 1,2122,Saint-Étienne,39,25.1,48.5,38,418,3420,38,41,25,66,36,5,5,81,5,1.08,0.66,1.74,0.95,1.61,/en/squads/d298ef2c/2021-2022/Saint-Etienne-Stats
FRA-Ligue 1,2122,Strasbourg,26,27.0,49.5,38,418,3420,38,56,40,96,50,6,8,72,3,1.47,1.05,2.53,1.32,2.37,/en/squads/c0d3eab4/2021-2022/Strasbourg-Stats
FRA-Ligue 1,2122,Troyes,35,27.1,44.4,38,418,3420,38,35,23,58,29,6,7,75,6,0.92,0.61,1.53,0.76,1.37,/en/squads/54195385/2021-2022/Troyes-Stats
FRA-Ligue 1,2223,Ajaccio,36,29.1,43.2,38,418,3420,38,22,12,34,16,6,9,86,10,0.58,0.32,0.89,0.42,0.74,/en/squads/7a54bb4f/2022-2023/Ajaccio-Stats
FRA-Ligue 1,2223,Angers,33,25.7,46.9,38,418,3420,38,31,18,49,27,4,4,69,5,0.82,0.47,1.29,0.71,1.18,/en/squads/69236f98/2022-2023/Angers-Stats
FRA-Ligue 1,2223,Auxerre,33,27.3,43.3,38,418,3420,38,32,17,49,25,7,9,54,6,0.84,0.45,1.29,0.66,1.11,/en/squads/5ae09109/2022-2023/Auxerre-Stats
FRA-Ligue 1,2223,Brest,29,26.6,44.9,38,418,3420,38,43,28,71,36,7,8,63,2,1.13,0.74,1.87,0.95,1.68,/en/squads/fb08dbb3/2022-2023/Brest-Stats
FRA-Ligue 1,2223,Clermont Foot,28,27.2,48.3,38,418,3420,38,44,26,70,37,7,10,72,5,1.16,0.68,1.84,0.97,1.66,/en/squads/d9676424/2022-2023/Clermont-Foot-Stats
FRA-Ligue 1,2223,Lens,29,26.4,55.6,38,418,3420,38,66,49,115,60,6,9,63,3,1.74,1.29,3.03,1.58,2.87,/en/squads/fd4e0f7d/2022-2023/Lens-Stats
FRA-Ligue 1,2223,Lille,26,26.0,60.5,38,418,3420,38,65,40,105,54,11,12,82,1,1.71,1.05,2.76,1.42,2.47,/en/squads/cb188c0c/2022-2023/Lille-Stats
FRA-Ligue 1,2223,Lorient,30,25.2,46.6,38,418,3420,38,49,32,81,45,4,6,48,4,1.29,0.84,2.13,1.18,2.03,/en/squads/d2c87802/2022-2023/Lorient-Stats
FRA-Ligue 1,2223,Lyon,29,25.5,58.1,38,418,3420,38,63,45,108,57,6,8,61,3,1.66,1.18,2.84,1.5,2.68,/en/squads/d53c0b06/2022-2023/Lyon-Stats
FRA-Ligue 1,2223,Marseille,30,27.3,56.7,38,418,3420,38,61,38,99,55,6,7,63,4,1.61,1.0,2.61,1.45,2.45,/en/squads/5725cc7b/2022-2023/Marseille-Stats
FRA-Ligue 1,2223,Monaco,27,24.7,48.2,38,418,3420,38,69,47,116,64,5,8,64,5,1.82,1.24,3.05,1.68,2.92,/en/squads/fd6114db/2022-2023/Monaco-Stats
FRA-Ligue 1,2223,Montpellier,31,26.0,45.8,38,418,3420,38,64,41,105,57,7,7,68,10,1.68,1.08,2.76,1.5,2.58,/en/squads/281b0e73/2022-2023/Montpellier-Stats
FRA-Ligue 1,2223,Nantes,29,26.7,45.9,38,418,3420,38,35,27,62,32,3,5,65,4,0.92,0.71,1.63,0.84,1.55,/en/squads/d7a486cd/2022-2023/Nantes-Stats
FRA-Ligue 1,2223,Nice,34,26.5,51.5,38,418,3420,38,47,32,79,41,6,7,53,3,1.24,0.84,2.08,1.08,1.92,/en/squads/132ebc33/2022-2023/Nice-Stats
FRA-Ligue 1,2223,PSG,26,26.9,60.7,38,418,3420,38,86,62,148,81,5,7,57,5,2.26,1.63,3.89,2.13,3.76,/en/squads/e2d8892c/2022-2023/Paris-Saint-Germain-Stats
FRA-Ligue 1,2223,Reims,34,24.9,48.7,38,418,3420,38,45,31,76,38,7,8,70,9,1.18,0.82,2.0,1.0,1.82,/en/squads/7fdd64e0/2022-2023/Reims-Stats
FRA-Ligue 1,2223,Rennes,32,25.2,55.4,38,418,3420,38,66,47,113,63,3,3,58,6,1.74,1.24,2.97,1.66,2.89,/en/squads/b3072e00/2022-2023/Rennes-Stats
FRA-Ligue 1,2223,Strasbourg,29,27.3,45.9,38,418,3420,38,48,28,76,43,5,7,73,7,1.26,0.74,2.0,1.13,1.87,/en/squads/c0d3eab4/2022-2023/Strasbourg-Stats
FRA-Ligue 1,2223,Toulouse,29,25.1,51.3,38,418,3420,38,50,33,83,46,4,4,62,3,1.32,0.87,2.18,1.21,2.08,/en/squads/3f8c4b5f/2022-2023/Toulouse-Stats
FRA-Ligue 1,2223,Troyes,32,25.8,42.6,38,418,3420,38,43,26,69,38,5,5,55,5,1.13,0.68,1.82,1.0,1.68,/en/squads/54195385/2022-2023/Troyes-Stats
FRA-Ligue 1,2324,Brest,25,27.0,53.6,34,374,3060,34,51,33,84,47,4,4,84,5,1.5,0.97,2.47,1.38,2.35,/en/squads/fb08dbb3/2023-2024/Brest-Stats
FRA-Ligue 1,2324,Clermont Foot,31,26.8,48.9,34,374,3060,34,26,18,44,20,6,8,60,7,0.76,0.53,1.29,0.59,1.12,/en/squads/d9676424/2023-2024/Clermont-Foot-Stats
FRA-Ligue 1,2324,Le Havre,27,26.2,44.7,34,374,3060,34,33,23,56,27,6,7,67,6,0.97,0.68,1.65,0.79,1.47,/en/squads/5c2737db/2023-2024/Le-Havre-Stats
FRA-Ligue 1,2324,Lens,27,26.7,52.9,34,374,3060,34,45,29,74,39,6,7,78,4,1.32,0.85,2.18,1.15,2.0,/en/squads/fd4e0f7d/2023-2024/Lens-Stats
FRA-Ligue 1,2324,Lille,28,25.1,56.6,34,374,3060,34,50,32,82,48,2,3,67,3,1.47,0.94,2.41,1.41,2.35,/en/squads/cb188c0c/2023-2024/Lille-Stats
FRA-Ligue 1,2324,Lorient,38,24.7,46.3,34,374,3060,34,41,27,68,40,1,1,66,1,1.21,0.79,2.0,1.18,1.97,/en/squads/d2c87802/2023-2024/Lorient-Stats
FRA-Ligue 1,2324,Lyon,35,26.6,51.8,34,374,3060,34,48,32,80,44,4,4,57,6,1.41,0.94,2.35,1.29,2.24,/en/squads/d53c0b06/2023-2024/Lyon-Stats
FRA-Ligue 1,2324,Marseille,33,27.3,53.7,34,374,3060,34,50,32,82,46,4,4,61,5,1.47,0.94,2.41,1.35,2.29,/en/squads/5725cc7b/2023-2024/Marseille-Stats
FRA-Ligue 1,2324,Metz,30,26.5,35.6,34,374,3060,34,35,25,60,31,4,6,54,3,1.03,0.74,1.76,0.91,1.65,/en/squads/f83960ae/2023-2024/Metz-Stats
FRA-Ligue 1,2324,Monaco,30,25.0,53.6,34,374,3060,34,66,45,111,64,2,5,79,8,1.94,1.32,3.26,1.88,3.21,/en/squads/fd6114db/2023-2024/Monaco-Stats
FRA-Ligue 1,2324,Montpellier,31,26.1,44.6,34,374,3060,34,41,26,67,34,7,7,68,4,1.21,0.76,1.97,1.0,1.76,/en/squads/281b0e73/2023-2024/Montpellier-Stats
FRA-Ligue 1,2324,Nantes,35,26.8,44.8,34,374,3060,34,30,17,47,26,4,5,67,3,0.88,0.5,1.38,0.76,1.26,/en/squads/d7a486cd/2023-2024/Nantes-Stats
FRA-Ligue 1,2324,Nice,27,25.8,52.4,34,374,3060,34,39,23,62,33,6,7,62,4,1.15,0.68,1.82,0.97,1.65,/en/squads/132ebc33/2023-2024/Nice-Stats
FRA-Ligue 1,2324,PSG,29,24.7,65.2,34,374,3060,34,78,61,139,71,7,9,51,3,2.29,1.79,4.09,2.09,3.88,/en/squads/e2d8892c/2023-2024/Paris-Saint-Germain-Stats
FRA-Ligue 1,2324,Reims,29,25.9,50.4,34,374,3060,34,40,28,68,37,3,4,70,3,1.18,0.82,2.0,1.09,1.91,/en/squads/7fdd64e0/2023-2024/Reims-Stats
FRA-Ligue 1,2324,Rennes,29,25.2,52.1,34,374,3060,34,53,29,82,43,10,11,66,4,1.56,0.85,2.41,1.26,2.12,/en/squads/b3072e00/2023-2024/Rennes-Stats
FRA-Ligue 1,2324,Strasbourg,30,24.1,44.3,34,374,3060,34,36,24,60,33,3,4,59,2,1.06,0.71,1.76,0.97,1.68,/en/squads/c0d3eab4/2023-2024/Strasbourg-Stats
FRA-Ligue 1,2324,Toulouse,26,23.8,48.4,34,374,3060,34,42,30,72,36,6,9,77,1,1.24,0.88,2.12,1.06,1.94,/en/squads/3f8c4b5f/2023-2024/Toulouse-Stats
FRA-Ligue 1,2425,Angers,30,27.5,41.2,34,374,3060,34,31,17,48,26,5,6,49,2,0.91,0.5,1.41,0.76,1.26,/en/squads/69236f98/2024-2025/Angers-Stats
FRA-Ligue 1,2425,Auxerre,29,25.9,42.5,34,374,3060,34,47,35,82,43,4,5,68,4,1.38,1.03,2.41,1.26,2.29,/en/squads/5ae09109/2024-2025/Auxerre-Stats
FRA-Ligue 1,2425,Brest,30,28.2,48.4,34,374,3060,34,52,32,84,45,7,9,69,3,1.53,0.94,2.47,1.32,2.26,/en/squads/fb08dbb3/2024-2025/Brest-Stats
FRA-Ligue 1,2425,Le Havre,31,26.7,43.1,34,374,3060,34,37,21,58,28,9,10,56,4,1.09,0.62,1.71,0.82,1.44,/en/squads/5c2737db/2024-2025/Le-Havre-Stats
FRA-Ligue 1,2425,Lens,33,27.1,54.1,34,374,3060,34,40,26,66,35,5,5,86,8,1.18,0.76,1.94,1.03,1.79,/en/squads/fd4e0f7d/2024-2025/Lens-Stats
FRA-Ligue 1,2425,Lille,27,26.1,57.6,34,374,3060,34,52,29,81,45,7,10,77,2,1.53,0.85,2.38,1.32,2.18,/en/squads/cb188c0c/2024-2025/Lille-Stats
FRA-Ligue 1,2425,Lyon,31,27.4,56.4,34,374,3060,34,62,46,108,54,8,10,60,0,1.82,1.35,3.18,1.59,2.94,/en/squads/d53c0b06/2024-2025/Lyon-Stats
FRA-Ligue 1,2425,Marseille,32,26.7,63.3,34,374,3060,34,70,49,119,62,8,10,64,6,2.06,1.44,3.5,1.82,3.26,/en/squads/5725cc7b/2024-2025/Marseille-Stats
FRA-Ligue 1,2425,Monaco,28,24.4,55.0,34,374,3060,34,63,49,112,57,6,7,60,4,1.85,1.44,3.29,1.68,3.12,/en/squads/fd6114db/2024-2025/Monaco-Stats
FRA-Ligue 1,2425,Montpellier,35,26.1,45.3,34,374,3060,34,23,13,36,20,3,4,87,7,0.68,0.38,1.06,0.59,0.97,/en/squads/281b0e73/2024-2025/Montpellier-Stats
FRA-Ligue 1,2425,Nantes,30,26.7,40.4,34,374,3060,34,39,27,66,34,5,5,71,4,1.15,0.79,1.94,1.0,1.79,/en/squads/d7a486cd/2024-2025/Nantes-Stats
FRA-Ligue 1,2425,Nice,31,26.4,47.5,34,374,3060,34,62,43,105,56,6,6,59,5,1.82,1.26,3.09,1.65,2.91,/en/squads/132ebc33/2024-2025/Nice-Stats
FRA-Ligue 1,2425,PSG,28,23.6,68.0,34,374,3060,34,89,69,158,83,6,7,37,0,2.62,2.03,4.65,2.44,4.47,/en/squads/e2d8892c/2024-2025/Paris-Saint-Germain-Stats
FRA-Ligue 1,2425,Reims,34,24.5,44.1,34,374,3060,34,32,19,51,31,1,2,66,6,0.94,0.56,1.5,0.91,1.47,/en/squads/7fdd64e0/2024-2025/Reims-Stats
FRA-Ligue 1,2425,Rennes,35,25.1,50.9,34,374,3060,34,51,32,83,46,5,8,67,2,1.5,0.94,2.44,1.35,2.29,/en/squads/b3072e00/2024-2025/Rennes-Stats
FRA-Ligue 1,2425,Saint-Étienne,32,25.9,47.1,34,374,3060,34,39,28,67,36,3,4,65,3,1.15,0.82,1.97,1.06,1.88,/en/squads/d298ef2c/2024-2025/Saint-Etienne-Stats
FRA-Ligue 1,2425,Strasbourg,30,21.4,50.1,34,374,3060,34,54,43,97,52,2,2,71,3,1.59,1.26,2.85,1.53,2.79,/en/squads/c0d3eab4/2024-2025/Strasbourg-Stats
FRA-Ligue 1,2425,Toulouse,27,25.2,45.0,34,374,3060,34,42,34,76,39,3,4,54,3,1.24,1.0,2.24,1.15,2.15,/en/squads/3f8c4b5f/2024-2025/Toulouse-Stats
FRA-Ligue 1,2526,Angers,30,26.0,41.9,34,374,3060,34,28,17,45,25,3,5,52,2,0.82,0.5,1.32,0.74,1.24,/en/squads/69236f98/2025-2026/Angers-Stats
FRA-Ligue 1,2526,Auxerre,30,24.9,43.9,34,374,3060,34,30,19,49,27,3,5,69,7,0.88,0.56,1.44,0.79,1.35,/en/squads/5ae09109/2025-2026/Auxerre-Stats
FRA-Ligue 1,2526,Brest,27,26.5,43.5,34,374,3060,34,42,30,72,36,6,8,58,5,1.24,0.88,2.12,1.06,1.94,/en/squads/fb08dbb3/2025-2026/Brest-Stats
FRA-Ligue 1,2526,Le Havre,31,26.6,46.9,34,374,3060,34,31,22,53,29,2,6,65,4,0.91,0.65,1.56,0.85,1.5,/en/squads/5c2737db/2025-2026/Le-Havre-Stats
FRA-Ligue 1,2526,Lens,30,26.5,51.2,34,374,3060,34,65,51,116,61,4,5,66,5,1.91,1.5,3.41,1.79,3.29,/en/squads/fd4e0f7d/2025-2026/Lens-Stats
FRA-Ligue 1,2526,Lille,30,26.5,56.0,34,374,3060,34,51,33,84,44,7,8,78,5,1.5,0.97,2.47,1.29,2.26,/en/squads/cb188c0c/2025-2026/Lille-Stats
FRA-Ligue 1,2526,Lorient,26,25.3,45.4,34,374,3060,34,47,31,78,44,3,7,55,1,1.38,0.91,2.29,1.29,2.21,/en/squads/d2c87802/2025-2026/Lorient-Stats
FRA-Ligue 1,2526,Lyon,32,26.2,54.6,34,374,3060,34,52,41,93,49,3,5,61,7,1.53,1.21,2.74,1.44,2.65,/en/squads/d53c0b06/2025-2026/Lyon-Stats
FRA-Ligue 1,2526,Marseille,38,27.5,57.1,34,374,3060,34,62,47,109,56,6,8,80,4,1.82,1.38,3.21,1.65,3.03,/en/squads/5725cc7b/2025-2026/Marseille-Stats
FRA-Ligue 1,2526,Metz,33,26.2,48.9,34,374,3060,34,31,20,51,26,5,6,55,4,0.91,0.59,1.5,0.76,1.35,/en/squads/f83960ae/2025-2026/Metz-Stats
FRA-Ligue 1,2526,Monaco,32,25.6,53.8,34,374,3060,34,57,42,99,51,6,7,75,6,1.68,1.24,2.91,1.5,2.74,/en/squads/fd6114db/2025-2026/Monaco-Stats
FRA-Ligue 1,2526,Nantes,33,26.1,42.1,33,363,2970,33,28,18,46,26,2,4,67,2,0.85,0.55,1.39,0.79,1.33,/en/squads/d7a486cd/2025-2026/Nantes-Stats
FRA-Ligue 1,2526,Nice,36,25.6,46.3,34,374,3060,34,35,25,60,32,3,3,69,3,1.03,0.74,1.76,0.94,1.68,/en/squads/132ebc33/2025-2026/Nice-Stats
FRA-Ligue 1,2526,PSG,28,23.6,68.8,34,374,3060,34,73,55,128,68,5,8,37,2,2.15,1.62,3.76,2.0,3.62,/en/squads/e2d8892c/2025-2026/Paris-Saint-Germain-Stats
FRA-Ligue 1,2526,Paris FC,31,27.3,50.4,34,374,3060,34,46,28,74,41,5,6,72,5,1.35,0.82,2.18,1.21,2.03,/en/squads/056a5a75/2025-2026/Paris-FC-Stats
FRA-Ligue 1,2526,Rennes,33,26.1,53.5,34,374,3060,34,56,41,97,51,5,6,58,4,1.65,1.21,2.85,1.5,2.71,/en/squads/b3072e00/2025-2026/Rennes-Stats
FRA-Ligue 1,2526,Strasbourg,35,21.5,53.8,34,374,3060,34,57,42,99,51,6,7,60,5,1.68,1.24,2.91,1.5,2.74,/en/squads/c0d3eab4/2025-2026/Strasbourg-Stats
FRA-Ligue 1,2526,Toulouse,26,24.1,42.3,33,363,2970,33,46,32,78,42,4,7,78,5,1.39,0.97,2.36,1.27,2.24,/en/squads/3f8c4b5f/2025-2026/Toulouse-Stats
ITA-Serie A,1415,Atalanta,32,28.1,46.4,38,418,3420,38,37,21,58,33,4,5,113,0,0.97,0.55,1.53,0.87,1.42,/en/squads/922493f3/2014-2015/Atalanta-Stats
ITA-Serie A,1415,Cagliari,29,25.7,48.2,38,418,3420,38,45,31,76,41,4,7,115,0,1.18,0.82,2.0,1.08,1.89,/en/squads/c4260e09/2014-2015/Cagliari-Stats
ITA-Serie A,1415,Cesena,33,27.3,44.4,38,418,3420,38,34,23,57,29,5,6,107,0,0.89,0.61,1.5,0.76,1.37,/en/squads/283f2557/2014-2015/Cesena-Stats
ITA-Serie A,1415,Chievo,27,29.1,44.8,38,418,3420,38,27,20,47,26,1,2,86,0,0.71,0.53,1.24,0.68,1.21,/en/squads/cc919b35/2014-2015/Chievo-Stats
ITA-Serie A,1415,Empoli,26,25.1,49.4,38,418,3420,38,43,35,78,40,3,3,64,0,1.13,0.92,2.05,1.05,1.97,/en/squads/a3d88bd8/2014-2015/Empoli-Stats
ITA-Serie A,1415,Fiorentina,30,27.9,55.9,38,418,3420,38,61,41,102,59,2,7,86,0,1.61,1.08,2.68,1.55,2.63,/en/squads/421387cf/2014-2015/Fiorentina-Stats
ITA-Serie A,1415,Genoa,33,26.0,50.9,38,418,3420,38,58,41,99,53,5,7,108,0,1.53,1.08,2.61,1.39,2.47,/en/squads/658bf2de/2014-2015/Genoa-Stats
ITA-Serie A,1415,Hellas Verona,30,29.7,44.1,38,418,3420,38,48,35,83,44,4,6,105,0,1.26,0.92,2.18,1.16,2.08,/en/squads/0e72edf2/2014-2015/Hellas-Verona-Stats
ITA-Serie A,1415,Inter,34,26.5,56.6,38,418,3420,38,58,36,94,53,5,7,101,0,1.53,0.95,2.47,1.39,2.34,/en/squads/d609edc0/2014-2015/Internazionale-Stats
ITA-Serie A,1415,Juventus,28,28.8,56.2,38,418,3420,38,71,44,115,65,6,9,76,0,1.87,1.16,3.03,1.71,2.87,/en/squads/e0652b02/2014-2015/Juventus-Stats
ITA-Serie A,1415,Lazio,29,28.0,52.2,38,418,3420,38,70,47,117,67,3,5,114,0,1.84,1.24,3.08,1.76,3.0,/en/squads/7213da33/2014-2015/Lazio-Stats
ITA-Serie A,1415,Milan,35,28.1,51.3,38,418,3420,38,54,33,87,43,11,11,96,0,1.42,0.87,2.29,1.13,2.0,/en/squads/dc56fe14/2014-2015/Milan-Stats
ITA-Serie A,1415,Napoli,26,27.0,54.8,38,418,3420,38,65,41,106,61,4,9,86,0,1.71,1.08,2.79,1.61,2.68,/en/squads/d48ad4ff/2014-2015/Napoli-Stats
ITA-Serie A,1415,Palermo,31,26.8,49.6,38,418,3420,38,52,34,86,47,5,7,89,0,1.37,0.89,2.26,1.24,2.13,/en/squads/ee058a17/2014-2015/Palermo-Stats
ITA-Serie A,1415,Parma,38,28.4,44.9,38,418,3420,38,31,20,51,29,2,2,110,0,0.82,0.53,1.34,0.76,1.29,/en/squads/eab4234c/2014-2015/Parma-Stats
ITA-Serie A,1415,Roma,32,28.0,57.3,38,418,3420,38,53,40,93,47,6,7,111,0,1.39,1.05,2.45,1.24,2.29,/en/squads/cf74a709/2014-2015/Roma-Stats
ITA-Serie A,1415,Sampdoria,30,26.2,50.4,38,418,3420,38,46,30,76,44,2,2,103,0,1.21,0.79,2.0,1.16,1.95,/en/squads/8ff9e3b3/2014-2015/Sampdoria-Stats
ITA-Serie A,1415,Sassuolo,27,27.0,47.0,38,418,3420,38,47,30,77,40,7,9,115,0,1.24,0.79,2.03,1.05,1.84,/en/squads/e2befd26/2014-2015/Sassuolo-Stats
ITA-Serie A,1415,Torino,31,28.1,49.2,38,418,3420,38,48,32,80,45,3,6,100,0,1.26,0.84,2.11,1.18,2.03,/en/squads/105360fe/2014-2015/Torino-Stats
ITA-Serie A,1415,Udinese,28,26.9,46.5,38,418,3420,38,41,27,68,40,1,1,99,0,1.08,0.71,1.79,1.05,1.76,/en/squads/04eea015/2014-2015/Udinese-Stats
ITA-Serie A,1516,Atalanta,33,27.8,48.4,38,418,3420,38,38,23,61,34,4,6,114,0,1.0,0.61,1.61,0.89,1.5,/en/squads/922493f3/2015-2016/Atalanta-Stats
ITA-Serie A,1516,Bologna,31,27.0,45.8,38,418,3420,38,33,22,55,31,2,3,98,0,0.87,0.58,1.45,0.82,1.39,/en/squads/1d8099f8/2015-2016/Bologna-Stats
ITA-Serie A,1516,Carpi,35,25.9,38.6,38,418,3420,38,33,22,55,28,5,8,115,0,0.87,0.58,1.45,0.74,1.32,/en/squads/71f07916/2015-2016/Carpi-Stats
ITA-Serie A,1516,Chievo,26,30.5,45.3,38,418,3420,38,42,28,70,37,5,8,108,0,1.11,0.74,1.84,0.97,1.71,/en/squads/cc919b35/2015-2016/Chievo-Stats
ITA-Serie A,1516,Empoli,29,25.4,52.5,38,418,3420,38,39,29,68,38,1,2,101,0,1.03,0.76,1.79,1.0,1.76,/en/squads/a3d88bd8/2015-2016/Empoli-Stats
ITA-Serie A,1516,Fiorentina,26,27.6,61.0,38,418,3420,38,58,38,96,50,8,9,102,0,1.53,1.0,2.53,1.32,2.32,/en/squads/421387cf/2015-2016/Fiorentina-Stats
ITA-Serie A,1516,Frosinone,28,26.5,39.7,38,418,3420,38,34,22,56,31,3,3,116,0,0.89,0.58,1.47,0.82,1.39,/en/squads/6a7ad59d/2015-2016/Frosinone-Stats
ITA-Serie A,1516,Genoa,30,26.7,50.2,38,418,3420,38,44,35,79,40,4,4,91,0,1.16,0.92,2.08,1.05,1.97,/en/squads/658bf2de/2015-2016/Genoa-Stats
ITA-Serie A,1516,Hellas Verona,32,27.5,45.3,38,418,3420,38,34,23,57,28,6,7,97,0,0.89,0.61,1.5,0.74,1.34,/en/squads/0e72edf2/2015-2016/Hellas-Verona-Stats
ITA-Serie A,1516,Inter,28,26.7,55.0,38,418,3420,38,49,35,84,47,2,3,104,0,1.29,0.92,2.21,1.24,2.16,/en/squads/d609edc0/2015-2016/Internazionale-Stats
ITA-Serie A,1516,Juventus,28,28.3,56.0,38,418,3420,38,72,54,126,63,9,9,97,0,1.89,1.42,3.32,1.66,3.08,/en/squads/e0652b02/2015-2016/Juventus-Stats
ITA-Serie A,1516,Lazio,27,27.6,54.4,38,418,3420,38,52,31,83,43,9,11,107,0,1.37,0.82,2.18,1.13,1.95,/en/squads/7213da33/2015-2016/Lazio-Stats
ITA-Serie A,1516,Milan,30,26.4,52.9,38,418,3420,38,49,28,77,43,6,7,96,0,1.29,0.74,2.03,1.13,1.87,/en/squads/dc56fe14/2015-2016/Milan-Stats
ITA-Serie A,1516,Napoli,22,26.5,62.6,38,418,3420,38,78,56,134,71,7,8,72,0,2.05,1.47,3.53,1.87,3.34,/en/squads/d48ad4ff/2015-2016/Napoli-Stats
ITA-Serie A,1516,Palermo,31,26.8,43.2,38,418,3420,38,37,31,68,36,1,1,103,0,0.97,0.82,1.79,0.95,1.76,/en/squads/ee058a17/2015-2016/Palermo-Stats
ITA-Serie A,1516,Roma,32,26.2,57.7,38,418,3420,38,83,55,138,79,4,4,87,0,2.18,1.45,3.63,2.08,3.53,/en/squads/cf74a709/2015-2016/Roma-Stats
ITA-Serie A,1516,Sampdoria,35,27.5,49.4,38,418,3420,38,45,30,75,42,3,3,111,0,1.18,0.79,1.97,1.11,1.89,/en/squads/8ff9e3b3/2015-2016/Sampdoria-Stats
ITA-Serie A,1516,Sassuolo,26,27.0,51.1,38,418,3420,38,48,33,81,44,4,5,98,0,1.26,0.87,2.13,1.16,2.03,/en/squads/e2befd26/2015-2016/Sassuolo-Stats
ITA-Serie A,1516,Torino,27,27.6,47.5,38,418,3420,38,49,29,78,40,9,11,99,0,1.29,0.76,2.05,1.05,1.82,/en/squads/105360fe/2015-2016/Torino-Stats
ITA-Serie A,1516,Udinese,28,27.6,44.4,38,418,3420,38,34,23,57,32,2,2,105,0,0.89,0.61,1.5,0.84,1.45,/en/squads/04eea015/2015-2016/Udinese-Stats
ITA-Serie A,1617,Atalanta,32,25.2,50.2,38,417,3420,38,62,43,105,57,5,5,90,2,1.63,1.13,2.76,1.5,2.63,/en/squads/922493f3/2016-2017/Atalanta-Stats
ITA-Serie A,1617,Bologna,28,26.3,46.3,38,418,3420,38,39,29,68,38,1,2,87,2,1.03,0.76,1.79,1.0,1.76,/en/squads/1d8099f8/2016-2017/Bologna-Stats
ITA-Serie A,1617,Cagliari,34,28.7,43.2,38,418,3420,38,53,30,83,49,4,6,104,3,1.39,0.79,2.18,1.29,2.08,/en/squads/c4260e09/2016-2017/Cagliari-Stats
ITA-Serie A,1617,Chievo,29,31.3,46.7,38,418,3420,38,42,29,71,38,4,5,88,3,1.11,0.76,1.87,1.0,1.76,/en/squads/cc919b35/2016-2017/Chievo-Stats
ITA-Serie A,1617,Crotone,31,26.0,37.1,38,418,3420,38,34,22,56,30,4,5,93,3,0.89,0.58,1.47,0.79,1.37,/en/squads/3074d7b1/2016-2017/Crotone-Stats
ITA-Serie A,1617,Empoli,29,26.8,49.0,38,418,3420,38,29,19,48,25,4,5,107,0,0.76,0.5,1.26,0.66,1.16,/en/squads/a3d88bd8/2016-2017/Empoli-Stats
ITA-Serie A,1617,Fiorentina,30,27.3,58.3,38,418,3420,38,62,46,108,56,6,10,98,3,1.63,1.21,2.84,1.47,2.68,/en/squads/421387cf/2016-2017/Fiorentina-Stats
ITA-Serie A,1617,Genoa,33,26.9,48.8,38,418,3420,38,36,30,66,34,2,3,97,4,0.95,0.79,1.74,0.89,1.68,/en/squads/658bf2de/2016-2017/Genoa-Stats
ITA-Serie A,1617,Inter,29,27.5,56.4,38,418,3420,38,70,55,125,67,3,5,81,3,1.84,1.45,3.29,1.76,3.21,/en/squads/d609edc0/2016-2017/Internazionale-Stats
ITA-Serie A,1617,Juventus,27,29.1,57.0,38,418,3420,38,72,49,121,69,3,3,70,0,1.89,1.29,3.18,1.82,3.11,/en/squads/e0652b02/2016-2017/Juventus-Stats
ITA-Serie A,1617,Lazio,30,26.0,51.0,38,418,3420,38,73,47,120,61,12,14,96,3,1.92,1.24,3.16,1.61,2.84,/en/squads/7213da33/2016-2017/Lazio-Stats
ITA-Serie A,1617,Milan,28,25.0,54.1,38,418,3420,38,55,39,94,48,7,12,98,9,1.45,1.03,2.47,1.26,2.29,/en/squads/dc56fe14/2016-2017/Milan-Stats
ITA-Serie A,1617,Napoli,26,26.9,62.1,38,418,3420,38,94,68,162,89,5,6,58,0,2.47,1.79,4.26,2.34,4.13,/en/squads/d48ad4ff/2016-2017/Napoli-Stats
ITA-Serie A,1617,Palermo,30,26.1,45.6,38,418,3420,38,33,24,57,32,1,1,107,6,0.87,0.63,1.5,0.84,1.47,/en/squads/ee058a17/2016-2017/Palermo-Stats
ITA-Serie A,1617,Pescara,34,26.6,46.4,38,418,3420,38,32,27,59,30,2,6,98,3,0.84,0.71,1.55,0.79,1.5,/en/squads/b985784c/2016-2017/Pescara-Stats
ITA-Serie A,1617,Roma,22,26.7,57.1,38,418,3420,38,88,59,147,76,12,14,64,0,2.32,1.55,3.87,2.0,3.55,/en/squads/cf74a709/2016-2017/Roma-Stats
ITA-Serie A,1617,Sampdoria,24,26.6,52.3,38,418,3420,38,45,31,76,38,7,8,75,1,1.18,0.82,2.0,1.0,1.82,/en/squads/8ff9e3b3/2016-2017/Sampdoria-Stats
ITA-Serie A,1617,Sassuolo,28,26.7,46.8,38,418,3420,38,59,36,95,50,9,10,90,0,1.55,0.95,2.5,1.32,2.26,/en/squads/e2befd26/2016-2017/Sassuolo-Stats
ITA-Serie A,1617,Torino,29,26.4,50.7,38,418,3420,38,70,54,124,65,5,9,88,3,1.84,1.42,3.26,1.71,3.13,/en/squads/105360fe/2016-2017/Torino-Stats
ITA-Serie A,1617,Udinese,29,26.7,41.8,38,418,3420,38,47,29,76,45,2,3,85,0,1.24,0.76,2.0,1.18,1.95,/en/squads/04eea015/2016-2017/Udinese-Stats
ITA-Serie A,1718,Atalanta,25,25.7,55.4,38,418,3420,38,57,38,95,52,5,9,66,,1.5,1.0,2.5,1.37,2.37,/en/squads/922493f3/2017-2018/Atalanta-Stats
ITA-Serie A,1718,Benevento,41,26.0,47.5,38,418,3420,38,32,23,55,30,2,3,79,,0.84,0.61,1.45,0.79,1.39,/en/squads/4fcb34fd/2017-2018/Benevento-Stats
ITA-Serie A,1718,Bologna,30,26.8,46.8,38,418,3420,38,37,18,55,35,2,3,101,,0.97,0.47,1.45,0.92,1.39,/en/squads/1d8099f8/2017-2018/Bologna-Stats
ITA-Serie A,1718,Cagliari,29,27.1,45.3,38,418,3420,38,33,21,54,29,4,7,96,,0.87,0.55,1.42,0.76,1.32,/en/squads/c4260e09/2017-2018/Cagliari-Stats
ITA-Serie A,1718,Chievo,25,30.3,44.4,38,418,3420,38,36,20,56,35,1,2,75,,0.95,0.53,1.47,0.92,1.45,/en/squads/cc919b35/2017-2018/Chievo-Stats
ITA-Serie A,1718,Crotone,29,25.6,39.9,38,418,3420,38,38,21,59,36,2,3,65,,1.0,0.55,1.55,0.95,1.5,/en/squads/3074d7b1/2017-2018/Crotone-Stats
ITA-Serie A,1718,Fiorentina,27,25.0,52.6,38,418,3420,38,53,32,85,46,7,8,89,,1.39,0.84,2.24,1.21,2.05,/en/squads/421387cf/2017-2018/Fiorentina-Stats
ITA-Serie A,1718,Genoa,33,27.9,46.3,38,418,3420,38,31,18,49,27,4,5,75,,0.82,0.47,1.29,0.71,1.18,/en/squads/658bf2de/2017-2018/Genoa-Stats
ITA-Serie A,1718,Hellas Verona,32,25.9,41.9,38,418,3420,38,30,19,49,23,7,7,98,,0.79,0.5,1.29,0.61,1.11,/en/squads/0e72edf2/2017-2018/Hellas-Verona-Stats
ITA-Serie A,1718,Inter,22,27.6,57.1,38,418,3420,38,64,34,98,58,6,7,69,,1.68,0.89,2.58,1.53,2.42,/en/squads/d609edc0/2017-2018/Internazionale-Stats
ITA-Serie A,1718,Juventus,24,29.2,57.2,38,418,3420,38,82,39,121,78,4,8,66,,2.16,1.03,3.18,2.05,3.08,/en/squads/e0652b02/2017-2018/Juventus-Stats
ITA-Serie A,1718,Lazio,24,26.5,51.1,38,418,3420,38,86,51,137,77,9,11,79,,2.26,1.34,3.61,2.03,3.37,/en/squads/7213da33/2017-2018/Lazio-Stats
ITA-Serie A,1718,Milan,24,25.0,56.0,38,418,3420,38,54,28,82,50,4,6,75,,1.42,0.74,2.16,1.32,2.05,/en/squads/dc56fe14/2017-2018/Milan-Stats
ITA-Serie A,1718,Napoli,23,28.0,63.4,38,418,3420,38,73,45,118,67,6,8,58,,1.92,1.18,3.11,1.76,2.95,/en/squads/d48ad4ff/2017-2018/Napoli-Stats
ITA-Serie A,1718,Roma,27,27.4,58.0,38,418,3420,38,56,37,93,53,3,6,48,,1.47,0.97,2.45,1.39,2.37,/en/squads/cf74a709/2017-2018/Roma-Stats
ITA-Serie A,1718,SPAL,29,26.7,44.7,38,418,3420,38,37,14,51,32,5,6,101,,0.97,0.37,1.34,0.84,1.21,/en/squads/1d2fe027/2017-2018/SPAL-Stats
ITA-Serie A,1718,Sampdoria,27,27.0,53.6,38,418,3420,38,56,33,89,49,7,8,69,,1.47,0.87,2.34,1.29,2.16,/en/squads/8ff9e3b3/2017-2018/Sampdoria-Stats
ITA-Serie A,1718,Sassuolo,28,27.2,42.9,38,418,3420,38,28,16,44,24,4,10,89,,0.74,0.42,1.16,0.63,1.05,/en/squads/e2befd26/2017-2018/Sassuolo-Stats
ITA-Serie A,1718,Torino,27,28.1,51.1,38,418,3420,38,53,36,89,53,0,2,78,,1.39,0.95,2.34,1.39,2.34,/en/squads/105360fe/2017-2018/Torino-Stats
ITA-Serie A,1718,Udinese,27,26.5,44.7,38,418,3420,38,45,27,72,38,7,7,72,,1.18,0.71,1.89,1.0,1.71,/en/squads/04eea015/2017-2018/Udinese-Stats
ITA-Serie A,1819,Atalanta,27,26.5,57.3,38,418,3420,38,75,60,135,73,2,4,63,3,1.97,1.58,3.55,1.92,3.5,/en/squads/922493f3/2018-2019/Atalanta-Stats
ITA-Serie A,1819,Bologna,29,27.0,44.9,38,418,3420,38,45,35,80,40,5,5,94,6,1.18,0.92,2.11,1.05,1.97,/en/squads/1d8099f8/2018-2019/Bologna-Stats
ITA-Serie A,1819,Cagliari,30,27.9,49.8,38,418,3420,38,35,27,62,33,2,3,99,9,0.92,0.71,1.63,0.87,1.58,/en/squads/c4260e09/2018-2019/Cagliari-Stats
ITA-Serie A,1819,Chievo,36,28.3,43.3,38,418,3420,38,25,17,42,21,4,6,116,7,0.66,0.45,1.11,0.55,1.0,/en/squads/cc919b35/2018-2019/Chievo-Stats
ITA-Serie A,1819,Empoli,29,26.4,47.9,38,418,3420,38,48,36,84,44,4,7,74,3,1.26,0.95,2.21,1.16,2.11,/en/squads/a3d88bd8/2018-2019/Empoli-Stats
ITA-Serie A,1819,Fiorentina,27,24.1,50.4,38,418,3420,38,45,24,69,40,5,6,91,5,1.18,0.63,1.82,1.05,1.68,/en/squads/421387cf/2018-2019/Fiorentina-Stats
ITA-Serie A,1819,Frosinone,33,26.4,41.5,38,418,3420,38,28,21,49,24,4,5,99,2,0.74,0.55,1.29,0.63,1.18,/en/squads/6a7ad59d/2018-2019/Frosinone-Stats
ITA-Serie A,1819,Genoa,31,26.0,43.4,38,418,3420,38,37,26,63,33,4,5,96,7,0.97,0.68,1.66,0.87,1.55,/en/squads/658bf2de/2018-2019/Genoa-Stats
ITA-Serie A,1819,Inter,23,27.7,59.4,38,418,3420,38,57,36,93,49,8,9,75,3,1.5,0.95,2.45,1.29,2.24,/en/squads/d609edc0/2018-2019/Internazionale-Stats
ITA-Serie A,1819,Juventus,31,28.0,55.9,38,418,3420,38,66,44,110,59,7,8,78,4,1.74,1.16,2.89,1.55,2.71,/en/squads/e0652b02/2018-2019/Juventus-Stats
ITA-Serie A,1819,Lazio,30,27.9,50.8,38,418,3420,38,54,35,89,48,6,6,90,4,1.42,0.92,2.34,1.26,2.18,/en/squads/7213da33/2018-2019/Lazio-Stats
ITA-Serie A,1819,Milan,23,24.8,54.1,38,418,3420,38,51,35,86,48,3,4,82,5,1.34,0.92,2.26,1.26,2.18,/en/squads/dc56fe14/2018-2019/Milan-Stats
ITA-Serie A,1819,Napoli,26,27.0,59.1,38,418,3420,38,73,54,127,70,3,4,75,5,1.92,1.42,3.34,1.84,3.26,/en/squads/d48ad4ff/2018-2019/Napoli-Stats
ITA-Serie A,1819,Parma,31,29.4,37.7,38,418,3420,38,40,22,62,36,4,5,84,3,1.05,0.58,1.63,0.95,1.53,/en/squads/eab4234c/2018-2019/Parma-Stats
ITA-Serie A,1819,Roma,26,27.5,51.4,38,418,3420,38,65,41,106,59,6,6,90,2,1.71,1.08,2.79,1.55,2.63,/en/squads/cf74a709/2018-2019/Roma-Stats
ITA-Serie A,1819,SPAL,28,27.8,50.4,38,418,3420,38,44,30,74,37,7,8,113,3,1.16,0.79,1.95,0.97,1.76,/en/squads/1d2fe027/2018-2019/SPAL-Stats
ITA-Serie A,1819,Sampdoria,24,26.1,54.9,38,418,3420,38,60,41,101,50,10,12,92,3,1.58,1.08,2.66,1.32,2.39,/en/squads/8ff9e3b3/2018-2019/Sampdoria-Stats
ITA-Serie A,1819,Sassuolo,29,25.4,53.8,38,418,3420,38,50,33,83,45,5,5,90,8,1.32,0.87,2.18,1.18,2.05,/en/squads/e2befd26/2018-2019/Sassuolo-Stats
ITA-Serie A,1819,Torino,25,27.6,51.1,38,418,3420,38,50,31,81,45,5,6,89,4,1.32,0.82,2.13,1.18,2.0,/en/squads/105360fe/2018-2019/Torino-Stats
ITA-Serie A,1819,Udinese,31,25.3,42.6,38,418,3420,38,37,30,67,34,3,8,92,4,0.97,0.79,1.76,0.89,1.68,/en/squads/04eea015/2018-2019/Udinese-Stats
ITA-Serie A,1920,Atalanta,30,27.2,57.2,38,418,3420,38,96,68,164,89,7,10,80,2,2.53,1.79,4.32,2.34,4.13,/en/squads/922493f3/2019-2020/Atalanta-Stats
ITA-Serie A,1920,Bologna,31,27.2,52.6,38,418,3420,38,48,31,79,43,5,6,109,7,1.26,0.82,2.08,1.13,1.95,/en/squads/1d8099f8/2019-2020/Bologna-Stats
ITA-Serie A,1920,Brescia,32,25.6,40.6,38,418,3420,38,34,22,56,30,4,4,95,6,0.89,0.58,1.47,0.79,1.37,/en/squads/4ef57aeb/2019-2020/Brescia-Stats
ITA-Serie A,1920,Cagliari,33,27.4,45.7,38,418,3420,38,50,34,84,46,4,6,108,6,1.32,0.89,2.21,1.21,2.11,/en/squads/c4260e09/2019-2020/Cagliari-Stats
ITA-Serie A,1920,Fiorentina,33,25.1,47.4,38,418,3420,38,48,30,78,39,9,11,105,5,1.26,0.79,2.05,1.03,1.82,/en/squads/421387cf/2019-2020/Fiorentina-Stats
ITA-Serie A,1920,Genoa,34,26.8,49.5,38,418,3420,38,46,28,74,35,11,16,107,10,1.21,0.74,1.95,0.92,1.66,/en/squads/658bf2de/2019-2020/Genoa-Stats
ITA-Serie A,1920,Hellas Verona,30,26.1,49.8,38,418,3420,38,45,27,72,37,8,9,87,7,1.18,0.71,1.89,0.97,1.68,/en/squads/0e72edf2/2019-2020/Hellas-Verona-Stats
ITA-Serie A,1920,Inter,29,27.7,54.2,38,418,3420,38,80,57,137,70,10,11,104,6,2.11,1.5,3.61,1.84,3.34,/en/squads/d609edc0/2019-2020/Internazionale-Stats
ITA-Serie A,1920,Juventus,30,28.6,58.1,38,418,3420,38,73,47,120,60,13,14,87,3,1.92,1.24,3.16,1.58,2.82,/en/squads/e0652b02/2019-2020/Juventus-Stats
ITA-Serie A,1920,Lazio,27,27.9,50.4,38,418,3420,38,77,45,122,62,15,18,99,2,2.03,1.18,3.21,1.63,2.82,/en/squads/7213da33/2019-2020/Lazio-Stats
ITA-Serie A,1920,Lecce,30,28.7,44.8,38,418,3420,38,52,30,82,41,11,15,98,5,1.37,0.79,2.16,1.08,1.87,/en/squads/ffcbe334/2019-2020/Lecce-Stats
ITA-Serie A,1920,Milan,32,24.6,54.9,38,418,3420,38,60,38,98,52,8,9,97,6,1.58,1.0,2.58,1.37,2.37,/en/squads/dc56fe14/2019-2020/Milan-Stats
ITA-Serie A,1920,Napoli,25,26.9,59.2,38,418,3420,38,60,45,105,55,5,5,73,2,1.58,1.18,2.76,1.45,2.63,/en/squads/d48ad4ff/2019-2020/Napoli-Stats
ITA-Serie A,1920,Parma,25,28.8,43.8,38,418,3420,38,53,38,91,49,4,6,81,1,1.39,1.0,2.39,1.29,2.29,/en/squads/eab4234c/2019-2020/Parma-Stats
ITA-Serie A,1920,Roma,31,26.9,52.7,38,418,3420,38,73,47,120,61,12,14,111,7,1.92,1.24,3.16,1.61,2.84,/en/squads/cf74a709/2019-2020/Roma-Stats
ITA-Serie A,1920,SPAL,34,27.5,46.9,38,418,3420,38,27,17,44,22,5,7,98,4,0.71,0.45,1.16,0.58,1.03,/en/squads/1d2fe027/2019-2020/SPAL-Stats
ITA-Serie A,1920,Sampdoria,31,26.0,42.7,38,418,3420,38,48,25,73,39,9,12,111,7,1.26,0.66,1.92,1.03,1.68,/en/squads/8ff9e3b3/2019-2020/Sampdoria-Stats
ITA-Serie A,1920,Sassuolo,31,26.4,57.5,38,418,3420,38,69,49,118,64,5,6,99,3,1.82,1.29,3.11,1.68,2.97,/en/squads/e2befd26/2019-2020/Sassuolo-Stats
ITA-Serie A,1920,Torino,27,27.3,47.4,38,418,3420,38,44,29,73,37,7,8,96,7,1.16,0.76,1.92,0.97,1.74,/en/squads/105360fe/2019-2020/Torino-Stats
ITA-Serie A,1920,Udinese,25,26.5,44.7,38,418,3420,38,37,26,63,37,0,0,77,3,0.97,0.68,1.66,0.97,1.66,/en/squads/04eea015/2019-2020/Udinese-Stats
ITA-Serie A,2021,Atalanta,30,27.3,54.6,38,418,3420,38,90,65,155,84,6,7,67,3,2.37,1.71,4.08,2.21,3.92,/en/squads/922493f3/2020-2021/Atalanta-Stats
ITA-Serie A,2021,Benevento,29,28.7,42.6,38,418,3420,38,40,26,66,35,5,7,95,5,1.05,0.68,1.74,0.92,1.61,/en/squads/4fcb34fd/2020-2021/Benevento-Stats
ITA-Serie A,2021,Bologna,37,27.2,50.8,38,418,3420,38,49,38,87,46,3,4,82,4,1.29,1.0,2.29,1.21,2.21,/en/squads/1d8099f8/2020-2021/Bologna-Stats
ITA-Serie A,2021,Cagliari,32,26.5,44.8,38,418,3420,38,43,30,73,39,4,5,77,3,1.13,0.79,1.92,1.03,1.82,/en/squads/c4260e09/2020-2021/Cagliari-Stats
ITA-Serie A,2021,Crotone,31,27.8,46.3,38,418,3420,38,44,27,71,35,9,9,89,4,1.16,0.71,1.87,0.92,1.63,/en/squads/3074d7b1/2020-2021/Crotone-Stats
ITA-Serie A,2021,Fiorentina,30,26.6,46.3,38,418,3420,38,44,31,75,38,6,6,86,5,1.16,0.82,1.97,1.0,1.82,/en/squads/421387cf/2020-2021/Fiorentina-Stats
ITA-Serie A,2021,Genoa,34,28.3,44.8,38,418,3420,38,46,32,78,42,4,4,87,2,1.21,0.84,2.05,1.11,1.95,/en/squads/658bf2de/2020-2021/Genoa-Stats
ITA-Serie A,2021,Hellas Verona,32,26.2,49.8,38,418,3420,38,38,30,68,35,3,3,91,1,1.0,0.79,1.79,0.92,1.71,/en/squads/0e72edf2/2020-2021/Hellas-Verona-Stats
ITA-Serie A,2021,Inter,25,27.7,52.5,38,418,3420,38,84,62,146,76,8,9,61,2,2.21,1.63,3.84,2.0,3.63,/en/squads/d609edc0/2020-2021/Internazionale-Stats
ITA-Serie A,2021,Juventus,30,27.7,56.9,38,418,3420,38,76,59,135,68,8,10,80,6,2.0,1.55,3.55,1.79,3.34,/en/squads/e0652b02/2020-2021/Juventus-Stats
ITA-Serie A,2021,Lazio,30,29.4,53.0,38,418,3420,38,59,40,99,53,6,10,107,5,1.55,1.05,2.61,1.39,2.45,/en/squads/7213da33/2020-2021/Lazio-Stats
ITA-Serie A,2021,Milan,29,24.4,51.7,38,418,3420,38,72,47,119,57,15,20,83,4,1.89,1.24,3.13,1.5,2.74,/en/squads/dc56fe14/2020-2021/Milan-Stats
ITA-Serie A,2021,Napoli,25,27.1,55.1,38,418,3420,38,83,56,139,76,7,8,76,3,2.18,1.47,3.66,2.0,3.47,/en/squads/d48ad4ff/2020-2021/Napoli-Stats
ITA-Serie A,2021,Parma,42,28.0,47.8,38,418,3420,38,39,26,65,34,5,5,91,1,1.03,0.68,1.71,0.89,1.58,/en/squads/eab4234c/2020-2021/Parma-Stats
ITA-Serie A,2021,Roma,31,26.7,52.2,38,418,3420,38,67,51,118,60,7,8,91,3,1.76,1.34,3.11,1.58,2.92,/en/squads/cf74a709/2020-2021/Roma-Stats
ITA-Serie A,2021,Sampdoria,27,27.9,45.2,38,418,3420,38,52,37,89,47,5,6,83,3,1.37,0.97,2.34,1.24,2.21,/en/squads/8ff9e3b3/2020-2021/Sampdoria-Stats
ITA-Serie A,2021,Sassuolo,28,26.5,60.3,38,418,3420,38,61,36,97,48,13,14,79,4,1.61,0.95,2.55,1.26,2.21,/en/squads/e2befd26/2020-2021/Sassuolo-Stats
ITA-Serie A,2021,Spezia,35,25.2,51.9,38,418,3420,38,52,37,89,48,4,5,100,5,1.37,0.97,2.34,1.26,2.24,/en/squads/68449f6d/2020-2021/Spezia-Stats
ITA-Serie A,2021,Torino,29,26.9,47.3,38,418,3420,38,49,28,77,44,5,6,78,4,1.29,0.74,2.03,1.16,1.89,/en/squads/105360fe/2020-2021/Torino-Stats
ITA-Serie A,2021,Udinese,33,27.2,46.3,38,418,3420,38,40,30,70,36,4,4,65,2,1.05,0.79,1.84,0.95,1.74,/en/squads/04eea015/2020-2021/Udinese-Stats
ITA-Serie A,2122,Atalanta,32,27.5,55.0,38,418,3420,38,62,48,110,57,5,6,87,2,1.63,1.26,2.89,1.5,2.76,/en/squads/922493f3/2021-2022/Atalanta-Stats
ITA-Serie A,2122,Bologna,36,26.6,50.6,38,418,3420,38,43,34,77,39,4,5,92,7,1.13,0.89,2.03,1.03,1.92,/en/squads/1d8099f8/2021-2022/Bologna-Stats
ITA-Serie A,2122,Cagliari,33,26.5,44.5,38,418,3420,38,34,26,60,31,3,4,96,5,0.89,0.68,1.58,0.82,1.5,/en/squads/c4260e09/2021-2022/Cagliari-Stats
ITA-Serie A,2122,Empoli,28,24.5,47.4,38,418,3420,38,47,27,74,40,7,7,87,5,1.24,0.71,1.95,1.05,1.76,/en/squads/a3d88bd8/2021-2022/Empoli-Stats
ITA-Serie A,2122,Fiorentina,28,26.4,57.7,38,418,3420,38,59,33,92,50,9,12,89,8,1.55,0.87,2.42,1.32,2.18,/en/squads/421387cf/2021-2022/Fiorentina-Stats
ITA-Serie A,2122,Genoa,40,27.0,43.9,38,418,3420,38,26,19,45,20,6,7,92,3,0.68,0.5,1.18,0.53,1.03,/en/squads/658bf2de/2021-2022/Genoa-Stats
ITA-Serie A,2122,Hellas Verona,31,26.8,50.6,38,418,3420,38,63,44,107,56,7,8,100,7,1.66,1.16,2.82,1.47,2.63,/en/squads/0e72edf2/2021-2022/Hellas-Verona-Stats
ITA-Serie A,2122,Inter,27,28.9,56.5,38,418,3420,38,83,57,140,76,7,11,71,0,2.18,1.5,3.68,2.0,3.5,/en/squads/d609edc0/2021-2022/Internazionale-Stats
ITA-Serie A,2122,Juventus,32,27.4,51.5,38,418,3420,38,56,37,93,51,5,6,77,2,1.47,0.97,2.45,1.34,2.32,/en/squads/e0652b02/2021-2022/Juventus-Stats
ITA-Serie A,2122,Lazio,27,29.0,55.4,38,418,3420,38,74,48,122,67,7,9,88,5,1.95,1.26,3.21,1.76,3.03,/en/squads/7213da33/2021-2022/Lazio-Stats
ITA-Serie A,2122,Milan,28,25.6,54.0,38,418,3420,38,66,39,105,61,5,8,76,3,1.74,1.03,2.76,1.61,2.63,/en/squads/dc56fe14/2021-2022/Milan-Stats
ITA-Serie A,2122,Napoli,27,27.9,58.3,38,418,3420,38,74,46,120,64,10,14,63,2,1.95,1.21,3.16,1.68,2.89,/en/squads/d48ad4ff/2021-2022/Napoli-Stats
ITA-Serie A,2122,Roma,29,26.4,51.4,38,418,3420,38,58,31,89,51,7,9,111,8,1.53,0.82,2.34,1.34,2.16,/en/squads/cf74a709/2021-2022/Roma-Stats
ITA-Serie A,2122,Salernitana,42,27.7,41.2,38,418,3420,38,32,19,51,28,4,5,94,5,0.84,0.5,1.34,0.74,1.24,/en/squads/c5577084/2021-2022/Salernitana-Stats
ITA-Serie A,2122,Sampdoria,34,29.0,46.1,38,418,3420,38,42,29,71,40,2,4,94,4,1.11,0.76,1.87,1.05,1.82,/en/squads/8ff9e3b3/2021-2022/Sampdoria-Stats
ITA-Serie A,2122,Sassuolo,29,26.1,54.9,38,418,3420,38,60,39,99,53,7,7,92,4,1.58,1.03,2.61,1.39,2.42,/en/squads/e2befd26/2021-2022/Sassuolo-Stats
ITA-Serie A,2122,Spezia,30,24.4,42.7,38,418,3420,38,38,25,63,35,3,5,88,4,1.0,0.66,1.66,0.92,1.58,/en/squads/68449f6d/2021-2022/Spezia-Stats
ITA-Serie A,2122,Torino,31,25.2,53.3,38,418,3420,38,43,27,70,37,6,6,89,3,1.13,0.71,1.84,0.97,1.68,/en/squads/105360fe/2021-2022/Torino-Stats
ITA-Serie A,2122,Udinese,29,26.2,42.7,38,418,3420,38,58,36,94,55,3,4,95,6,1.53,0.95,2.47,1.45,2.39,/en/squads/04eea015/2021-2022/Udinese-Stats
ITA-Serie A,2122,Venezia,39,26.1,42.3,38,418,3420,38,34,23,57,31,3,5,110,9,0.89,0.61,1.5,0.82,1.42,/en/squads/af5d5982/2021-2022/Venezia-Stats
ITA-Serie A,2223,Atalanta,27,26.5,49.9,38,418,3420,38,64,42,106,58,6,8,83,3,1.68,1.11,2.79,1.53,2.63,/en/squads/922493f3/2022-2023/Atalanta-Stats
ITA-Serie A,2223,Bologna,27,26.6,54.7,38,418,3420,38,52,41,93,46,6,6,84,3,1.37,1.08,2.45,1.21,2.29,/en/squads/1d8099f8/2022-2023/Bologna-Stats
ITA-Serie A,2223,Cremonese,33,26.0,42.1,38,418,3420,38,35,18,53,30,5,7,81,3,0.92,0.47,1.39,0.79,1.26,/en/squads/9aad3a77/2022-2023/Cremonese-Stats
ITA-Serie A,2223,Empoli,32,25.3,47.3,38,418,3420,38,35,20,55,33,2,2,88,7,0.92,0.53,1.45,0.87,1.39,/en/squads/a3d88bd8/2022-2023/Empoli-Stats
ITA-Serie A,2223,Fiorentina,30,26.5,56.1,38,418,3420,38,51,37,88,47,4,6,93,3,1.34,0.97,2.32,1.24,2.21,/en/squads/421387cf/2022-2023/Fiorentina-Stats
ITA-Serie A,2223,Hellas Verona,36,26.6,41.2,38,418,3420,38,29,22,51,28,1,1,103,3,0.76,0.58,1.34,0.74,1.32,/en/squads/0e72edf2/2022-2023/Hellas-Verona-Stats
ITA-Serie A,2223,Inter,25,28.8,55.7,38,418,3420,38,68,50,118,64,4,5,65,3,1.79,1.32,3.11,1.68,3.0,/en/squads/d609edc0/2022-2023/Internazionale-Stats
ITA-Serie A,2223,Juventus,29,27.7,49.6,38,418,3420,38,56,41,97,53,3,6,74,6,1.47,1.08,2.55,1.39,2.47,/en/squads/e0652b02/2022-2023/Juventus-Stats
ITA-Serie A,2223,Lazio,24,28.6,52.1,38,418,3420,38,59,37,96,53,6,8,87,2,1.55,0.97,2.53,1.39,2.37,/en/squads/7213da33/2022-2023/Lazio-Stats
ITA-Serie A,2223,Lecce,29,24.8,41.3,38,418,3420,38,31,21,52,27,4,6,86,2,0.82,0.55,1.37,0.71,1.26,/en/squads/ffcbe334/2022-2023/Lecce-Stats
ITA-Serie A,2223,Milan,30,26.0,55.6,38,418,3420,38,61,49,110,56,5,5,90,2,1.61,1.29,2.89,1.47,2.76,/en/squads/dc56fe14/2022-2023/Milan-Stats
ITA-Serie A,2223,Monza,31,26.6,55.2,38,418,3420,38,46,31,77,41,5,6,90,4,1.21,0.82,2.03,1.08,1.89,/en/squads/21680aa4/2022-2023/Monza-Stats
ITA-Serie A,2223,Napoli,27,26.4,61.8,38,418,3420,38,75,57,132,67,8,10,47,1,1.97,1.5,3.47,1.76,3.26,/en/squads/d48ad4ff/2022-2023/Napoli-Stats
ITA-Serie A,2223,Roma,30,27.4,48.6,38,418,3420,38,50,33,83,43,7,10,83,4,1.32,0.87,2.18,1.13,2.0,/en/squads/cf74a709/2022-2023/Roma-Stats
ITA-Serie A,2223,Salernitana,30,27.2,44.9,38,418,3420,38,46,34,80,44,2,2,85,4,1.21,0.89,2.11,1.16,2.05,/en/squads/c5577084/2022-2023/Salernitana-Stats
ITA-Serie A,2223,Sampdoria,40,27.9,46.1,38,418,3420,38,23,18,41,22,1,2,108,3,0.61,0.47,1.08,0.58,1.05,/en/squads/8ff9e3b3/2022-2023/Sampdoria-Stats
ITA-Serie A,2223,Sassuolo,31,26.1,49.2,38,418,3420,38,46,30,76,37,9,10,90,6,1.21,0.79,2.0,0.97,1.76,/en/squads/e2befd26/2022-2023/Sassuolo-Stats
ITA-Serie A,2223,Spezia,34,25.7,47.4,38,418,3420,38,29,18,47,25,4,4,103,6,0.76,0.47,1.24,0.66,1.13,/en/squads/68449f6d/2022-2023/Spezia-Stats
ITA-Serie A,2223,Torino,28,25.2,53.2,38,418,3420,38,41,34,75,39,2,2,81,0,1.08,0.89,1.97,1.03,1.92,/en/squads/105360fe/2022-2023/Torino-Stats
ITA-Serie A,2223,Udinese,30,26.1,48.0,38,418,3420,38,46,41,87,45,1,2,88,3,1.21,1.08,2.29,1.18,2.26,/en/squads/04eea015/2022-2023/Udinese-Stats
ITA-Serie A,2324,Atalanta,29,26.3,51.0,38,418,3420,38,72,57,129,67,5,5,76,1,1.89,1.5,3.39,1.76,3.26,/en/squads/922493f3/2023-2024/Atalanta-Stats
ITA-Serie A,2324,Bologna,28,25.2,58.1,38,418,3420,38,52,32,84,48,4,5,85,2,1.37,0.84,2.21,1.26,2.11,/en/squads/1d8099f8/2023-2024/Bologna-Stats
ITA-Serie A,2324,Cagliari,29,26.1,42.1,38,418,3420,38,41,30,71,37,4,6,77,4,1.08,0.79,1.87,0.97,1.76,/en/squads/c4260e09/2023-2024/Cagliari-Stats
ITA-Serie A,2324,Empoli,34,26.0,44.0,38,418,3420,38,26,19,45,21,5,5,88,1,0.68,0.5,1.18,0.55,1.05,/en/squads/a3d88bd8/2023-2024/Empoli-Stats
ITA-Serie A,2324,Fiorentina,30,27.0,57.4,38,418,3420,38,60,41,101,56,4,8,80,0,1.58,1.08,2.66,1.47,2.55,/en/squads/421387cf/2023-2024/Fiorentina-Stats
ITA-Serie A,2324,Frosinone,34,24.3,49.7,38,418,3420,38,44,29,73,36,8,10,68,2,1.16,0.76,1.92,0.95,1.71,/en/squads/6a7ad59d/2023-2024/Frosinone-Stats
ITA-Serie A,2324,Genoa,34,26.7,44.1,38,418,3420,38,43,27,70,38,5,6,79,3,1.13,0.71,1.84,1.0,1.71,/en/squads/658bf2de/2023-2024/Genoa-Stats
ITA-Serie A,2324,Hellas Verona,36,25.7,44.4,38,418,3420,38,38,29,67,35,3,7,88,6,1.0,0.76,1.76,0.92,1.68,/en/squads/0e72edf2/2023-2024/Hellas-Verona-Stats
ITA-Serie A,2324,Inter,27,29.1,57.1,38,418,3420,38,87,60,147,74,13,14,46,1,2.29,1.58,3.87,1.95,3.53,/en/squads/d609edc0/2023-2024/Internazionale-Stats
ITA-Serie A,2324,Juventus,31,26.5,48.5,38,418,3420,38,52,37,89,49,3,5,87,2,1.37,0.97,2.34,1.29,2.26,/en/squads/e0652b02/2023-2024/Juventus-Stats
ITA-Serie A,2324,Lazio,22,28.2,53.3,38,418,3420,38,46,30,76,42,4,4,101,5,1.21,0.79,2.0,1.11,1.89,/en/squads/7213da33/2023-2024/Lazio-Stats
ITA-Serie A,2324,Lecce,26,24.9,44.9,38,418,3420,38,30,23,53,27,3,5,89,5,0.79,0.61,1.39,0.71,1.32,/en/squads/ffcbe334/2023-2024/Lecce-Stats
ITA-Serie A,2324,Milan,35,26.6,56.9,38,418,3420,38,76,56,132,70,6,8,82,8,2.0,1.47,3.47,1.84,3.32,/en/squads/dc56fe14/2023-2024/Milan-Stats
ITA-Serie A,2324,Monza,31,26.8,53.5,38,418,3420,38,38,29,67,34,4,5,88,5,1.0,0.76,1.76,0.89,1.66,/en/squads/21680aa4/2023-2024/Monza-Stats
ITA-Serie A,2324,Napoli,29,27.2,60.9,38,418,3420,38,54,36,90,48,6,10,77,5,1.42,0.95,2.37,1.26,2.21,/en/squads/d48ad4ff/2023-2024/Napoli-Stats
ITA-Serie A,2324,Roma,30,27.7,54.9,38,418,3420,38,64,44,108,53,11,12,95,3,1.68,1.16,2.84,1.39,2.55,/en/squads/cf74a709/2023-2024/Roma-Stats
ITA-Serie A,2324,Salernitana,39,27.2,44.5,38,418,3420,38,32,25,57,30,2,2,91,3,0.84,0.66,1.5,0.79,1.45,/en/squads/c5577084/2023-2024/Salernitana-Stats
ITA-Serie A,2324,Sassuolo,30,26.4,43.8,38,418,3420,38,42,28,70,35,7,8,71,4,1.11,0.74,1.84,0.92,1.66,/en/squads/e2befd26/2023-2024/Sassuolo-Stats
ITA-Serie A,2324,Torino,30,26.4,51.6,38,418,3420,38,35,29,64,33,2,2,75,2,0.92,0.76,1.68,0.87,1.63,/en/squads/105360fe/2023-2024/Torino-Stats
ITA-Serie A,2324,Udinese,32,25.7,39.3,38,418,3420,38,36,23,59,33,3,4,94,5,0.95,0.61,1.55,0.87,1.47,/en/squads/04eea015/2023-2024/Udinese-Stats
ITA-Serie A,2425,Atalanta,32,27.1,55.3,38,418,3420,38,76,54,130,71,5,7,67,1,2.0,1.42,3.42,1.87,3.29,/en/squads/922493f3/2024-2025/Atalanta-Stats
ITA-Serie A,2425,Bologna,30,26.4,58.1,38,418,3420,38,56,43,99,50,6,7,61,4,1.47,1.13,2.61,1.32,2.45,/en/squads/1d8099f8/2024-2025/Bologna-Stats
ITA-Serie A,2425,Cagliari,28,26.6,44.9,38,418,3420,38,38,31,69,35,3,3,68,3,1.0,0.82,1.82,0.92,1.74,/en/squads/c4260e09/2024-2025/Cagliari-Stats
ITA-Serie A,2425,Como,38,26.3,54.6,38,418,3420,38,44,39,83,44,0,2,87,7,1.16,1.03,2.18,1.16,2.18,/en/squads/28c9c3cd/2024-2025/Como-Stats
ITA-Serie A,2425,Empoli,34,25.4,41.7,38,418,3420,38,31,21,52,29,2,3,68,5,0.82,0.55,1.37,0.76,1.32,/en/squads/a3d88bd8/2024-2025/Empoli-Stats
ITA-Serie A,2425,Fiorentina,34,26.3,51.0,38,418,3420,38,58,39,97,52,6,8,82,3,1.53,1.03,2.55,1.37,2.39,/en/squads/421387cf/2024-2025/Fiorentina-Stats
ITA-Serie A,2425,Genoa,37,26.2,45.6,38,418,3420,38,35,27,62,35,0,2,71,1,0.92,0.71,1.63,0.92,1.63,/en/squads/658bf2de/2024-2025/Genoa-Stats
ITA-Serie A,2425,Hellas Verona,32,25.1,38.7,38,418,3420,38,31,20,51,29,2,2,98,9,0.82,0.53,1.34,0.76,1.29,/en/squads/0e72edf2/2024-2025/Hellas-Verona-Stats
ITA-Serie A,2425,Inter,26,29.4,59.4,38,418,3420,38,76,57,133,68,8,9,56,1,2.0,1.5,3.5,1.79,3.29,/en/squads/d609edc0/2024-2025/Internazionale-Stats
ITA-Serie A,2425,Juventus,29,24.6,57.2,38,418,3420,38,56,40,96,50,6,6,67,3,1.47,1.05,2.53,1.32,2.37,/en/squads/e0652b02/2024-2025/Juventus-Stats
ITA-Serie A,2425,Lazio,27,27.1,55.1,38,418,3420,38,60,43,103,54,6,7,93,7,1.58,1.13,2.71,1.42,2.55,/en/squads/7213da33/2024-2025/Lazio-Stats
ITA-Serie A,2425,Lecce,31,26.1,43.8,38,418,3420,38,27,21,48,24,3,4,61,7,0.71,0.55,1.26,0.63,1.18,/en/squads/ffcbe334/2024-2025/Lecce-Stats
ITA-Serie A,2425,Milan,35,25.6,53.9,38,418,3420,38,59,43,102,55,4,8,70,6,1.55,1.13,2.68,1.45,2.58,/en/squads/dc56fe14/2024-2025/Milan-Stats
ITA-Serie A,2425,Monza,36,26.8,48.5,38,418,3420,38,27,18,45,24,3,3,90,3,0.71,0.47,1.18,0.63,1.11,/en/squads/21680aa4/2024-2025/Monza-Stats
ITA-Serie A,2425,Napoli,27,28.6,54.6,38,418,3420,38,56,42,98,52,4,5,47,0,1.47,1.11,2.58,1.37,2.47,/en/squads/d48ad4ff/2024-2025/Napoli-Stats
ITA-Serie A,2425,Parma,32,23.8,44.2,38,418,3420,38,43,31,74,37,6,7,78,6,1.13,0.82,1.95,0.97,1.79,/en/squads/eab4234c/2024-2025/Parma-Stats
ITA-Serie A,2425,Roma,28,26.5,53.9,38,418,3420,38,55,35,90,47,8,8,66,1,1.45,0.92,2.37,1.24,2.16,/en/squads/cf74a709/2024-2025/Roma-Stats
ITA-Serie A,2425,Torino,31,26.7,47.5,38,418,3420,38,36,21,57,34,2,4,80,3,0.95,0.55,1.5,0.89,1.45,/en/squads/105360fe/2024-2025/Torino-Stats
ITA-Serie A,2425,Udinese,31,26.4,47.2,38,418,3420,38,41,28,69,39,2,4,88,5,1.08,0.74,1.82,1.03,1.76,/en/squads/04eea015/2024-2025/Udinese-Stats
ITA-Serie A,2425,Venezia,36,25.4,45.1,38,418,3420,38,31,16,47,27,4,5,75,2,0.82,0.42,1.24,0.71,1.13,/en/squads/af5d5982/2024-2025/Venezia-Stats
ITA-Serie A,2526,Atalanta,27,26.7,55.2,38,418,3420,38,50,33,83,47,3,3,60,2,1.32,0.87,2.18,1.24,2.11,/en/squads/922493f3/2025-2026/Atalanta-Stats
ITA-Serie A,2526,Bologna,30,26.5,55.2,38,418,3420,38,47,30,77,42,5,7,67,6,1.24,0.79,2.03,1.11,1.89,/en/squads/1d8099f8/2025-2026/Bologna-Stats
ITA-Serie A,2526,Cagliari,31,24.8,45.6,38,418,3420,38,40,30,70,38,2,2,81,2,1.05,0.79,1.84,1.0,1.79,/en/squads/c4260e09/2025-2026/Cagliari-Stats
ITA-Serie A,2526,Como,24,25.4,61.6,38,418,3420,38,64,47,111,59,5,8,81,3,1.68,1.24,2.92,1.55,2.79,/en/squads/28c9c3cd/2025-2026/Como-Stats
ITA-Serie A,2526,Cremonese,32,28.1,46.6,38,418,3420,38,32,22,54,28,4,4,73,6,0.84,0.58,1.42,0.74,1.32,/en/squads/9aad3a77/2025-2026/Cremonese-Stats
ITA-Serie A,2526,Fiorentina,34,26.8,51.1,38,418,3420,38,40,23,63,34,6,6,82,3,1.05,0.61,1.66,0.89,1.5,/en/squads/421387cf/2025-2026/Fiorentina-Stats
ITA-Serie A,2526,Genoa,36,25.9,48.8,38,418,3420,38,41,21,62,36,5,9,62,3,1.08,0.55,1.63,0.95,1.5,/en/squads/658bf2de/2025-2026/Genoa-Stats
ITA-Serie A,2526,Hellas Verona,34,26.3,40.2,38,418,3420,38,24,15,39,21,3,3,89,5,0.63,0.39,1.03,0.55,0.95,/en/squads/0e72edf2/2025-2026/Hellas-Verona-Stats
ITA-Serie A,2526,Inter,29,28.6,59.8,38,418,3420,38,85,64,149,80,5,6,64,0,2.24,1.68,3.92,2.11,3.79,/en/squads/d609edc0/2025-2026/Internazionale-Stats
ITA-Serie A,2526,Juventus,27,26.0,57.6,38,418,3420,38,59,41,100,57,2,5,52,2,1.55,1.08,2.63,1.5,2.58,/en/squads/e0652b02/2025-2026/Juventus-Stats
ITA-Serie A,2526,Lazio,30,27.8,50.4,38,418,3420,38,39,28,67,35,4,5,78,9,1.03,0.74,1.76,0.92,1.66,/en/squads/7213da33/2025-2026/Lazio-Stats
ITA-Serie A,2526,Lecce,30,25.5,41.7,38,418,3420,38,28,20,48,27,1,2,69,2,0.74,0.53,1.26,0.71,1.24,/en/squads/ffcbe334/2025-2026/Lecce-Stats
ITA-Serie A,2526,Milan,26,27.2,51.8,38,418,3420,38,53,37,90,46,7,9,64,3,1.39,0.97,2.37,1.21,2.18,/en/squads/dc56fe14/2025-2026/Milan-Stats
ITA-Serie A,2526,Napoli,29,28.4,59.0,38,418,3420,38,57,39,96,53,4,5,49,2,1.5,1.03,2.53,1.39,2.42,/en/squads/d48ad4ff/2025-2026/Napoli-Stats
ITA-Serie A,2526,Parma,32,24.1,44.2,38,418,3420,38,26,17,43,24,2,2,65,5,0.68,0.45,1.13,0.63,1.08,/en/squads/eab4234c/2025-2026/Parma-Stats
ITA-Serie A,2526,Pisa,35,27.0,40.2,38,418,3420,38,25,13,38,19,6,7,78,5,0.66,0.34,1.0,0.5,0.84,/en/squads/4cceedfc/2025-2026/Pisa-Stats
ITA-Serie A,2526,Roma,29,26.3,56.3,38,418,3420,38,59,41,100,54,5,7,68,3,1.55,1.08,2.63,1.42,2.5,/en/squads/cf74a709/2025-2026/Roma-Stats
ITA-Serie A,2526,Sassuolo,34,26.1,46.2,38,418,3420,38,45,35,80,43,2,4,83,4,1.18,0.92,2.11,1.13,2.05,/en/squads/e2befd26/2025-2026/Sassuolo-Stats
ITA-Serie A,2526,Torino,30,27.2,44.1,38,418,3420,38,42,25,67,37,5,7,71,1,1.11,0.66,1.76,0.97,1.63,/en/squads/105360fe/2025-2026/Torino-Stats
ITA-Serie A,2526,Udinese,30,26.5,45.6,38,418,3420,38,44,30,74,39,5,5,71,2,1.16,0.79,1.95,1.03,1.82,/en/squads/04eea015/2025-2026/Udinese-Stats
GER-Bundesliga,1415,Augsburg,25,27.6,52.3,34,374,3060,34,43,29,72,36,7,9,63,0,1.26,0.85,2.12,1.06,1.91,/en/squads/0cdc4311/2014-2015/Augsburg-Stats
GER-Bundesliga,1415,Bayern Munich,28,26.6,70.4,34,374,3060,34,78,49,127,72,6,6,37,0,2.29,1.44,3.74,2.12,3.56,/en/squads/054efa67/2014-2015/Bayern-Munich-Stats
GER-Bundesliga,1415,Dortmund,28,26.5,55.3,34,374,3060,34,46,39,85,44,2,3,54,,1.35,1.15,2.5,1.29,2.44,/en/squads/add600ae/2014-2015/Dortmund-Stats
GER-Bundesliga,1415,Frankfurt,26,25.9,49.5,34,374,3060,34,54,33,87,51,3,4,89,0,1.59,0.97,2.56,1.5,2.47,/en/squads/f0ac8ee6/2014-2015/Eintracht-Frankfurt-Stats
GER-Bundesliga,1415,Freiburg,27,25.1,48.4,34,374,3060,34,36,26,62,30,6,9,66,0,1.06,0.76,1.82,0.88,1.65,/en/squads/a486e511/2014-2015/Freiburg-Stats
GER-Bundesliga,1415,Gladbach,19,25.7,53.5,34,374,3060,34,53,39,92,50,3,3,56,0,1.56,1.15,2.71,1.47,2.62,/en/squads/32f3ee20/2014-2015/Monchengladbach-Stats
GER-Bundesliga,1415,Hamburger SV,31,27.3,46.8,34,374,3060,34,22,15,37,19,3,3,89,0,0.65,0.44,1.09,0.56,1.0,/en/squads/26790c6a/2014-2015/Hamburger-SV-Stats
GER-Bundesliga,1415,Hannover 96,25,26.0,51.3,34,374,3060,34,38,26,64,36,2,3,83,0,1.12,0.76,1.88,1.06,1.82,/en/squads/60b5e41f/2014-2015/Hannover-96-Stats
GER-Bundesliga,1415,Hertha BSC,26,26.2,40.5,34,374,3060,34,35,18,53,31,4,4,78,0,1.03,0.53,1.56,0.91,1.44,/en/squads/2818f8bc/2014-2015/Hertha-BSC-Stats
GER-Bundesliga,1415,Hoffenheim,23,24.8,49.0,34,374,3060,34,48,33,81,44,4,5,68,0,1.41,0.97,2.38,1.29,2.26,/en/squads/033ea6b8/2014-2015/Hoffenheim-Stats
GER-Bundesliga,1415,Köln,23,25.1,42.8,34,374,3060,34,33,20,53,29,4,4,48,0,0.97,0.59,1.56,0.85,1.44,/en/squads/bc357bf7/2014-2015/Koln-Stats
GER-Bundesliga,1415,Leverkusen,22,24.9,51.7,34,374,3060,34,62,36,98,62,0,1,80,0,1.82,1.06,2.88,1.82,2.88,/en/squads/c7a9f859/2014-2015/Leverkusen-Stats
GER-Bundesliga,1415,Mainz 05,29,25.3,48.9,34,374,3060,34,44,26,70,39,5,5,52,0,1.29,0.76,2.06,1.15,1.91,/en/squads/a224b06a/2014-2015/Mainz-05-Stats
GER-Bundesliga,1415,Paderborn 07,24,26.8,43.2,34,374,3060,34,30,21,51,29,1,1,53,0,0.88,0.62,1.5,0.85,1.47,/en/squads/d9f93f02/2014-2015/Paderborn-07-Stats
GER-Bundesliga,1415,Schalke 04,29,25.2,51.1,34,374,3060,34,40,29,69,38,2,3,68,0,1.18,0.85,2.03,1.12,1.97,/en/squads/c539e393/2014-2015/Schalke-04-Stats
GER-Bundesliga,1415,Stuttgart,24,24.9,47.5,34,374,3060,34,41,29,70,40,1,1,64,0,1.21,0.85,2.06,1.18,2.03,/en/squads/598bc722/2014-2015/Stuttgart-Stats
GER-Bundesliga,1415,Werder Bremen,31,25.7,43.4,34,374,3060,34,49,36,85,45,4,5,70,0,1.44,1.06,2.5,1.32,2.38,/en/squads/62add3bf/2014-2015/Werder-Bremen-Stats
GER-Bundesliga,1415,Wolfsburg,22,26.1,54.9,34,374,3060,34,71,50,121,68,3,4,45,0,2.09,1.47,3.56,2.0,3.47,/en/squads/4eaa11d7/2014-2015/Wolfsburg-Stats
GER-Bundesliga,1516,Augsburg,27,27.4,46.9,34,374,3060,34,40,20,60,33,7,7,82,0,1.18,0.59,1.76,0.97,1.56,/en/squads/0cdc4311/2015-2016/Augsburg-Stats
GER-Bundesliga,1516,Bayern Munich,25,26.8,70.1,34,374,3060,34,79,54,133,71,8,9,50,0,2.32,1.59,3.91,2.09,3.68,/en/squads/054efa67/2015-2016/Bayern-Munich-Stats
GER-Bundesliga,1516,Darmstadt 98,23,27.5,33.2,34,374,3060,34,38,30,68,36,2,4,88,0,1.12,0.88,2.0,1.06,1.94,/en/squads/6a6967fc/2015-2016/Darmstadt-98-Stats
GER-Bundesliga,1516,Dortmund,26,25.6,63.9,34,374,3060,34,80,64,144,76,4,6,39,,2.35,1.88,4.24,2.24,4.12,/en/squads/add600ae/2015-2016/Dortmund-Stats
GER-Bundesliga,1516,Frankfurt,30,26.7,48.0,34,374,3060,34,32,25,57,30,2,2,99,0,0.94,0.74,1.68,0.88,1.62,/en/squads/f0ac8ee6/2015-2016/Eintracht-Frankfurt-Stats
GER-Bundesliga,1516,Gladbach,26,24.9,56.0,34,374,3060,34,64,47,111,60,4,5,49,0,1.88,1.38,3.26,1.76,3.15,/en/squads/32f3ee20/2015-2016/Monchengladbach-Stats
GER-Bundesliga,1516,Hamburger SV,28,27.1,48.7,34,374,3060,34,37,26,63,34,3,3,75,0,1.09,0.76,1.85,1.0,1.76,/en/squads/26790c6a/2015-2016/Hamburger-SV-Stats
GER-Bundesliga,1516,Hannover 96,33,25.6,45.9,34,374,3060,34,30,21,51,28,2,3,66,0,0.88,0.62,1.5,0.82,1.44,/en/squads/60b5e41f/2015-2016/Hannover-96-Stats
GER-Bundesliga,1516,Hertha BSC,26,26.1,49.7,34,374,3060,34,41,31,72,38,3,3,71,0,1.21,0.91,2.12,1.12,2.03,/en/squads/2818f8bc/2015-2016/Hertha-BSC-Stats
GER-Bundesliga,1516,Hoffenheim,26,24.1,46.1,34,374,3060,34,39,26,65,36,3,6,63,0,1.15,0.76,1.91,1.06,1.82,/en/squads/033ea6b8/2015-2016/Hoffenheim-Stats
GER-Bundesliga,1516,Ingolstadt,25,26.3,45.2,34,374,3060,34,33,20,53,24,9,10,83,0,0.97,0.59,1.56,0.71,1.29,/en/squads/12eb2039/2015-2016/Ingolstadt-Stats
GER-Bundesliga,1516,Köln,23,25.1,45.2,34,374,3060,34,38,30,68,35,3,4,56,0,1.12,0.88,2.0,1.03,1.91,/en/squads/bc357bf7/2015-2016/Koln-Stats
GER-Bundesliga,1516,Leverkusen,27,24.1,53.1,34,374,3060,34,51,36,87,49,2,3,70,0,1.5,1.06,2.56,1.44,2.5,/en/squads/c7a9f859/2015-2016/Leverkusen-Stats
GER-Bundesliga,1516,Mainz 05,29,25.0,46.1,34,374,3060,34,46,31,77,45,1,1,54,0,1.35,0.91,2.26,1.32,2.24,/en/squads/a224b06a/2015-2016/Mainz-05-Stats
GER-Bundesliga,1516,Schalke 04,28,24.9,52.2,34,374,3060,34,47,37,84,44,3,5,64,0,1.38,1.09,2.47,1.29,2.38,/en/squads/c539e393/2015-2016/Schalke-04-Stats
GER-Bundesliga,1516,Stuttgart,31,26.0,47.9,34,374,3060,34,48,34,82,44,4,4,72,0,1.41,1.0,2.41,1.29,2.29,/en/squads/598bc722/2015-2016/Stuttgart-Stats
GER-Bundesliga,1516,Werder Bremen,30,26.6,44.9,34,374,3060,34,49,32,81,43,6,9,80,0,1.44,0.94,2.38,1.26,2.21,/en/squads/62add3bf/2015-2016/Werder-Bremen-Stats
GER-Bundesliga,1516,Wolfsburg,29,27.0,57.6,34,374,3060,34,46,39,85,43,3,3,59,0,1.35,1.15,2.5,1.26,2.41,/en/squads/4eaa11d7/2015-2016/Wolfsburg-Stats
GER-Bundesliga,1617,Augsburg,28,27.1,41.9,34,374,3060,34,35,22,57,32,3,4,71,2,1.03,0.65,1.68,0.94,1.59,/en/squads/0cdc4311/2016-2017/Augsburg-Stats
GER-Bundesliga,1617,Bayern Munich,22,28.0,69.0,34,374,3060,34,88,64,152,83,5,5,47,0,2.59,1.88,4.47,2.44,4.32,/en/squads/054efa67/2016-2017/Bayern-Munich-Stats
GER-Bundesliga,1617,Darmstadt 98,31,27.6,38.3,34,374,3060,34,28,16,44,23,5,7,76,5,0.82,0.47,1.29,0.68,1.15,/en/squads/6a6967fc/2016-2017/Darmstadt-98-Stats
GER-Bundesliga,1617,Dortmund,27,25.3,62.0,34,374,3060,34,71,49,120,66,5,7,57,,2.09,1.44,3.53,1.94,3.38,/en/squads/add600ae/2016-2017/Dortmund-Stats
GER-Bundesliga,1617,Frankfurt,26,25.9,49.9,34,374,3060,34,35,24,59,33,2,6,86,1,1.03,0.71,1.74,0.97,1.68,/en/squads/f0ac8ee6/2016-2017/Eintracht-Frankfurt-Stats
GER-Bundesliga,1617,Freiburg,25,24.7,46.7,34,374,3060,34,42,28,70,36,6,8,56,0,1.24,0.82,2.06,1.06,1.88,/en/squads/a486e511/2016-2017/Freiburg-Stats
GER-Bundesliga,1617,Gladbach,24,25.3,53.9,34,374,3060,34,44,27,71,43,1,4,50,2,1.29,0.79,2.09,1.26,2.06,/en/squads/32f3ee20/2016-2017/Monchengladbach-Stats
GER-Bundesliga,1617,Hamburger SV,29,25.8,43.8,34,374,3060,34,32,26,58,32,0,2,77,2,0.94,0.76,1.71,0.94,1.71,/en/squads/26790c6a/2016-2017/Hamburger-SV-Stats
GER-Bundesliga,1617,Hertha BSC,26,27.1,48.5,34,374,3060,34,42,26,68,37,5,5,67,2,1.24,0.76,2.0,1.09,1.85,/en/squads/2818f8bc/2016-2017/Hertha-BSC-Stats
GER-Bundesliga,1617,Hoffenheim,23,25.0,56.2,34,374,3060,34,64,47,111,59,5,5,63,0,1.88,1.38,3.26,1.74,3.12,/en/squads/033ea6b8/2016-2017/Hoffenheim-Stats
GER-Bundesliga,1617,Ingolstadt,22,26.9,45.9,34,374,3060,34,35,20,55,29,6,8,75,3,1.03,0.59,1.62,0.85,1.44,/en/squads/12eb2039/2016-2017/Ingolstadt-Stats
GER-Bundesliga,1617,Köln,26,26.2,43.4,34,374,3060,34,49,36,85,46,3,4,74,1,1.44,1.06,2.5,1.35,2.41,/en/squads/bc357bf7/2016-2017/Koln-Stats
GER-Bundesliga,1617,Leverkusen,24,24.2,54.3,34,374,3060,34,53,39,92,49,4,9,56,3,1.56,1.15,2.71,1.44,2.59,/en/squads/c7a9f859/2016-2017/Leverkusen-Stats
GER-Bundesliga,1617,Mainz 05,28,25.1,46.0,34,374,3060,34,43,28,71,36,7,7,73,3,1.26,0.82,2.09,1.06,1.88,/en/squads/a224b06a/2016-2017/Mainz-05-Stats
GER-Bundesliga,1617,RB Leipzig,23,24.0,53.0,34,374,3060,34,62,49,111,59,3,4,68,1,1.82,1.44,3.26,1.74,3.18,/en/squads/acbb6a5b/2016-2017/RB-Leipzig-Stats
GER-Bundesliga,1617,Schalke 04,29,25.3,51.8,34,374,3060,34,45,30,75,43,2,4,69,0,1.32,0.88,2.21,1.26,2.15,/en/squads/c539e393/2016-2017/Schalke-04-Stats
GER-Bundesliga,1617,Werder Bremen,31,27.0,44.6,34,374,3060,34,61,39,100,55,6,6,67,0,1.79,1.15,2.94,1.62,2.76,/en/squads/62add3bf/2016-2017/Werder-Bremen-Stats
GER-Bundesliga,1617,Wolfsburg,31,25.7,51.7,34,374,3060,34,32,23,55,29,3,3,69,2,0.94,0.68,1.62,0.85,1.53,/en/squads/4eaa11d7/2016-2017/Wolfsburg-Stats
GER-Bundesliga,1718,Augsburg,27,26.6,45.7,34,374,3060,34,41,30,71,37,4,4,68,,1.21,0.88,2.09,1.09,1.97,/en/squads/0cdc4311/2017-2018/Augsburg-Stats
GER-Bundesliga,1718,Bayern Munich,28,27.4,66.1,34,374,3060,34,90,72,162,84,6,8,42,,2.65,2.12,4.76,2.47,4.59,/en/squads/054efa67/2017-2018/Bayern-Munich-Stats
GER-Bundesliga,1718,Dortmund,30,25.9,59.1,34,374,3060,34,62,44,106,59,3,6,41,,1.82,1.29,3.12,1.74,3.03,/en/squads/add600ae/2017-2018/Dortmund-Stats
GER-Bundesliga,1718,Frankfurt,28,26.4,47.9,34,374,3060,34,44,34,78,42,2,2,72,,1.29,1.0,2.29,1.24,2.24,/en/squads/f0ac8ee6/2017-2018/Eintracht-Frankfurt-Stats
GER-Bundesliga,1718,Freiburg,29,24.8,44.8,34,374,3060,34,32,21,53,26,6,10,56,,0.94,0.62,1.56,0.76,1.38,/en/squads/a486e511/2017-2018/Freiburg-Stats
GER-Bundesliga,1718,Gladbach,27,25.7,52.0,34,374,3060,34,46,26,72,40,6,7,47,,1.35,0.76,2.12,1.18,1.94,/en/squads/32f3ee20/2017-2018/Monchengladbach-Stats
GER-Bundesliga,1718,Hamburger SV,29,25.0,49.0,34,374,3060,34,28,18,46,25,3,5,63,,0.82,0.53,1.35,0.74,1.26,/en/squads/26790c6a/2017-2018/Hamburger-SV-Stats
GER-Bundesliga,1718,Hannover 96,26,26.4,46.9,34,374,3060,34,44,26,70,40,4,5,63,,1.29,0.76,2.06,1.18,1.94,/en/squads/60b5e41f/2017-2018/Hannover-96-Stats
GER-Bundesliga,1718,Hertha BSC,25,26.4,46.1,34,374,3060,34,43,32,75,39,4,5,49,,1.26,0.94,2.21,1.15,2.09,/en/squads/2818f8bc/2017-2018/Hertha-BSC-Stats
GER-Bundesliga,1718,Hoffenheim,26,25.0,51.2,34,374,3060,34,64,47,111,60,4,5,71,,1.88,1.38,3.26,1.76,3.15,/en/squads/033ea6b8/2017-2018/Hoffenheim-Stats
GER-Bundesliga,1718,Köln,31,25.3,47.4,34,374,3060,34,33,24,57,30,3,3,70,,0.97,0.71,1.68,0.88,1.59,/en/squads/bc357bf7/2017-2018/Koln-Stats
GER-Bundesliga,1718,Leverkusen,24,24.0,54.6,34,374,3060,34,58,46,104,55,3,5,57,,1.71,1.35,3.06,1.62,2.97,/en/squads/c7a9f859/2017-2018/Leverkusen-Stats
GER-Bundesliga,1718,Mainz 05,27,25.3,44.4,34,374,3060,34,38,27,65,34,4,4,63,,1.12,0.79,1.91,1.0,1.79,/en/squads/a224b06a/2017-2018/Mainz-05-Stats
GER-Bundesliga,1718,RB Leipzig,23,23.4,55.0,34,374,3060,34,57,43,100,53,4,5,48,,1.68,1.26,2.94,1.56,2.82,/en/squads/acbb6a5b/2017-2018/RB-Leipzig-Stats
GER-Bundesliga,1718,Schalke 04,24,26.1,46.6,34,374,3060,34,50,33,83,40,10,10,66,,1.47,0.97,2.44,1.18,2.15,/en/squads/c539e393/2017-2018/Schalke-04-Stats
GER-Bundesliga,1718,Stuttgart,26,25.6,46.6,34,374,3060,34,35,22,57,34,1,3,59,,1.03,0.65,1.68,1.0,1.65,/en/squads/598bc722/2017-2018/Stuttgart-Stats
GER-Bundesliga,1718,Werder Bremen,25,26.3,47.4,34,374,3060,34,34,27,61,34,0,0,55,,1.0,0.79,1.79,1.0,1.79,/en/squads/62add3bf/2017-2018/Werder-Bremen-Stats
GER-Bundesliga,1718,Wolfsburg,29,25.1,49.3,34,374,3060,34,36,26,62,35,1,6,65,,1.06,0.76,1.82,1.03,1.79,/en/squads/4eaa11d7/2017-2018/Wolfsburg-Stats
GER-Bundesliga,1819,Augsburg,30,26.5,46.4,34,374,3060,34,50,33,83,45,5,5,55,1,1.47,0.97,2.44,1.32,2.29,/en/squads/0cdc4311/2018-2019/Augsburg-Stats
GER-Bundesliga,1819,Bayern Munich,24,27.4,65.7,34,374,3060,34,86,62,148,83,3,4,44,2,2.53,1.82,4.35,2.44,4.26,/en/squads/054efa67/2018-2019/Bayern-Munich-Stats
GER-Bundesliga,1819,Dortmund,23,24.8,58.1,34,374,3060,34,80,60,140,76,4,4,40,3,2.35,1.76,4.12,2.24,4.0,/en/squads/add600ae/2018-2019/Dortmund-Stats
GER-Bundesliga,1819,Düsseldorf,24,26.9,43.2,34,374,3060,34,48,35,83,43,5,7,67,1,1.41,1.03,2.44,1.26,2.29,/en/squads/b1278397/2018-2019/Dusseldorf-Stats
GER-Bundesliga,1819,Frankfurt,30,26.4,47.2,34,374,3060,34,60,42,102,56,4,4,60,3,1.76,1.24,3.0,1.65,2.88,/en/squads/f0ac8ee6/2018-2019/Eintracht-Frankfurt-Stats
GER-Bundesliga,1819,Freiburg,28,25.8,44.0,34,374,3060,34,44,25,69,39,5,6,57,3,1.29,0.74,2.03,1.15,1.88,/en/squads/a486e511/2018-2019/Freiburg-Stats
GER-Bundesliga,1819,Gladbach,22,26.5,53.1,34,374,3060,34,53,43,96,49,4,7,43,0,1.56,1.26,2.82,1.44,2.71,/en/squads/32f3ee20/2018-2019/Monchengladbach-Stats
GER-Bundesliga,1819,Hannover 96,32,26.3,46.3,34,374,3060,34,30,20,50,27,3,3,64,4,0.88,0.59,1.47,0.79,1.38,/en/squads/60b5e41f/2018-2019/Hannover-96-Stats
GER-Bundesliga,1819,Hertha BSC,26,25.9,47.9,34,374,3060,34,49,32,81,45,4,4,67,5,1.44,0.94,2.38,1.32,2.26,/en/squads/2818f8bc/2018-2019/Hertha-BSC-Stats
GER-Bundesliga,1819,Hoffenheim,29,25.5,53.8,34,374,3060,34,69,49,118,63,6,7,69,2,2.03,1.44,3.47,1.85,3.29,/en/squads/033ea6b8/2018-2019/Hoffenheim-Stats
GER-Bundesliga,1819,Leverkusen,21,25.3,59.8,34,374,3060,34,68,51,119,64,4,5,50,1,2.0,1.5,3.5,1.88,3.38,/en/squads/c7a9f859/2018-2019/Leverkusen-Stats
GER-Bundesliga,1819,Mainz 05,28,24.2,46.1,34,374,3060,34,44,30,74,41,3,3,56,0,1.29,0.88,2.18,1.21,2.09,/en/squads/a224b06a/2018-2019/Mainz-05-Stats
GER-Bundesliga,1819,Nürnberg,27,24.9,42.4,34,374,3060,34,25,16,41,23,2,6,59,4,0.74,0.47,1.21,0.68,1.15,/en/squads/6f2c108c/2018-2019/Nurnberg-Stats
GER-Bundesliga,1819,RB Leipzig,23,24.0,49.6,34,374,3060,34,63,41,104,58,5,7,61,1,1.85,1.21,3.06,1.71,2.91,/en/squads/acbb6a5b/2018-2019/RB-Leipzig-Stats
GER-Bundesliga,1819,Schalke 04,32,25.8,45.4,34,374,3060,34,37,23,60,30,7,9,73,5,1.09,0.68,1.76,0.88,1.56,/en/squads/c539e393/2018-2019/Schalke-04-Stats
GER-Bundesliga,1819,Stuttgart,26,26.3,45.9,34,374,3060,34,32,26,58,31,1,1,66,5,0.94,0.76,1.71,0.91,1.68,/en/squads/598bc722/2018-2019/Stuttgart-Stats
GER-Bundesliga,1819,Werder Bremen,24,27.1,52.1,34,374,3060,34,57,38,95,53,4,4,64,3,1.68,1.12,2.79,1.56,2.68,/en/squads/62add3bf/2018-2019/Werder-Bremen-Stats
GER-Bundesliga,1819,Wolfsburg,25,25.4,53.3,34,374,3060,34,59,38,97,54,5,5,62,0,1.74,1.12,2.85,1.59,2.71,/en/squads/4eaa11d7/2018-2019/Wolfsburg-Stats
GER-Bundesliga,1920,Augsburg,28,26.2,38.6,34,374,3060,34,45,29,74,42,3,5,68,2,1.32,0.85,2.18,1.24,2.09,/en/squads/0cdc4311/2019-2020/Augsburg-Stats
GER-Bundesliga,1920,Bayern Munich,29,26.7,65.1,34,374,3060,34,97,75,172,91,6,6,54,3,2.85,2.21,5.06,2.68,4.88,/en/squads/054efa67/2019-2020/Bayern-Munich-Stats
GER-Bundesliga,1920,Dortmund,27,25.8,60.4,34,374,3060,34,84,74,158,82,2,2,49,1,2.47,2.18,4.65,2.41,4.59,/en/squads/add600ae/2019-2020/Dortmund-Stats
GER-Bundesliga,1920,Düsseldorf,28,27.1,45.6,34,374,3060,34,36,26,62,32,4,4,78,0,1.06,0.76,1.82,0.94,1.71,/en/squads/b1278397/2019-2020/Dusseldorf-Stats
GER-Bundesliga,1920,Frankfurt,27,27.0,50.9,34,374,3060,34,57,45,102,55,2,2,71,4,1.68,1.32,3.0,1.62,2.94,/en/squads/f0ac8ee6/2019-2020/Eintracht-Frankfurt-Stats
GER-Bundesliga,1920,Freiburg,26,26.4,48.1,34,374,3060,34,46,27,73,41,5,6,43,2,1.35,0.79,2.15,1.21,2.0,/en/squads/a486e511/2019-2020/Freiburg-Stats
GER-Bundesliga,1920,Gladbach,25,26.3,52.4,34,374,3060,34,64,53,117,60,4,6,77,3,1.88,1.56,3.44,1.76,3.32,/en/squads/32f3ee20/2019-2020/Monchengladbach-Stats
GER-Bundesliga,1920,Hertha BSC,32,26.2,44.7,34,374,3060,34,45,35,80,42,3,3,78,4,1.32,1.03,2.35,1.24,2.26,/en/squads/2818f8bc/2019-2020/Hertha-BSC-Stats
GER-Bundesliga,1920,Hoffenheim,31,26.0,51.6,34,374,3060,34,52,36,88,49,3,4,66,2,1.53,1.06,2.59,1.44,2.5,/en/squads/033ea6b8/2019-2020/Hoffenheim-Stats
GER-Bundesliga,1920,Köln,29,25.6,46.7,34,374,3060,34,50,38,88,48,2,4,79,4,1.47,1.12,2.59,1.41,2.53,/en/squads/bc357bf7/2019-2020/Koln-Stats
GER-Bundesliga,1920,Leverkusen,24,26.1,63.2,34,374,3060,34,57,48,105,55,2,2,61,6,1.68,1.41,3.09,1.62,3.03,/en/squads/c7a9f859/2019-2020/Leverkusen-Stats
GER-Bundesliga,1920,Mainz 05,25,24.6,43.2,34,374,3060,34,42,34,76,39,3,3,75,3,1.24,1.0,2.24,1.15,2.15,/en/squads/a224b06a/2019-2020/Mainz-05-Stats
GER-Bundesliga,1920,Paderborn 07,27,25.7,45.9,34,374,3060,34,37,26,63,35,2,4,84,3,1.09,0.76,1.85,1.03,1.79,/en/squads/d9f93f02/2019-2020/Paderborn-07-Stats
GER-Bundesliga,1920,RB Leipzig,29,24.2,55.3,34,374,3060,34,81,58,139,76,5,5,53,3,2.38,1.71,4.09,2.24,3.94,/en/squads/acbb6a5b/2019-2020/RB-Leipzig-Stats
GER-Bundesliga,1920,Schalke 04,29,24.6,49.0,34,374,3060,34,35,25,60,33,2,2,64,2,1.03,0.74,1.76,0.97,1.71,/en/squads/c539e393/2019-2020/Schalke-04-Stats
GER-Bundesliga,1920,Union Berlin,26,27.7,41.9,34,374,3060,34,38,27,65,34,4,5,71,5,1.12,0.79,1.91,1.0,1.79,/en/squads/7a41008f/2019-2020/Union-Berlin-Stats
GER-Bundesliga,1920,Werder Bremen,30,26.7,48.8,34,374,3060,34,40,30,70,37,3,6,80,4,1.18,0.88,2.06,1.09,1.97,/en/squads/62add3bf/2019-2020/Werder-Bremen-Stats
GER-Bundesliga,1920,Wolfsburg,26,26.0,48.4,34,374,3060,34,48,33,81,44,4,4,71,4,1.41,0.97,2.38,1.29,2.26,/en/squads/4eaa11d7/2019-2020/Wolfsburg-Stats
GER-Bundesliga,2021,Arminia,26,26.0,42.3,34,374,3060,34,23,16,39,22,1,2,52,1,0.68,0.47,1.15,0.65,1.12,/en/squads/247c4b67/2020-2021/Arminia-Bielefeld-Stats
GER-Bundesliga,2021,Augsburg,25,27.0,41.4,34,374,3060,34,35,23,58,33,2,5,71,4,1.03,0.68,1.71,0.97,1.65,/en/squads/0cdc4311/2020-2021/Augsburg-Stats
GER-Bundesliga,2021,Bayern Munich,29,27.3,60.7,34,374,3060,34,98,75,173,89,9,10,44,3,2.88,2.21,5.09,2.62,4.82,/en/squads/054efa67/2020-2021/Bayern-Munich-Stats
GER-Bundesliga,2021,Dortmund,26,25.6,59.6,34,374,3060,34,74,57,131,71,3,7,44,1,2.18,1.68,3.85,2.09,3.76,/en/squads/add600ae/2020-2021/Dortmund-Stats
GER-Bundesliga,2021,Frankfurt,25,27.2,53.7,34,374,3060,34,63,52,115,55,8,8,82,1,1.85,1.53,3.38,1.62,3.15,/en/squads/f0ac8ee6/2020-2021/Eintracht-Frankfurt-Stats
GER-Bundesliga,2021,Freiburg,24,26.2,47.3,34,374,3060,34,51,34,85,45,6,6,62,0,1.5,1.0,2.5,1.32,2.32,/en/squads/a486e511/2020-2021/Freiburg-Stats
GER-Bundesliga,2021,Gladbach,23,26.9,51.7,34,374,3060,34,63,44,107,53,10,11,61,2,1.85,1.29,3.15,1.56,2.85,/en/squads/32f3ee20/2020-2021/Monchengladbach-Stats
GER-Bundesliga,2021,Hertha BSC,32,25.4,49.6,34,374,3060,34,40,29,69,36,4,6,67,3,1.18,0.85,2.03,1.06,1.91,/en/squads/2818f8bc/2020-2021/Hertha-BSC-Stats
GER-Bundesliga,2021,Hoffenheim,30,25.7,51.2,34,374,3060,34,51,38,89,46,5,6,68,4,1.5,1.12,2.62,1.35,2.47,/en/squads/033ea6b8/2020-2021/Hoffenheim-Stats
GER-Bundesliga,2021,Köln,28,24.9,46.3,34,374,3060,34,33,23,56,29,4,6,63,1,0.97,0.68,1.65,0.85,1.53,/en/squads/bc357bf7/2020-2021/Koln-Stats
GER-Bundesliga,2021,Leverkusen,30,25.4,59.7,34,374,3060,34,52,41,93,49,3,3,58,0,1.53,1.21,2.74,1.44,2.65,/en/squads/c7a9f859/2020-2021/Leverkusen-Stats
GER-Bundesliga,2021,Mainz 05,31,25.8,40.7,34,374,3060,34,39,23,62,34,5,5,63,1,1.15,0.68,1.82,1.0,1.68,/en/squads/a224b06a/2020-2021/Mainz-05-Stats
GER-Bundesliga,2021,RB Leipzig,25,25.0,59.7,34,374,3060,34,59,44,103,51,8,10,57,0,1.74,1.29,3.03,1.5,2.79,/en/squads/acbb6a5b/2020-2021/RB-Leipzig-Stats
GER-Bundesliga,2021,Schalke 04,42,25.9,44.7,34,374,3060,34,24,20,44,24,0,3,74,2,0.71,0.59,1.29,0.71,1.29,/en/squads/c539e393/2020-2021/Schalke-04-Stats
GER-Bundesliga,2021,Stuttgart,29,24.1,51.5,34,374,3060,34,54,42,96,48,6,8,65,2,1.59,1.24,2.82,1.41,2.65,/en/squads/598bc722/2020-2021/Stuttgart-Stats
GER-Bundesliga,2021,Union Berlin,27,27.3,44.9,34,374,3060,34,50,39,89,45,5,7,57,2,1.47,1.15,2.62,1.32,2.47,/en/squads/7a41008f/2020-2021/Union-Berlin-Stats
GER-Bundesliga,2021,Werder Bremen,27,26.3,43.9,34,374,3060,34,35,25,60,30,5,5,67,3,1.03,0.74,1.76,0.88,1.62,/en/squads/62add3bf/2020-2021/Werder-Bremen-Stats
GER-Bundesliga,2021,Wolfsburg,26,25.6,51.1,34,374,3060,34,57,48,105,55,2,3,58,3,1.68,1.41,3.09,1.62,3.03,/en/squads/4eaa11d7/2020-2021/Wolfsburg-Stats
GER-Bundesliga,2122,Arminia,26,25.8,40.7,34,374,3060,34,26,18,44,24,2,2,55,2,0.76,0.53,1.29,0.71,1.24,/en/squads/247c4b67/2021-2022/Arminia-Bielefeld-Stats
GER-Bundesliga,2122,Augsburg,26,26.6,41.5,34,374,3060,34,39,26,65,34,5,5,74,0,1.15,0.76,1.91,1.0,1.76,/en/squads/0cdc4311/2021-2022/Augsburg-Stats
GER-Bundesliga,2122,Bayern Munich,30,26.8,64.5,34,374,3060,34,92,70,162,87,5,5,36,2,2.71,2.06,4.76,2.56,4.62,/en/squads/054efa67/2021-2022/Bayern-Munich-Stats
GER-Bundesliga,2122,Bochum,28,28.0,44.7,34,374,3060,34,37,22,59,33,4,6,55,2,1.09,0.65,1.74,0.97,1.62,/en/squads/b42c6323/2021-2022/Bochum-Stats
GER-Bundesliga,2122,Dortmund,33,25.9,59.2,34,374,3060,34,81,57,138,70,11,11,63,1,2.38,1.68,4.06,2.06,3.74,/en/squads/add600ae/2021-2022/Dortmund-Stats
GER-Bundesliga,2122,Frankfurt,27,26.2,49.6,34,374,3060,34,43,33,76,42,1,2,61,1,1.26,0.97,2.24,1.24,2.21,/en/squads/f0ac8ee6/2021-2022/Eintracht-Frankfurt-Stats
GER-Bundesliga,2122,Freiburg,26,26.5,49.0,34,374,3060,34,55,37,92,50,5,6,34,0,1.62,1.09,2.71,1.47,2.56,/en/squads/a486e511/2021-2022/Freiburg-Stats
GER-Bundesliga,2122,Gladbach,26,26.0,54.0,34,374,3060,34,54,38,92,49,5,7,67,1,1.59,1.12,2.71,1.44,2.56,/en/squads/32f3ee20/2021-2022/Monchengladbach-Stats
GER-Bundesliga,2122,Greuther Fürth,29,25.9,43.6,34,374,3060,34,26,15,41,21,5,5,61,0,0.76,0.44,1.21,0.62,1.06,/en/squads/12192a4c/2021-2022/Greuther-Furth-Stats
GER-Bundesliga,2122,Hertha BSC,36,26.7,43.7,34,374,3060,34,35,23,58,32,3,3,62,2,1.03,0.68,1.71,0.94,1.62,/en/squads/2818f8bc/2021-2022/Hertha-BSC-Stats
GER-Bundesliga,2122,Hoffenheim,32,26.1,53.2,34,374,3060,34,55,42,97,55,0,0,75,0,1.62,1.24,2.85,1.62,2.85,/en/squads/033ea6b8/2021-2022/Hoffenheim-Stats
GER-Bundesliga,2122,Köln,26,27.0,54.8,34,374,3060,34,52,40,92,51,1,1,68,1,1.53,1.18,2.71,1.5,2.68,/en/squads/bc357bf7/2021-2022/Koln-Stats
GER-Bundesliga,2122,Leverkusen,29,24.4,53.7,34,374,3060,34,76,58,134,74,2,6,66,2,2.24,1.71,3.94,2.18,3.88,/en/squads/c7a9f859/2021-2022/Leverkusen-Stats
GER-Bundesliga,2122,Mainz 05,28,26.2,46.5,34,374,3060,34,49,36,85,45,4,4,62,4,1.44,1.06,2.5,1.32,2.38,/en/squads/a224b06a/2021-2022/Mainz-05-Stats
GER-Bundesliga,2122,RB Leipzig,29,25.3,56.1,34,374,3060,34,72,53,125,64,8,9,49,0,2.12,1.56,3.68,1.88,3.44,/en/squads/acbb6a5b/2021-2022/RB-Leipzig-Stats
GER-Bundesliga,2122,Stuttgart,34,24.0,50.7,34,374,3060,34,40,31,71,39,1,3,64,2,1.18,0.91,2.09,1.15,2.06,/en/squads/598bc722/2021-2022/Stuttgart-Stats
GER-Bundesliga,2122,Union Berlin,28,28.3,43.7,34,374,3060,34,50,33,83,45,5,5,62,1,1.47,0.97,2.44,1.32,2.29,/en/squads/7a41008f/2021-2022/Union-Berlin-Stats
GER-Bundesliga,2122,Wolfsburg,30,26.0,50.5,34,374,3060,34,42,25,67,39,3,4,61,3,1.24,0.74,1.97,1.15,1.88,/en/squads/4eaa11d7/2021-2022/Wolfsburg-Stats
GER-Bundesliga,2223,Augsburg,34,25.9,41.7,34,374,3060,34,41,29,70,37,4,5,96,5,1.21,0.85,2.06,1.09,1.94,/en/squads/0cdc4311/2022-2023/Augsburg-Stats
GER-Bundesliga,2223,Bayern Munich,28,26.6,64.2,34,374,3060,34,90,67,157,87,3,5,49,3,2.65,1.97,4.62,2.56,4.53,/en/squads/054efa67/2022-2023/Bayern-Munich-Stats
GER-Bundesliga,2223,Bochum,26,29.4,46.1,34,374,3060,34,37,28,65,34,3,3,64,1,1.09,0.82,1.91,1.0,1.82,/en/squads/b42c6323/2022-2023/Bochum-Stats
GER-Bundesliga,2223,Dortmund,30,25.8,58.2,34,374,3060,34,81,61,142,77,4,6,66,0,2.38,1.79,4.18,2.26,4.06,/en/squads/add600ae/2022-2023/Dortmund-Stats
GER-Bundesliga,2223,Frankfurt,28,26.4,52.9,34,374,3060,34,56,33,89,50,6,6,71,1,1.65,0.97,2.62,1.47,2.44,/en/squads/f0ac8ee6/2022-2023/Eintracht-Frankfurt-Stats
GER-Bundesliga,2223,Freiburg,27,27.4,48.1,34,374,3060,34,51,34,85,44,7,8,62,2,1.5,1.0,2.5,1.29,2.29,/en/squads/a486e511/2022-2023/Freiburg-Stats
GER-Bundesliga,2223,Gladbach,27,26.8,53.7,34,374,3060,34,52,39,91,48,4,6,62,3,1.53,1.15,2.68,1.41,2.56,/en/squads/32f3ee20/2022-2023/Monchengladbach-Stats
GER-Bundesliga,2223,Hertha BSC,32,26.0,42.0,34,374,3060,34,42,23,65,35,7,7,82,1,1.24,0.68,1.91,1.03,1.71,/en/squads/2818f8bc/2022-2023/Hertha-BSC-Stats
GER-Bundesliga,2223,Hoffenheim,31,26.8,48.3,34,374,3060,34,46,30,76,39,7,9,80,5,1.35,0.88,2.24,1.15,2.03,/en/squads/033ea6b8/2022-2023/Hoffenheim-Stats
GER-Bundesliga,2223,Köln,27,26.0,49.9,34,374,3060,34,46,31,77,42,4,4,75,3,1.35,0.91,2.26,1.24,2.15,/en/squads/bc357bf7/2022-2023/Koln-Stats
GER-Bundesliga,2223,Leverkusen,27,24.7,52.0,34,374,3060,34,57,44,101,52,5,7,75,7,1.68,1.29,2.97,1.53,2.82,/en/squads/c7a9f859/2022-2023/Leverkusen-Stats
GER-Bundesliga,2223,Mainz 05,27,27.0,44.8,34,374,3060,34,54,35,89,50,4,6,69,1,1.59,1.03,2.62,1.47,2.5,/en/squads/a224b06a/2022-2023/Mainz-05-Stats
GER-Bundesliga,2223,RB Leipzig,25,26.3,58.1,34,374,3060,34,64,39,103,58,6,7,69,2,1.88,1.15,3.03,1.71,2.85,/en/squads/acbb6a5b/2022-2023/RB-Leipzig-Stats
GER-Bundesliga,2223,Schalke 04,35,27.5,46.0,34,374,3060,34,32,24,56,28,4,5,68,1,0.94,0.71,1.65,0.82,1.53,/en/squads/c539e393/2022-2023/Schalke-04-Stats
GER-Bundesliga,2223,Stuttgart,30,24.7,50.2,34,374,3060,34,45,34,79,40,5,5,72,5,1.32,1.0,2.32,1.18,2.18,/en/squads/598bc722/2022-2023/Stuttgart-Stats
GER-Bundesliga,2223,Union Berlin,28,27.9,43.8,34,374,3060,34,49,38,87,46,3,7,65,2,1.44,1.12,2.56,1.35,2.47,/en/squads/7a41008f/2022-2023/Union-Berlin-Stats
GER-Bundesliga,2223,Werder Bremen,25,27.4,49.3,34,374,3060,34,50,37,87,45,5,6,76,1,1.47,1.09,2.56,1.32,2.41,/en/squads/62add3bf/2022-2023/Werder-Bremen-Stats
GER-Bundesliga,2223,Wolfsburg,28,24.8,50.6,34,374,3060,34,55,44,99,51,4,7,63,0,1.62,1.29,2.91,1.5,2.79,/en/squads/4eaa11d7/2022-2023/Wolfsburg-Stats
GER-Bundesliga,2324,Augsburg,29,26.0,43.9,34,374,3060,34,49,35,84,44,5,7,71,3,1.44,1.03,2.47,1.29,2.32,/en/squads/0cdc4311/2023-2024/Augsburg-Stats
GER-Bundesliga,2324,Bayern Munich,30,27.4,61.3,34,374,3060,34,93,71,164,88,5,5,47,2,2.74,2.09,4.82,2.59,4.68,/en/squads/054efa67/2023-2024/Bayern-Munich-Stats
GER-Bundesliga,2324,Bochum,25,29.1,46.6,34,374,3060,34,41,30,71,37,4,4,97,2,1.21,0.88,2.09,1.09,1.97,/en/squads/b42c6323/2023-2024/Bochum-Stats
GER-Bundesliga,2324,Darmstadt 98,32,27.1,45.7,34,374,3060,34,28,21,49,25,3,3,83,4,0.82,0.62,1.44,0.74,1.35,/en/squads/6a6967fc/2023-2024/Darmstadt-98-Stats
GER-Bundesliga,2324,Dortmund,32,26.8,57.8,34,374,3060,34,68,49,117,62,6,6,59,4,2.0,1.44,3.44,1.82,3.26,/en/squads/add600ae/2023-2024/Dortmund-Stats
GER-Bundesliga,2324,Frankfurt,34,25.3,52.1,34,374,3060,34,48,36,84,46,2,3,70,5,1.41,1.06,2.47,1.35,2.41,/en/squads/f0ac8ee6/2023-2024/Eintracht-Frankfurt-Stats
GER-Bundesliga,2324,Freiburg,25,27.0,46.6,34,374,3060,34,43,32,75,36,7,9,64,4,1.26,0.94,2.21,1.06,2.0,/en/squads/a486e511/2023-2024/Freiburg-Stats
GER-Bundesliga,2324,Gladbach,27,25.4,46.8,34,374,3060,34,55,43,98,50,5,6,66,2,1.62,1.26,2.88,1.47,2.74,/en/squads/32f3ee20/2023-2024/Monchengladbach-Stats
GER-Bundesliga,2324,Heidenheim,22,26.7,42.5,34,374,3060,34,46,34,80,44,2,3,54,1,1.35,1.0,2.35,1.29,2.29,/en/squads/18d9d2a7/2023-2024/Heidenheim-Stats
GER-Bundesliga,2324,Hoffenheim,30,27.7,49.5,34,374,3060,34,65,47,112,59,6,6,86,5,1.91,1.38,3.29,1.74,3.12,/en/squads/033ea6b8/2023-2024/Hoffenheim-Stats
GER-Bundesliga,2324,Köln,26,25.4,46.5,34,374,3060,34,28,17,45,23,5,6,71,4,0.82,0.5,1.32,0.68,1.18,/en/squads/bc357bf7/2023-2024/Koln-Stats
GER-Bundesliga,2324,Leverkusen,24,26.2,61.8,34,374,3060,34,87,71,158,79,8,8,59,0,2.56,2.09,4.65,2.32,4.41,/en/squads/c7a9f859/2023-2024/Leverkusen-Stats
GER-Bundesliga,2324,Mainz 05,30,26.7,46.1,34,374,3060,34,38,31,69,37,1,5,99,3,1.12,0.91,2.03,1.09,2.0,/en/squads/a224b06a/2023-2024/Mainz-05-Stats
GER-Bundesliga,2324,RB Leipzig,26,25.6,55.3,34,374,3060,34,74,53,127,70,4,7,61,1,2.18,1.56,3.74,2.06,3.62,/en/squads/acbb6a5b/2023-2024/RB-Leipzig-Stats
GER-Bundesliga,2324,Stuttgart,27,25.0,59.9,34,374,3060,34,78,60,138,73,5,8,56,1,2.29,1.76,4.06,2.15,3.91,/en/squads/598bc722/2023-2024/Stuttgart-Stats
GER-Bundesliga,2324,Union Berlin,30,28.1,42.9,34,374,3060,34,33,23,56,30,3,6,67,7,0.97,0.68,1.65,0.88,1.56,/en/squads/7a41008f/2023-2024/Union-Berlin-Stats
GER-Bundesliga,2324,Werder Bremen,30,27.0,46.8,34,374,3060,34,45,33,78,40,5,6,73,2,1.32,0.97,2.29,1.18,2.15,/en/squads/62add3bf/2023-2024/Werder-Bremen-Stats
GER-Bundesliga,2324,Wolfsburg,28,25.6,48.0,34,374,3060,34,41,27,68,39,2,3,86,5,1.21,0.79,2.0,1.15,1.94,/en/squads/4eaa11d7/2023-2024/Wolfsburg-Stats
GER-Bundesliga,2425,Augsburg,29,26.8,44.3,34,374,3060,34,35,26,61,34,1,2,78,5,1.03,0.76,1.79,1.0,1.76,/en/squads/0cdc4311/2024-2025/Augsburg-Stats
GER-Bundesliga,2425,Bayern Munich,29,27.7,67.9,34,374,3060,34,96,66,162,87,9,10,48,1,2.82,1.94,4.76,2.56,4.5,/en/squads/054efa67/2024-2025/Bayern-Munich-Stats
GER-Bundesliga,2425,Bochum,27,28.0,45.5,34,374,3060,34,32,23,55,31,1,3,71,2,0.94,0.68,1.62,0.91,1.59,/en/squads/b42c6323/2024-2025/Bochum-Stats
GER-Bundesliga,2425,Dortmund,28,26.6,58.9,34,374,3060,34,69,56,125,64,5,6,71,6,2.03,1.65,3.68,1.88,3.53,/en/squads/add600ae/2024-2025/Dortmund-Stats
GER-Bundesliga,2425,Frankfurt,26,24.9,49.7,34,374,3060,34,68,47,115,65,3,5,55,1,2.0,1.38,3.38,1.91,3.29,/en/squads/f0ac8ee6/2024-2025/Eintracht-Frankfurt-Stats
GER-Bundesliga,2425,Freiburg,26,27.1,48.7,34,374,3060,34,46,35,81,46,0,4,54,2,1.35,1.03,2.38,1.35,2.38,/en/squads/a486e511/2024-2025/Freiburg-Stats
GER-Bundesliga,2425,Gladbach,26,26.5,49.6,34,374,3060,34,53,39,92,49,4,5,53,3,1.56,1.15,2.71,1.44,2.59,/en/squads/32f3ee20/2024-2025/Monchengladbach-Stats
GER-Bundesliga,2425,Heidenheim,27,26.8,43.5,34,374,3060,34,37,26,63,32,5,5,66,1,1.09,0.76,1.85,0.94,1.71,/en/squads/18d9d2a7/2024-2025/Heidenheim-Stats
GER-Bundesliga,2425,Hoffenheim,35,26.4,48.7,34,374,3060,34,46,30,76,43,3,3,66,2,1.35,0.88,2.24,1.26,2.15,/en/squads/033ea6b8/2024-2025/Hoffenheim-Stats
GER-Bundesliga,2425,Holstein Kiel,27,25.6,43.6,34,374,3060,34,49,29,78,45,4,5,77,4,1.44,0.85,2.29,1.32,2.18,/en/squads/2ac661d9/2024-2025/Holstein-Kiel-Stats
GER-Bundesliga,2425,Leverkusen,23,27.0,59.2,34,374,3060,34,70,53,123,67,3,6,62,1,2.06,1.56,3.62,1.97,3.53,/en/squads/c7a9f859/2024-2025/Leverkusen-Stats
GER-Bundesliga,2425,Mainz 05,25,27.4,50.4,34,374,3060,34,53,37,90,49,4,4,71,5,1.56,1.09,2.65,1.44,2.53,/en/squads/a224b06a/2024-2025/Mainz-05-Stats
GER-Bundesliga,2425,RB Leipzig,29,25.3,52.2,34,374,3060,34,51,36,87,48,3,4,68,5,1.5,1.06,2.56,1.41,2.47,/en/squads/acbb6a5b/2024-2025/RB-Leipzig-Stats
GER-Bundesliga,2425,St Pauli,28,26.9,44.2,34,374,3060,34,26,22,48,25,1,2,53,4,0.76,0.65,1.41,0.74,1.38,/en/squads/54864664/2024-2025/St-Pauli-Stats
GER-Bundesliga,2425,Stuttgart,29,24.9,57.2,34,374,3060,34,61,45,106,59,2,6,72,5,1.79,1.32,3.12,1.74,3.06,/en/squads/598bc722/2024-2025/Stuttgart-Stats
GER-Bundesliga,2425,Union Berlin,28,27.2,40.0,34,374,3060,34,36,25,61,33,3,3,72,1,1.06,0.74,1.79,0.97,1.71,/en/squads/7a41008f/2024-2025/Union-Berlin-Stats
GER-Bundesliga,2425,Werder Bremen,23,27.5,50.0,34,374,3060,34,53,38,91,50,3,5,75,4,1.56,1.12,2.68,1.47,2.59,/en/squads/62add3bf/2024-2025/Werder-Bremen-Stats
GER-Bundesliga,2425,Wolfsburg,27,25.2,46.1,34,374,3060,34,53,38,91,49,4,5,75,3,1.56,1.12,2.68,1.44,2.56,/en/squads/4eaa11d7/2024-2025/Wolfsburg-Stats
GER-Bundesliga,2526,Augsburg,29,25.9,44.0,34,374,3060,34,45,27,72,41,4,6,82,1,1.32,0.79,2.12,1.21,2.0,/en/squads/0cdc4311/2025-2026/Augsburg-Stats
GER-Bundesliga,2526,Bayern Munich,32,27.4,67.5,34,374,3060,34,119,91,210,108,11,12,58,2,3.5,2.68,6.18,3.18,5.85,/en/squads/054efa67/2025-2026/Bayern-Munich-Stats
GER-Bundesliga,2526,Dortmund,27,26.2,53.3,34,374,3060,34,69,51,120,63,6,9,63,2,2.03,1.5,3.53,1.85,3.35,/en/squads/add600ae/2025-2026/Dortmund-Stats
GER-Bundesliga,2526,Frankfurt,29,24.8,55.0,34,374,3060,34,61,42,103,55,6,6,62,4,1.79,1.24,3.03,1.62,2.85,/en/squads/f0ac8ee6/2025-2026/Eintracht-Frankfurt-Stats
GER-Bundesliga,2526,Freiburg,26,26.7,48.2,34,374,3060,34,49,29,78,44,5,6,51,3,1.44,0.85,2.29,1.29,2.15,/en/squads/a486e511/2025-2026/Freiburg-Stats
GER-Bundesliga,2526,Gladbach,28,26.0,46.7,34,374,3060,34,40,29,69,36,4,7,60,3,1.18,0.85,2.03,1.06,1.91,/en/squads/32f3ee20/2025-2026/Monchengladbach-Stats
GER-Bundesliga,2526,Hamburger SV,32,25.8,45.4,34,374,3060,34,40,30,70,36,4,6,78,8,1.18,0.88,2.06,1.06,1.94,/en/squads/26790c6a/2025-2026/Hamburger-SV-Stats
GER-Bundesliga,2526,Heidenheim,30,26.6,42.4,34,374,3060,34,41,28,69,39,2,2,48,1,1.21,0.82,2.03,1.15,1.97,/en/squads/18d9d2a7/2025-2026/Heidenheim-Stats
GER-Bundesliga,2526,Hoffenheim,26,26.7,55.3,34,374,3060,34,61,45,106,55,6,6,73,3,1.79,1.32,3.12,1.62,2.94,/en/squads/033ea6b8/2025-2026/Hoffenheim-Stats
GER-Bundesliga,2526,Köln,27,25.0,47.0,34,374,3060,34,47,33,80,44,3,3,64,3,1.38,0.97,2.35,1.29,2.26,/en/squads/bc357bf7/2025-2026/Koln-Stats
GER-Bundesliga,2526,Leverkusen,28,26.3,59.2,34,374,3060,34,67,49,116,60,7,8,70,2,1.97,1.44,3.41,1.76,3.21,/en/squads/c7a9f859/2025-2026/Leverkusen-Stats
GER-Bundesliga,2526,Mainz 05,30,28.6,44.0,34,374,3060,34,44,26,70,36,8,9,70,5,1.29,0.76,2.06,1.06,1.82,/en/squads/a224b06a/2025-2026/Mainz-05-Stats
GER-Bundesliga,2526,RB Leipzig,29,25.0,54.0,34,374,3060,34,64,48,112,63,1,3,52,0,1.88,1.41,3.29,1.85,3.26,/en/squads/acbb6a5b/2025-2026/RB-Leipzig-Stats
GER-Bundesliga,2526,St Pauli,24,27.5,44.4,34,374,3060,34,29,21,50,25,4,5,54,2,0.85,0.62,1.47,0.74,1.35,/en/squads/54864664/2025-2026/St-Pauli-Stats
GER-Bundesliga,2526,Stuttgart,26,25.5,57.7,34,374,3060,34,70,56,126,65,5,7,63,2,2.06,1.65,3.71,1.91,3.56,/en/squads/598bc722/2025-2026/Stuttgart-Stats
GER-Bundesliga,2526,Union Berlin,26,27.2,40.2,34,374,3060,34,44,29,73,41,3,5,71,3,1.29,0.85,2.15,1.21,2.06,/en/squads/7a41008f/2025-2026/Union-Berlin-Stats
GER-Bundesliga,2526,Werder Bremen,28,25.1,51.2,34,374,3060,34,36,28,64,33,3,4,77,5,1.06,0.82,1.88,0.97,1.79,/en/squads/62add3bf/2025-2026/Werder-Bremen-Stats
GER-Bundesliga,2526,Wolfsburg,30,25.4,45.3,34,374,3060,34,44,35,79,40,4,5,68,3,1.29,1.03,2.32,1.18,2.21,/en/squads/4eaa11d7/2025-2026/Wolfsburg-Stats
